t_center,sensor_id,sensor_type,span_id,f_mean,f_std,f_rms,f_p2p,f_slope,fft_low,fft_mid,fft_high,label_rule
2025-10-10 12:00:02.500,SG_001,strain_gauge,SPAN_1,123.98227582352942,5.148447357519606,124.0870319295328,25.694040000000015,-0.014363584434388713,33795.80049626702,0.0,0.0,0
2025-10-10 12:00:05.500,SG_001,strain_gauge,SPAN_1,124.24583682352939,5.230542310220676,124.35372973189436,25.694040000000015,0.07189470841629113,34882.18039523601,0.0,0.0,0
2025-10-10 12:00:08.500,SG_001,strain_gauge,SPAN_1,126.14350819607843,4.922059955247835,126.23761840826073,21.61456600000001,0.04666468371040911,30889.009608894252,0.0,0.0,0
2025-10-10 12:00:11.500,SG_001,strain_gauge,SPAN_1,127.1415179607843,4.835695760465192,127.23164321020263,23.655761999999996,0.004620487511312799,29814.5406969208,0.0,0.0,0
2025-10-10 12:00:14.500,SG_001,strain_gauge,SPAN_1,127.7225448235294,4.956929003635272,127.81681350348948,22.177515999999997,0.04291522497737648,31328.210062527723,0.0,0.0,0
2025-10-10 12:00:17.500,SG_001,strain_gauge,SPAN_1,126.87391250980392,5.540608836462243,126.9924647113586,29.445190999999994,-0.0881474232579165,39140.39150532146,0.0,0.0,0
2025-10-10 12:00:20.500,SG_001,strain_gauge,SPAN_1,126.8281542745098,5.661929498314133,126.95199716805236,24.50776400000001,0.08338451447964017,40873.243195946656,0.0,0.0,0
2025-10-10 12:00:23.500,SG_001,strain_gauge,SPAN_1,127.85130766666667,4.812802627131075,127.94008661626873,18.928718000000003,0.0072696127601819035,29532.913137842716,0.0,0.0,0
2025-10-10 12:00:26.500,SG_001,strain_gauge,SPAN_1,127.94865311764707,4.430202036984962,128.0238246876257,19.453674000000007,0.05164016298642621,25024.02986284477,0.0,0.0,0
2025-10-10 12:00:29.500,SG_001,strain_gauge,SPAN_1,127.92380094117648,4.933806775919335,128.01704571506235,25.996156000000013,-0.05145896597284875,31036.622860187115,0.0,0.0,0
2025-10-10 12:00:32.500,SG_001,strain_gauge,SPAN_1,126.65258998039216,4.917379502331034,126.7461440836936,23.787056000000007,-0.033743265248868046,30830.2919916804,0.0,0.0,0
2025-10-10 12:00:35.500,SG_001,strain_gauge,SPAN_1,127.74057256862746,5.085988182750106,127.83979800699653,20.148467999999994,0.09552857502262466,32980.77663871901,0.0,0.0,0
2025-10-10 12:00:38.500,SG_001,strain_gauge,SPAN_1,128.10301005882354,5.351873346324923,128.21256613862673,23.949187999999992,-0.042610571674205996,36519.24910175649,0.0,0.0,0
2025-10-10 12:00:41.500,SG_001,strain_gauge,SPAN_1,127.31545219607844,5.7936622967900835,127.44462610713437,25.895272000000006,0.047561750497739204,42797.31658178985,0.0,0.0,0
2025-10-10 12:00:44.500,SG_001,strain_gauge,SPAN_1,127.35312221568627,5.629169856151368,127.47503271927023,25.895272000000006,0.013598075565611578,40401.630418489105,0.0,0.0,0
2025-10-10 12:00:47.500,SG_001,strain_gauge,SPAN_1,126.75480407843135,5.056425043920117,126.85364192228224,20.584758000000008,-0.06872263737556342,32598.47863659777,0.0,0.0,0
2025-10-10 12:00:50.500,SG_001,strain_gauge,SPAN_1,125.96382815686276,4.953208848456793,126.05926866976343,23.119754000000015,0.04025981294117661,31281.204317949105,0.0,0.0,0
2025-10-10 12:00:53.500,SG_001,strain_gauge,SPAN_1,125.90155943137253,4.37603747117039,125.97609648980779,21.532200999999986,-0.018953194660632788,24415.872535086357,0.0,0.0,0
2025-10-10 12:00:56.500,SG_001,strain_gauge,SPAN_1,125.08502650980392,5.045226795419921,125.18473974966327,22.741442000000006,-0.008114973393665152,32454.24960695952,0.0,0.0,0
2025-10-10 12:00:59.500,SG_001,strain_gauge,SPAN_1,124.03475352941174,5.653876371656909,124.16102291209741,26.00392099999999,-0.05623170515836962,40757.05548312488,0.0,0.0,0
2025-10-10 12:01:02.500,SG_001,strain_gauge,SPAN_1,123.49443082352941,4.8929550649203675,123.58942520353656,26.00392099999999,-0.001229102081445873,30524.78681584559,0.0,0.0,0
2025-10-10 12:01:05.500,SG_001,strain_gauge,SPAN_1,123.38345447058825,4.111912786369305,123.45061011531483,21.94387900000001,-0.018770440090497498,21557.479122451907,0.0,0.0,0
2025-10-10 12:01:08.500,SG_001,strain_gauge,SPAN_1,122.04920335294118,3.7604261844865543,122.10598500273662,19.68834299999999,-0.048180899547510155,18029.52648843944,0.0,0.0,0
2025-10-10 12:01:11.500,SG_001,strain_gauge,SPAN_1,122.1672180980392,5.256251007286752,122.27802592269285,26.124578999999997,0.09690324144796458,35225.922680793825,0.0,0.0,0
2025-10-10 12:01:14.500,SG_001,strain_gauge,SPAN_1,122.62323011764705,5.864616288737784,122.76064476024169,28.958888,-0.07194772841628906,43851.998373013885,0.0,0.0,0
2025-10-10 12:01:17.500,SG_001,strain_gauge,SPAN_1,120.92015541176471,5.1903534981786175,121.02931679336263,25.933751,0.025915666877828373,34348.20603097014,0.0,0.0,0
2025-10-10 12:01:20.500,SG_001,strain_gauge,SPAN_1,121.45712100000001,4.849961913930538,121.5520183046288,23.227784999999997,-0.051827669230768814,29990.716472385364,0.0,0.0,0
2025-10-10 12:01:23.500,SG_001,strain_gauge,SPAN_1,120.94270843137255,5.296451837264113,121.05635496611133,23.227784999999997,0.06722639954751142,35766.812632184454,0.0,0.0,0
2025-10-10 12:01:26.500,SG_001,strain_gauge,SPAN_1,122.22309503921569,5.180451916028349,122.33068227441655,19.943821,0.06434433583710464,34217.279619209294,0.0,0.0,0
2025-10-10 12:01:29.500,SG_001,strain_gauge,SPAN_1,121.2032125882353,5.574163237808166,121.32881272153182,27.774623000000005,-0.12412761909502071,39615.90214720832,0.0,0.0,0
2025-10-10 12:01:32.500,SG_001,strain_gauge,SPAN_1,119.12323735294117,5.299788597750884,119.23876339617883,27.774623000000005,0.018181102895927295,35811.8929555841,0.0,0.0,0
2025-10-10 12:01:35.500,SG_001,strain_gauge,SPAN_1,120.93699639215686,4.903094182012038,121.03440027465119,20.31629500000001,0.08817473076923057,30651.42401104237,0.0,0.0,0
2025-10-10 12:01:38.500,SG_001,strain_gauge,SPAN_1,119.98196425490195,4.7588726346269326,120.07445423139396,22.515014000000008,-0.10649635538461519,28874.757659566367,0.0,0.0,0
2025-10-10 12:01:41.500,SG_001,strain_gauge,SPAN_1,120.09663992156862,4.241010949932611,120.17003130669615,19.891785999999996,0.07363842914027294,22932.371693746587,0.0,0.0,0
2025-10-10 12:01:44.500,SG_001,strain_gauge,SPAN_1,121.10469831372549,4.578039121216194,121.18950221040966,19.042477000000005,-0.02071817665158349,26722.013799117074,0.0,0.0,0
2025-10-10 12:01:47.500,SG_001,strain_gauge,SPAN_1,121.480509,5.226888512565989,121.59070168816145,22.152084000000016,0.031586082714932885,34833.463491562725,0.0,0.0,0
2025-10-10 12:01:50.500,SG_001,strain_gauge,SPAN_1,122.9219318235294,4.952250121646434,123.01969446568991,20.348663000000016,0.07511606235294263,31269.096115867575,0.0,0.0,0
2025-10-10 12:01:53.500,SG_001,strain_gauge,SPAN_1,122.56833454901962,5.087777773891272,122.67181647922658,19.33514500000001,-0.07371517873303107,33003.99041254008,0.0,0.0,0
2025-10-10 12:01:56.500,SG_001,strain_gauge,SPAN_1,122.23808378431373,5.0345889857140484,122.33968780336453,19.69826599999999,0.0042937220814483635,32317.53497521835,0.0,0.0,0
2025-10-10 12:01:59.500,SG_001,strain_gauge,SPAN_1,123.01634237254902,4.51203492738073,123.09744012136024,18.930782000000008,0.024334636832580612,25957.035462027136,0.0,0.0,0
2025-10-10 12:02:02.500,SG_001,strain_gauge,SPAN_1,123.46942549019606,4.3604567963317615,123.54488981333687,18.930782000000008,-0.05612296063348356,24242.31892766171,0.0,0.0,0
2025-10-10 12:02:05.500,SG_001,strain_gauge,SPAN_1,124.83541321568626,5.2833328265780315,124.94497458035065,21.399026000000006,0.18096564461538514,35589.84733940618,0.0,0.0,0
2025-10-10 12:02:08.500,SG_001,strain_gauge,SPAN_1,127.30883672549018,5.408170848669005,127.42140606669506,20.168594000000013,0.022583863981901646,37291.597708701374,0.0,0.0,0
2025-10-10 12:02:11.500,SG_001,strain_gauge,SPAN_1,127.4474662352941,4.890046521889412,127.53940697351345,17.703468,-0.023316259095022128,30488.507607459487,0.0,0.0,0
2025-10-10 12:02:14.500,SG_001,strain_gauge,SPAN_1,126.03898135294119,4.716189645655266,126.1254579333321,20.989581,-0.03174778977375588,28359.11708657708,0.0,0.0,0
2025-10-10 12:02:17.500,SG_001,strain_gauge,SPAN_1,127.10620164705882,4.835991607031033,127.19636294709656,22.723673000000005,0.12011938190045324,29818.188899675108,0.0,0.0,0
2025-10-10 12:02:20.500,SG_001,strain_gauge,SPAN_1,127.44776356862745,4.15450979560559,127.51413239269675,17.50528899999999,-0.03829889656108515,22006.43834327308,0.0,0.0,0
2025-10-10 12:02:23.500,SG_001,strain_gauge,SPAN_1,127.55521774509803,5.14856728751604,127.65704665001981,26.58976299999999,0.0858782795475113,33797.375020452346,0.0,0.0,0
2025-10-10 12:02:26.500,SG_001,strain_gauge,SPAN_1,128.6768107254902,4.970003067912526,128.77087487863162,20.872666999999993,-0.07410711963800917,31493.6863812014,0.0,0.0,0
2025-10-10 12:02:29.500,SG_001,strain_gauge,SPAN_1,127.21835813725491,5.290810602291226,127.32617345994463,24.808029999999988,-0.0983837396380081,35690.662957379485,0.0,0.0,0
2025-10-10 12:02:32.500,SG_001,strain_gauge,SPAN_1,126.42576249019608,5.253311275569564,126.5327213706432,23.035830999999988,0.02123848633484236,35186.53118148356,0.0,0.0,0
2025-10-10 12:02:35.500,SG_001,strain_gauge,SPAN_1,126.29899680392157,4.783431275520808,126.38777297339591,22.286605999999992,-0.03974758307692183,29173.548828729046,0.0,0.0,0
2025-10-10 12:02:38.500,SG_001,strain_gauge,SPAN_1,127.12063260784312,5.1749910570571585,127.22386041375897,22.189105000000012,0.11160775945701366,34145.1788617925,0.0,0.0,0
2025-10-10 12:02:41.500,SG_001,strain_gauge,SPAN_1,127.37535019607844,4.979121262202672,127.47072360099624,22.804719000000006,-0.028047319457011593,31609.351893241383,0.0,0.0,0
2025-10-10 12:02:44.500,SG_001,strain_gauge,SPAN_1,126.26903182352942,4.5377095847616005,126.34894326660744,23.871956999999995,-0.08031043755655876,26253.280551437554,0.0,0.0,0
2025-10-10 12:02:47.500,SG_001,strain_gauge,SPAN_1,125.78530884313724,4.771506786319924,125.87400359319238,24.802283000000003,0.06061639303167549,29028.278190168792,0.0,0.0,0
2025-10-10 12:02:50.500,SG_001,strain_gauge,SPAN_1,125.68074007843137,5.485228644369461,125.79803736302371,24.772644000000014,-0.05710123565610794,38361.859933289335,0.0,0.0,0
2025-10-10 12:02:53.500,SG_001,strain_gauge,SPAN_1,125.11323115686272,5.389008466604848,125.2269642820897,23.243265000000008,0.05595019438914164,37027.80062275189,0.0,0.0,0
2025-10-10 12:02:56.500,SG_001,strain_gauge,SPAN_1,125.84080976470587,4.359697157456293,125.91482706998832,23.243265000000008,-0.05301131212669534,24233.873113533904,0.0,0.0,0
2025-10-10 12:02:59.500,SG_001,strain_gauge,SPAN_1,125.3323191372549,4.55123031803609,125.41330777393983,21.304462000000015,0.036176638914027066,26409.96419495888,0.0,0.0,0
2025-10-10 12:03:02.500,SG_001,strain_gauge,SPAN_1,125.46326864705881,5.042142734011175,125.56256005979992,23.55402500000001,-0.09679179855203536,32414.584271430642,0.0,0.0,0
2025-10-10 12:03:05.500,SG_001,strain_gauge,SPAN_1,121.94961039215686,4.8529368966685,122.04424069605395,23.189047000000002,-0.11441892515836974,30027.52056688426,0.0,0.0,0
2025-10-10 12:03:08.500,SG_001,strain_gauge,SPAN_1,121.51228176470588,4.849872531218613,121.60713252925541,21.854166000000006,0.06971725085972906,29989.61105056276,0.0,0.0,0
2025-10-10 12:03:11.500,SG_001,strain_gauge,SPAN_1,122.61177233333335,4.79658305387885,122.70371959304642,24.71766000000001,0.001738714208146116,29334.191465766133,0.0,0.0,0
2025-10-10 12:03:14.500,SG_001,strain_gauge,SPAN_1,121.63185017647058,4.14010554301753,121.70090946059129,17.087696000000008,-0.036508770950224645,21854.1042318387,0.0,0.0,0
2025-10-10 12:03:17.500,SG_001,strain_gauge,SPAN_1,121.2886179019608,5.087090547515337,121.39316249867304,26.319942999999995,0.012125409683259734,32995.075054240355,0.0,0.0,0
2025-10-10 12:03:20.500,SG_001,strain_gauge,SPAN_1,120.39473549019608,5.0742892612761334,120.4995264490592,27.268158999999997,-0.07540595999999979,32829.22467155542,0.0,0.0,0
2025-10-10 12:03:23.500,SG_001,strain_gauge,SPAN_1,120.22282296078433,5.1623866438317965,120.33143746700685,22.448780999999983,0.027251877194571724,33979.05072202647,0.0,0.0,0
2025-10-10 12:03:26.500,SG_001,strain_gauge,SPAN_1,120.87465692156863,4.543462012681279,120.95834393434359,19.992175999999986,0.03663628126696914,26319.885002364226,0.0,0.0,0
2025-10-10 12:03:29.500,SG_001,strain_gauge,SPAN_1,120.75200790196077,5.569902760586031,120.87788432540084,26.396913999999995,-0.07836216298642378,39555.366372039454,0.0,0.0,0
2025-10-10 12:03:32.500,SG_001,strain_gauge,SPAN_1,120.49178756862744,5.33080366225966,120.60734278608442,25.026406999999992,0.014050929683258473,36232.27129909028,0.0,0.0,0
2025-10-10 12:03:35.500,SG_001,strain_gauge,SPAN_1,121.03050005882352,4.604315222776639,121.11633243457021,22.387925999999993,0.004757816832580506,27029.641305133173,0.0,0.0,0
2025-10-10 12:03:38.500,SG_001,strain_gauge,SPAN_1,120.73868274509803,4.85875854041456,120.83449074143148,22.671524000000005,-0.006454631312216756,30099.606556415572,0.0,0.0,0
2025-10-10 12:03:41.500,SG_001,strain_gauge,SPAN_1,121.23560639215684,4.987301056436395,121.33613526006997,26.325646000000006,0.05431112914027161,31713.294080102743,0.0,0.0,0
2025-10-10 12:03:44.500,SG_001,strain_gauge,SPAN_1,121.79112358823531,5.735560845963904,121.92345717944715,29.990959000000004,0.03532528941176636,41943.239227636564,0.0,0.0,0
2025-10-10 12:03:47.500,SG_001,strain_gauge,SPAN_1,121.63346743137252,6.077617495716398,121.78223832063081,34.478161,0.002162907058823632,47095.22889090353,0.0,0.0,0
2025-10-10 12:03:50.500,SG_001,strain_gauge,SPAN_1,121.89526762745098,4.597844870672111,121.98025223018371,22.38242299999999,0.002056481628959665,26953.726254826444,0.0,0.0,0
2025-10-10 12:03:53.500,SG_001,strain_gauge,SPAN_1,121.88825421568626,4.176631344526716,121.95838930155726,20.97296399999999,-0.015640308416289044,22241.417969805883,0.0,0.0,0
2025-10-10 12:03:56.500,SG_001,strain_gauge,SPAN_1,121.78829815686277,4.169137857039134,121.8582391985192,16.792253000000002,0.0047501140271489235,22161.680850520996,0.0,0.0,0
2025-10-10 12:03:59.500,SG_001,strain_gauge,SPAN_1,122.9578445490196,4.936038967483673,123.05494009552777,25.562359999999998,0.12564375981900572,31064.71287785954,0.0,0.0,0
2025-10-10 12:04:02.500,SG_001,strain_gauge,SPAN_1,124.98238282352942,4.108775035059245,125.04857867363,16.45231299999999,0.04201107285068073,21524.591168125782,0.0,0.0,0
2025-10-10 12:04:05.500,SG_001,strain_gauge,SPAN_1,125.65961690196077,4.671621431813316,125.7447233257261,18.828229000000007,0.10109196117647133,27825.6596727763,0.0,0.0,0
2025-10-10 12:04:08.500,SG_001,strain_gauge,SPAN_1,126.48722974509805,5.2159439021733185,126.59262185060939,17.618830000000003,-0.03344479945701393,34687.74025803925,0.0,0.0,0
2025-10-10 12:04:11.500,SG_001,strain_gauge,SPAN_1,127.00672407843138,5.197666578661963,127.11095145048473,24.454651999999996,0.04428456850678877,34445.065775247924,0.0,0.0,0
2025-10-10 12:04:14.500,SG_001,strain_gauge,SPAN_1,128.34922439215688,5.697503899534918,128.47314292006567,24.312284000000005,0.09724274153846234,41388.47712364988,0.0,0.0,0
2025-10-10 12:04:17.500,SG_001,strain_gauge,SPAN_1,127.33763870588237,6.3471918057385315,127.49263169648106,31.331469999999996,-0.04552211040723894,51365.725869013804,0.0,0.0,0
2025-10-10 12:04:20.500,SG_001,strain_gauge,SPAN_1,126.99729225490195,5.892973106233025,127.13126463600643,31.331469999999996,-0.015179394479637811,44277.09333925177,0.0,0.0,0
2025-10-10 12:04:23.500,SG_001,strain_gauge,SPAN_1,127.3446740980392,5.102264551651854,127.44484560656025,21.916974999999994,0.05001068253393703,33192.20703267994,0.0,0.0,0
2025-10-10 12:04:26.500,SG_001,strain_gauge,SPAN_1,127.70375686274508,5.18466871869363,127.80689821865418,29.357982000000007,-0.0072538965610846,34273.00689631532,0.0,0.0,0
2025-10-10 12:04:29.500,SG_001,strain_gauge,SPAN_1,128.17598815686276,4.324725321417337,128.24749689065789,18.787020999999996,0.07668755420814553,23846.642609778075,0.0,0.0,0
2025-10-10 12:04:32.500,SG_001,strain_gauge,SPAN_1,129.15772190196077,4.509546169875213,129.23488069532112,19.001813999999996,0.0012753399095039321,25928.40848925116,0.0,0.0,0
2025-10-10 12:04:35.500,SG_001,strain_gauge,SPAN_1,128.5563462745098,4.281989104734937,128.6262418011809,19.001813999999996,-0.043515691221717466,23377.674133662607,0.0,0.0,0
2025-10-10 12:04:38.500,SG_001,strain_gauge,SPAN_1,126.57356031372551,4.431837763837978,126.64960416505002,19.413319,-0.10151998334841501,25042.512105350022,0.0,0.0,0
2025-10-10 12:04:41.500,SG_001,strain_gauge,SPAN_1,125.95018274509806,4.5128845421420785,126.02942245599998,19.18306899999999,0.09214777710407226,25966.811785648762,0.0,0.0,0
2025-10-10 12:04:44.500,SG_001,strain_gauge,SPAN_1,127.1402067647059,5.765562000547994,127.26830745795867,23.379360000000005,-0.04763604633483976,42383.17410725779,0.0,0.0,0
2025-10-10 12:04:47.500,SG_001,strain_gauge,SPAN_1,125.69847409803921,5.980055671216946,125.83785701861366,25.226572000000004,-0.05451012950226097,45595.35893433879,0.0,0.0,0
2025-10-10 12:04:50.500,SG_001,strain_gauge,SPAN_1,124.28531419607843,5.142642174126915,124.38957966509976,19.60383300000001,-0.03760147656108405,33719.62987716374,0.0,0.0,0
2025-10-10 12:04:53.500,SG_001,strain_gauge,SPAN_1,124.87642588235295,5.17648674209721,124.98156801738105,21.884499000000005,0.031004027330318176,34164.919113662945,0.0,0.0,0
2025-10-10 12:04:56.500,SG_001,strain_gauge,SPAN_1,125.83289978431372,4.969377303623542,125.92906403566853,21.884499000000005,0.05972990262443415,31485.756251855197,0.0,0.0,0
2025-10-10 12:04:59.500,SG_001,strain_gauge,SPAN_1,125.8026856862745,4.823625458321302,125.8933154128781,20.542014999999992,-0.09833668271493039,29665.88726676087,0.0,0.0,0
2025-10-10 12:05:02.500,SG_001,strain_gauge,SPAN_1,122.72893678431373,5.002032590717841,122.82883073423778,24.06169900000002,-0.0695785441628946,31900.92079921937,0.0,0.0,0
2025-10-10 12:05:05.500,SG_001,strain_gauge,SPAN_1,122.14580156862745,4.912576951693832,122.242615519245,21.709522000000007,0.038070457828054946,30770.100690549665,0.0,0.0,0
2025-10-10 12:05:08.500,SG_001,strain_gauge,SPAN_1,121.74932349019609,5.1900369902958206,121.85772888056334,27.208035999999993,-0.025287252217194196,34344.017049814596,0.0,0.0,0
2025-10-10 12:05:11.500,SG_001,strain_gauge,SPAN_1,121.73009629411766,4.4033624600044545,121.8081514369023,22.931737,-0.016082118280540746,24721.741216575007,0.0,0.0,0
2025-10-10 12:05:14.500,SG_001,strain_gauge,SPAN_1,121.54919764705879,4.786002970205481,121.64153953013837,22.895995,0.023124544072399052,29204.92614928999,0.0,0.0,0
2025-10-10 12:05:17.500,SG_001,strain_gauge,SPAN_1,122.24029519607843,4.29603745261659,122.31428300196777,20.249509000000003,-0.04368149963800878,23531.32068771265,0.0,0.0,0
2025-10-10 12:05:20.500,SG_001,strain_gauge,SPAN_1,120.85654429411765,5.223781511869275,120.9671737921851,24.914538000000007,-0.009965346334840492,34792.06393677775,0.0,0.0,0
2025-10-10 12:05:23.500,SG_001,strain_gauge,SPAN_1,121.43115017647058,4.984658513370555,121.53141100603065,20.057461000000018,-0.02592667927601657,31679.69613101988,0.0,0.0,0
2025-10-10 12:05:26.500,SG_001,strain_gauge,SPAN_1,121.02101637254903,4.635949986416231,121.10803864204783,18.70648,0.002878127873303645,27402.341152604622,0.0,0.0,0
2025-10-10 12:05:29.500,SG_001,strain_gauge,SPAN_1,120.79927186274509,4.818894949081851,120.89346757661114,18.70648,-0.017867567511311234,29607.729376115367,0.0,0.0,0
2025-10-10 12:05:32.500,SG_001,strain_gauge,SPAN_1,120.46569288235297,5.2223368876563345,120.57661963813254,18.898673000000002,0.020558366787330595,34772.823274424474,0.0,0.0,0
2025-10-10 12:05:35.500,SG_001,strain_gauge,SPAN_1,120.00722360784313,4.991518377947503,120.10895236973145,20.62866599999998,-0.03596272995475031,31766.951039669282,0.0,0.0,0
2025-10-10 12:05:38.500,SG_001,strain_gauge,SPAN_1,119.92206225490196,5.10710510999267,120.02863040150562,22.420286000000004,0.010408905429865785,33255.21632075438,0.0,0.0,0
2025-10-10 12:05:41.500,SG_001,strain_gauge,SPAN_1,121.45455837254903,5.462537911151668,121.57493156562893,25.85852,0.0780859194570144,38045.13354923077,0.0,0.0,0
2025-10-10 12:05:44.500,SG_001,strain_gauge,SPAN_1,121.82588468627453,4.566691909385549,121.90976966343887,21.076329,-0.03659066552036093,26589.71061894046,0.0,0.0,0
2025-10-10 12:05:47.500,SG_001,strain_gauge,SPAN_1,121.45871288235296,4.330004228429477,121.5343582919985,20.701349000000008,0.030426200723982152,23904.894188226855,0.0,0.0,0
2025-10-10 12:05:50.500,SG_001,strain_gauge,SPAN_1,122.72417352941177,4.825566326564849,122.81714973423685,20.42345800000001,0.0592166369230789,29689.765224397626,0.0,0.0,0
2025-10-10 12:05:53.500,SG_001,strain_gauge,SPAN_1,121.91525296078431,5.540700554489903,122.03862633953074,28.269241000000008,-0.08523798054298481,39141.68735901901,0.0,0.0,0
2025-10-10 12:05:56.500,SG_001,strain_gauge,SPAN_1,121.7195322745098,5.363265203209869,121.83531975060941,26.87109199999999,0.049363352669683905,36674.88239095129,0.0,0.0,0
2025-10-10 12:05:59.500,SG_001,strain_gauge,SPAN_1,123.68663849019607,5.4853871080556225,123.80583194295819,25.475344000000007,0.011746583800905206,38364.07644965909,0.0,0.0,0
2025-10-10 12:06:02.500,SG_001,strain_gauge,SPAN_1,124.37189964705881,5.523241044699042,124.49207787178898,25.077797000000004,-0.06434372669683194,38895.394338256425,0.0,0.0,0
2025-10-10 12:06:05.500,SG_001,strain_gauge,SPAN_1,123.8599987254902,5.040622606994525,123.96051374083724,23.344268,0.05564073285067931,32395.042239333954,0.0,0.0,0
2025-10-10 12:06:08.500,SG_001,strain_gauge,SPAN_1,125.43707684313726,5.022645913950945,125.53562272286977,23.04777200000001,0.05227320841629028,32164.389270583357,0.0,0.0,0
2025-10-10 12:06:11.500,SG_001,strain_gauge,SPAN_1,126.43983488235293,4.816224454857592,126.52973183878127,19.563001000000014,0.04886462334841622,29574.92294944959,0.0,0.0,0
2025-10-10 12:06:14.500,SG_001,strain_gauge,SPAN_1,127.96547845098037,4.812186859797772,128.05415555907103,19.503763000000006,-0.0024650914027142977,29525.356526353185,0.0,0.0,0
2025-10-10 12:06:17.500,SG_001,strain_gauge,SPAN_1,126.65143203921569,5.4209935933129785,126.7651221356767,24.300353,-0.08791523927601809,37468.64371189396,0.0,0.0,0
2025-10-10 12:06:20.500,SG_001,strain_gauge,SPAN_1,126.24109054901963,4.820059185754898,126.33127231654761,24.182348999999988,0.08916787800905071,29622.037456579717,0.0,0.0,0
2025-10-10 12:06:23.500,SG_001,strain_gauge,SPAN_1,127.14637303921569,4.661314217933531,127.23011432434745,25.47380799999999,0.004689237194571458,27703.00905384433,0.0,0.0,0
2025-10-10 12:06:26.500,SG_001,strain_gauge,SPAN_1,127.48423311764704,4.798411098143978,127.57273602534906,24.894768,0.03149372217194566,29356.5550601589,0.0,0.0,0
2025-10-10 12:06:29.500,SG_001,strain_gauge,SPAN_1,127.13537976470587,5.413528017436405,127.24832588470727,25.121781999999996,-0.07453782968325703,37365.51413435039,0.0,0.0,0
2025-10-10 12:06:32.500,SG_001,strain_gauge,SPAN_1,126.93847694117646,5.004483227352592,127.03515539007981,20.09448499999999,0.025471660090499254,31932.1867753881,0.0,0.0,0
2025-10-10 12:06:35.500,SG_001,strain_gauge,SPAN_1,127.23351549019607,5.2920200859000195,127.34136725193262,21.139078999999995,-0.027833045429863063,35706.9826517008,0.0,0.0,0
2025-10-10 12:06:38.500,SG_001,strain_gauge,SPAN_1,126.23820517647059,5.274058687904801,126.34617024443197,25.637287,-0.022118366425338817,35465.011180416746,0.0,0.0,0
2025-10-10 12:06:41.500,SG_001,strain_gauge,SPAN_1,127.02165847058822,5.2842710864623,127.12937395234837,29.053656000000004,0.018105555475115026,35602.489166907355,0.0,0.0,0
2025-10-10 12:06:44.500,SG_001,strain_gauge,SPAN_1,127.02240180392158,4.867526854484007,127.11380260484496,20.990083,-0.029382402262442313,30208.342540881775,0.0,0.0,0
2025-10-10 12:06:47.500,SG_001,strain_gauge,SPAN_1,126.18617603921568,4.384048210266928,126.26081752366018,22.112819000000002,-0.04561601194570033,24505.34535517943,0.0,0.0,0
2025-10-10 12:06:50.500,SG_001,strain_gauge,SPAN_1,125.22796723529412,3.653864921220304,125.28021682512015,20.237674999999996,-0.059292609592759206,17022.17929971844,0.0,0.0,0
2025-10-10 12:06:53.500,SG_001,strain_gauge,SPAN_1,124.15760574509804,4.438992217320344,124.23537881995207,22.365697999999995,-0.05607899927601803,25123.431179423987,0.0,0.0,0
2025-10-10 12:06:56.500,SG_001,strain_gauge,SPAN_1,124.28405013725491,5.5874983760157395,124.4071263917427,28.339962999999997,0.09265258217194629,39805.67608002263,0.0,0.0,0
2025-10-10 12:06:59.500,SG_001,strain_gauge,SPAN_1,124.45991039215684,5.616231674188045,124.58407956601879,27.212373999999997,-0.07220686696832458,40216.124228145134,0.0,0.0,0
2025-10-10 12:07:02.500,SG_001,strain_gauge,SPAN_1,123.79071080392157,4.595703465322619,123.87431712998352,18.63180100000001,0.03878018090497816,26928.625185002355,0.0,0.0,0
2025-10-10 12:07:05.500,SG_001,strain_gauge,SPAN_1,123.54318213725492,4.994062735194664,123.64210238669487,23.417678999999993,-0.05385972651583522,31799.3448189015,0.0,0.0,0
2025-10-10 12:07:08.500,SG_001,strain_gauge,SPAN_1,122.99262870588237,4.9851261522081725,123.09163625023801,24.07435799999999,-0.00746728180995385,31685.64051062306,0.0,0.0,0
2025-10-10 12:07:11.500,SG_001,strain_gauge,SPAN_1,122.16438274509805,4.712054697592018,122.25344375114123,22.063984999999988,-0.0763459519457004,28309.410828201228,0.0,0.0,0
2025-10-10 12:07:14.500,SG_001,strain_gauge,SPAN_1,121.40543288235291,5.024281464936402,121.50731487807573,25.437255000000007,0.001961121085973794,32185.340404601924,0.0,0.0,0
2025-10-10 12:07:17.500,SG_001,strain_gauge,SPAN_1,120.69318139215687,5.971024457601355,120.83790004213373,25.768619,-0.0443455189140262,45457.74466842379,0.0,0.0,0
2025-10-10 12:07:20.500,SG_001,strain_gauge,SPAN_1,120.45348398039216,5.50674378387273,120.57682794561961,25.21105,-0.05369321484162852,38663.38955405669,0.0,0.0,0
2025-10-10 12:07:23.500,SG_001,strain_gauge,SPAN_1,120.16812476470588,5.204764396692367,120.27857919764529,23.975941000000006,0.03791582597285224,34539.204841972496,0.0,0.0,0
2025-10-10 12:07:26.500,SG_001,strain_gauge,SPAN_1,120.74491221568628,5.274761035336767,120.85781472000585,23.518802000000008,-0.02229677330316601,35474.45757438145,0.0,0.0,0
2025-10-10 12:07:29.500,SG_001,strain_gauge,SPAN_1,120.35677892156862,5.203043114117376,120.46698748290379,25.52387300000001,-0.009019496742080118,34516.363500389394,0.0,0.0,0
2025-10-10 12:07:32.500,SG_001,strain_gauge,SPAN_1,119.52561088235295,5.518218522960119,119.65042966583283,29.784784000000016,-0.05856081701357361,38824.687975603694,0.0,0.0,0
2025-10-10 12:07:35.500,SG_001,strain_gauge,SPAN_1,118.36142605882353,4.853690849690753,118.45895308418137,19.68706300000001,-0.037932098280542635,30036.851452073963,0.0,0.0,0
2025-10-10 12:07:38.500,SG_001,strain_gauge,SPAN_1,118.4374532745098,5.098854911562988,118.54500786010703,19.226933000000002,0.07987736533936728,33147.85979669176,0.0,0.0,0
2025-10-10 12:07:41.500,SG_001,strain_gauge,SPAN_1,120.51277027450982,4.719117750862942,120.6033216934677,21.332961999999995,0.018373801266969303,28394.342241799888,0.0,0.0,0
2025-10-10 12:07:44.500,SG_001,strain_gauge,SPAN_1,120.83077025490195,4.927587820077084,120.92923576080146,20.095011,0.08646835294117751,30958.430198829345,0.0,0.0,0
2025-10-10 12:07:47.500,SG_001,strain_gauge,SPAN_1,122.90479676470588,5.20202278004006,123.01268024122787,24.385836000000012,0.053911358733032426,34502.82728017103,0.0,0.0,0
2025-10-10 12:07:50.500,SG_001,strain_gauge,SPAN_1,122.43715115686274,5.044570818671973,122.53899258499841,24.312208000000012,-0.021696054932126632,32445.810799360945,0.0,0.0,0
2025-10-10 12:07:53.500,SG_001,strain_gauge,SPAN_1,122.36664366666668,4.344512106936234,122.44223198659843,19.08924300000001,0.012714774117648445,24065.35144532728,0.0,0.0,0
2025-10-10 12:07:56.500,SG_001,strain_gauge,SPAN_1,123.32065235294118,5.107333756281356,123.42429536783746,22.342872999999997,0.026999799909503668,33258.19407501506,0.0,0.0,0
2025-10-10 12:07:59.500,SG_001,strain_gauge,SPAN_1,123.54936845098038,4.7059761812151795,123.63720482527441,18.048574999999985,-0.030833964705881553,28236.42006815987,0.0,0.0,0
2025-10-10 12:08:02.500,SG_001,strain_gauge,SPAN_1,123.97800178431373,5.149584642775005,124.0828077667784,20.735405,0.07588644162896031,33810.733041207815,0.0,0.0,0
2025-10-10 12:08:05.500,SG_001,strain_gauge,SPAN_1,125.24152990196077,4.47879398598571,125.32001868157109,17.674548,0.0313815641628959,25575.984350349754,0.0,0.0,0
2025-10-10 12:08:08.500,SG_001,strain_gauge,SPAN_1,125.56902121568628,4.2737289478733835,125.6403029113413,24.129553,-0.004599328506786879,23287.56787786095,0.0,0.0,0
2025-10-10 12:08:11.500,SG_001,strain_gauge,SPAN_1,125.21059643137252,4.641675957788645,125.29491673792627,23.84670100000001,0.04926006018099715,27470.07351381925,0.0,0.0,0
2025-10-10 12:08:14.500,SG_001,strain_gauge,SPAN_1,125.1670040392157,4.489484980702826,125.24591478425613,19.00711799999999,0.03857176606334807,25698.231124744212,0.0,0.0,0
2025-10-10 12:08:17.500,SG_001,strain_gauge,SPAN_1,126.68874141176471,5.435091644375014,126.80298971892007,25.866568,0.11516898000000209,37663.78200801273,0.0,0.0,0
2025-10-10 12:08:20.500,SG_001,strain_gauge,SPAN_1,128.71784662745097,5.212464106641935,128.82127573365457,23.319903999999994,0.023186957918552624,34641.472130363894,0.0,0.0,0
2025-10-10 12:08:23.500,SG_001,strain_gauge,SPAN_1,127.63754070588236,5.1129379634616665,127.73790095813034,24.363383999999996,-0.07319090633484036,33331.2216382146,0.0,0.0,0
2025-10-10 12:08:26.500,SG_001,strain_gauge,SPAN_1,127.72067878431372,5.012048450419942,127.81705620702246,23.837568000000005,0.016761376923078396,32028.802828430096,0.0,0.0,0
2025-10-10 12:08:29.500,SG_001,strain_gauge,SPAN_1,128.17355474509807,5.481547406036089,128.28841854976298,26.475702000000013,-0.010702275746604517,38310.38650489175,0.0,0.0,0
2025-10-10 12:08:32.500,SG_001,strain_gauge,SPAN_1,129.0786057254902,5.614801846660212,129.1982751392426,22.623243000000002,0.033761822624435577,40195.64971600514,0.0,0.0,0
2025-10-10 12:08:35.500,SG_001,strain_gauge,SPAN_1,128.19832676470588,5.733217326445,128.3239504561579,19.387165999999993,-0.14479876778280518,41908.97066311765,0.0,0.0,0
2025-10-10 12:08:38.500,SG_001,strain_gauge,SPAN_1,127.15477241176472,4.9466217996807815,127.24906847865257,18.393640999999988,0.11802842108597342,31198.06071707335,0.0,0.0,0
2025-10-10 12:08:41.500,SG_001,strain_gauge,SPAN_1,128.15150221568626,5.314432380210615,128.25949057902804,20.961600999999987,-0.04083584696832466,36010.069192884606,0.0,0.0,0
2025-10-10 12:08:44.500,SG_001,strain_gauge,SPAN_1,126.25574729411765,4.8233471410939925,126.34604161701988,18.09331999999999,-0.07845446316741958,29662.463995461974,0.0,0.0,0
2025-10-10 12:08:47.500,SG_001,strain_gauge,SPAN_1,126.81110901960785,5.150989782070438,126.91363133084593,21.93186,0.039496980090498734,33829.187062117424,0.0,0.0,0
2025-10-10 12:08:50.500,SG_001,strain_gauge,SPAN_1,126.14292245098041,5.195229085079637,126.24776459838101,26.446473999999995,-0.04365175737556473,34412.7666892332,0.0,0.0,0
2025-10-10 12:08:53.500,SG_001,strain_gauge,SPAN_1,125.31913147058822,4.94925210762749,125.41490945242158,26.446473999999995,-0.031005998009048703,31231.247941690308,0.0,0.0,0
2025-10-10 12:08:56.500,SG_001,strain_gauge,SPAN_1,124.3463114901961,4.981190516011896,124.44408754654506,20.969883999999993,-0.02573949610859543,31635.63016992874,0.0,0.0,0
2025-10-10 12:08:59.500,SG_001,strain_gauge,SPAN_1,124.24981127450981,5.1850417755627465,124.35583263283057,22.804526999999993,-0.01382531601809867,34277.93922327186,0.0,0.0,0
2025-10-10 12:09:02.500,SG_001,strain_gauge,SPAN_1,123.78356554901961,4.858657717213836,123.87701474130579,20.00214899999999,-0.015268603981899356,30098.357386627988,0.0,0.0,0
2025-10-10 12:09:05.500,SG_001,strain_gauge,SPAN_1,122.33932537254903,5.176457899455982,122.44664488172647,21.512546,-0.10070089131221527,34164.5383906713,0.0,0.0,0
2025-10-10 12:09:08.500,SG_001,strain_gauge,SPAN_1,121.92785237254903,5.3982344462012986,122.04495371965707,23.107669,0.06725132398190226,37154.692298596645,0.0,0.0,0
2025-10-10 12:09:11.500,SG_001,strain_gauge,SPAN_1,122.11144480392159,5.279172024980174,122.22327170184282,23.333405000000013,-0.07666249556560914,35533.81301839993,0.0,0.0,0
2025-10-10 12:09:14.500,SG_001,strain_gauge,SPAN_1,121.22626435294119,5.0625201533997455,121.32985513754716,23.737316000000007,0.003415306334841819,32677.115637062692,0.0,0.0,0
2025-10-10 12:09:17.500,SG_001,strain_gauge,SPAN_1,121.89580437254901,4.17943354510533,121.96602922600269,19.691975,0.02748391393665204,22271.272566388423,0.0,0.0,0
2025-10-10 12:09:20.500,SG_001,strain_gauge,SPAN_1,121.46618872549018,3.861862579695859,121.52636156427046,17.443934,-0.03223276995475026,19015.32779518033,0.0,0.0,0
2025-10-10 12:09:23.500,SG_001,strain_gauge,SPAN_1,120.86083801960784,4.605817474040327,120.94684687644816,21.113207000000003,0.031473810588236756,27047.2821203234,0.0,0.0,0
2025-10-10 12:09:26.500,SG_001,strain_gauge,SPAN_1,121.27936223529412,5.068298401613214,121.3831441078268,22.658811,0.02886565049773805,32751.752076938694,0.0,0.0,0
2025-10-10 12:09:29.500,SG_001,strain_gauge,SPAN_1,121.18698678431372,4.8459940681921445,121.28193996007012,20.690966999999986,0.04391357330316996,29941.66459891564,0.0,0.0,0
2025-10-10 12:09:32.500,SG_001,strain_gauge,SPAN_1,121.04698856862746,4.4261415824789445,121.12629788321921,22.072435,-0.027528225610858686,24978.179867890245,0.0,0.0,0
2025-10-10 12:09:35.500,SG_001,strain_gauge,SPAN_1,119.62242245098041,4.557863519354337,119.70752164011385,21.11283300000001,-0.07292182552036165,26487.002822852897,0.0,0.0,0
2025-10-10 12:09:38.500,SG_001,strain_gauge,SPAN_1,120.06121982352941,4.348875153614753,120.13841343660472,20.191733999999997,0.09339450280543056,24113.711754702883,0.0,0.0,0
2025-10-10 12:09:41.500,SG_001,strain_gauge,SPAN_1,120.62106621568628,4.698197817307408,120.71073636006014,20.191733999999997,-0.0928082607239801,28143.154981453918,0.0,0.0,0
2025-10-10 12:09:44.500,SG_001,strain_gauge,SPAN_1,120.57510521568628,4.129724788769253,120.6444205927366,19.599608000000018,0.0830999746606344,21744.64920949344,0.0,0.0,0
2025-10-10 12:09:47.500,SG_001,strain_gauge,SPAN_1,121.03265568627452,4.683579823533312,121.12146608408425,18.682633999999993,-0.0005718147511291949,27968.297953345616,0.0,0.0,0
2025-10-10 12:09:50.500,SG_001,strain_gauge,SPAN_1,120.91977390196078,4.948914103900306,121.01902016171303,18.856702,0.011715702805431369,31226.982279923803,0.0,0.0,0
2025-10-10 12:09:53.500,SG_001,strain_gauge,SPAN_1,122.71819476470587,5.328809219901356,122.83157063892034,23.670383,0.11485635321267143,36205.164820184764,0.0,0.0,0
2025-10-10 12:09:56.500,SG_001,strain_gauge,SPAN_1,124.3806832745098,5.71918689070815,124.5095262044173,22.897773,-0.031903977828052724,41704.100830831136,0.0,0.0,0
2025-10-10 12:09:59.500,SG_001,strain_gauge,SPAN_1,124.45280309803923,5.3403535547357865,124.56508488174428,22.476331999999985,-0.02361648343891417,36362.20451421341,0.0,0.0,0
2025-10-10 12:10:02.500,SG_001,strain_gauge,SPAN_1,123.9402400392157,5.358309830299396,124.05374486462198,22.380387999999982,0.005627702986426733,36607.142402790996,0.0,0.0,0
2025-10-10 12:10:05.500,SG_001,strain_gauge,SPAN_1,124.33808656862745,4.822688480552201,124.42974744873422,21.556495000000012,0.019792721990950616,29654.363330074884,0.0,0.0,0
2025-10-10 12:10:08.500,SG_001,strain_gauge,SPAN_1,125.46224937254901,4.75907468901548,125.55070973736696,21.953706999999994,0.11885401819004532,28877.20966692543,0.0,0.0,0
2025-10-10 12:10:11.500,SG_001,strain_gauge,SPAN_1,126.59008219607843,4.732986275413895,126.67679673515491,24.17124300000002,-0.035045651040723096,28561.477831151766,0.0,0.0,0
2025-10-10 12:10:14.500,SG_001,strain_gauge,SPAN_1,126.37446513725489,5.235375432072287,126.48073829722968,24.060311999999982,-0.02996939185520277,34946.67379130125,0.0,0.0,0
2025-10-10 12:10:17.500,SG_001,strain_gauge,SPAN_1,127.5355782352941,4.633343691335234,127.61806553490632,20.993039999999993,0.045843342533937306,27371.539046595917,0.0,0.0,0
2025-10-10 12:10:20.500,SG_001,strain_gauge,SPAN_1,128.06522174509803,4.547687697304338,128.1443598646593,19.934693999999993,0.023107277466064266,26368.865825071865,0.0,0.0,0
2025-10-10 12:10:23.500,SG_001,strain_gauge,SPAN_1,127.99617211764705,5.577239448929539,128.11524406922882,29.794447000000005,0.010669926425339022,39659.63983513724,0.0,0.0,0
2025-10-10 12:10:26.500,SG_001,strain_gauge,SPAN_1,127.37303192156861,5.7311633162783,127.49937823404203,28.262802000000008,0.013181548506788945,41878.94702126394,0.0,0.0,0
2025-10-10 12:10:29.500,SG_001,strain_gauge,SPAN_1,126.71512490196079,5.452443531065925,126.8300796146413,28.262802000000008,-0.05691907692307743,37904.65408581489,0.0,0.0,0
2025-10-10 12:10:32.500,SG_001,strain_gauge,SPAN_1,126.84564227450979,5.3835676702952,126.95759715227996,23.443201000000002,0.074223902081449,36953.0710973258,0.0,0.0,0
2025-10-10 12:10:35.500,SG_001,strain_gauge,SPAN_1,127.4359606862745,4.958599944619181,127.53050488968049,26.70239500000001,-0.01763406606334762,31349.334598741112,0.0,0.0,0
2025-10-10 12:10:38.500,SG_001,strain_gauge,SPAN_1,125.7157429215686,5.239048261642719,125.8227223368306,22.25635799999999,-0.08706867230769078,34995.72402697253,0.0,0.0,0
2025-10-10 12:10:41.500,SG_001,strain_gauge,SPAN_1,126.28758029411766,5.2634233497660725,126.39506854921875,19.500327,0.026493464434389186,35322.122332549945,0.0,0.0,0
2025-10-10 12:10:44.500,SG_001,strain_gauge,SPAN_1,126.99225843137253,4.680798029369721,127.07680341586496,19.715790999999996,0.035239577828055424,27935.08449448312,0.0,0.0,0
2025-10-10 12:10:47.500,SG_001,strain_gauge,SPAN_1,126.42247301960785,4.036999337398438,126.48564935159096,16.636432,-0.07569243420814432,20779.138653948165,0.0,0.0,0
2025-10-10 12:10:50.500,SG_001,strain_gauge,SPAN_1,125.0841427254902,4.034760592328566,125.14792388443345,15.976914999999991,-0.042295127873301565,20756.098622694644,0.0,0.0,0
2025-10-10 12:10:53.500,SG_001,strain_gauge,SPAN_1,125.63618705882354,4.564383546211319,125.71744745233887,17.619708000000003,0.01778048570135776,26562.836375078874,0.0,0.0,0
2025-10-10 12:10:56.500,SG_001,strain_gauge,SPAN_1,126.22827341176472,5.446651403836573,126.34342615874341,30.149598999999995,-0.00809655737556459,37824.16468151651,0.0,0.0,0
2025-10-10 12:10:59.500,SG_001,strain_gauge,SPAN_1,124.62978074509806,5.808189512406184,124.76239754875029,30.149598999999995,-0.10406065828054206,43012.208400332114,0.0,0.0,0
2025-10-10 12:11:02.500,SG_001,strain_gauge,SPAN_1,123.37520433333334,5.135471029290809,123.4799456920358,20.974086999999997,-0.04381323058823455,33625.654933173624,0.0,0.0,0
2025-10-10 12:11:05.500,SG_001,strain_gauge,SPAN_1,123.19318174509804,4.585718493943818,123.27682877531409,18.09174400000002,0.0072404923981908955,26811.737984765412,0.0,0.0,0
2025-10-10 12:11:08.500,SG_001,strain_gauge,SPAN_1,123.29431249019608,4.842939634144975,123.38752640812753,21.306582000000006,-0.002020377918550054,29903.931982464637,0.0,0.0,0
2025-10-10 12:11:11.500,SG_001,strain_gauge,SPAN_1,122.00703307843138,4.864691680788927,122.10207746688036,21.343384999999998,-0.025780764343890275,30173.162065149663,0.0,0.0,0
2025-10-10 12:11:14.500,SG_001,strain_gauge,SPAN_1,121.82834874509803,4.613498542986977,121.91395976752845,18.27812200000001,0.0017446465158376158,27137.57022783226,0.0,0.0,0
2025-10-10 12:11:17.500,SG_001,strain_gauge,SPAN_1,120.99678074509805,4.7522171531113395,121.08823932773724,21.894959000000014,-0.03543836126696744,28794.049034665204,0.0,0.0,0
2025-10-10 12:11:20.500,SG_001,strain_gauge,SPAN_1,120.58685000000001,5.009355139508522,120.6888147248976,25.270552999999992,-0.0416446619004518,31994.389614993568,0.0,0.0,0
2025-10-10 12:11:23.500,SG_001,strain_gauge,SPAN_1,120.01279539215687,5.040259087994753,120.11651488332605,28.487437999999997,-0.03928435828054378,32390.369884494954,0.0,0.0,0
2025-10-10 12:11:26.500,SG_001,strain_gauge,SPAN_1,120.02512609803921,5.82677860508601,120.16370721244881,25.79243600000001,0.051429292307693254,43287.969863677274,0.0,0.0,0
2025-10-10 12:11:29.500,SG_001,strain_gauge,SPAN_1,120.4519470980392,6.208554232523119,120.60871402427524,26.96681600000001,0.03804443312217287,49146.33571418043,0.0,0.0,0
2025-10-10 12:11:32.500,SG_001,strain_gauge,SPAN_1,121.07666698039215,5.36733171060612,121.19324514646618,21.14663800000001,0.03751608669683425,36730.518356889464,0.0,0.0,0
2025-10-10 12:11:35.500,SG_001,strain_gauge,SPAN_1,120.9279543333333,5.466961965734679,121.04904699985447,28.212553,-0.07279704977375574,38106.78324685673,0.0,0.0,0
2025-10-10 12:11:38.500,SG_001,strain_gauge,SPAN_1,121.44477939215685,4.808532218879289,121.53807243621897,23.575959999999995,0.06711311873303293,29480.527177500226,0.0,0.0,0
2025-10-10 12:11:41.500,SG_001,strain_gauge,SPAN_1,121.8951403529412,4.868288388838766,121.99041258669452,24.74868699999999,-0.03648112868778284,30217.79559205049,0.0,0.0,0
2025-10-10 12:11:44.500,SG_001,strain_gauge,SPAN_1,120.79682450980391,5.0118559506225955,120.89871375739023,23.943471999999986,0.04224273321267176,32026.342588983676,0.0,0.0,0
2025-10-10 12:11:47.500,SG_001,strain_gauge,SPAN_1,121.80077558823528,4.595005692935029,121.8857211066896,18.349232999999984,0.05764258027149447,26920.448580584285,0.0,0.0,0
2025-10-10 12:11:50.500,SG_001,strain_gauge,SPAN_1,122.18309290196079,4.24052182884524,122.25521513513087,21.689319000000012,-0.04600121466063386,22927.082360664048,0.0,0.0,0
2025-10-10 12:11:53.500,SG_001,strain_gauge,SPAN_1,122.71616007843139,4.67014632307463,122.80325141781181,21.411974000000015,0.08761703429864295,27808.090015632537,0.0,0.0,0
2025-10-10 12:11:56.500,SG_001,strain_gauge,SPAN_1,124.28904890196077,4.2883627194117775,124.36155813778299,20.066089000000005,0.012669400180996155,23447.31988688199,0.0,0.0,0
2025-10-10 12:11:59.500,SG_001,strain_gauge,SPAN_1,124.91878490196079,4.692698835639851,125.005169697693,21.32475000000001,-0.024766514117646552,28077.313511569908,0.0,0.0,0
2025-10-10 12:12:02.500,SG_001,strain_gauge,SPAN_1,124.19851790196077,4.461811181335279,124.27706650804694,21.130174999999994,-0.005309413846153265,25382.392747807862,0.0,0.0,0
2025-10-10 12:12:05.500,SG_001,strain_gauge,SPAN_1,125.38101158823528,4.471851469434101,125.45917031242483,21.22154300000001,0.02721666352941199,25496.755844966905,0.0,0.0,0
2025-10-10 12:12:08.500,SG_001,strain_gauge,SPAN_1,126.55495798039215,5.528804920375632,126.6733030552075,27.211225000000013,0.04426598190045361,38973.79690565148,0.0,0.0,0
2025-10-10 12:12:11.500,SG_001,strain_gauge,SPAN_1,127.65072649019604,6.327371119508805,127.80437624157622,27.427568000000008,-0.015306450226242847,51045.42223709247,0.0,0.0,0
2025-10-10 12:12:14.500,SG_001,strain_gauge,SPAN_1,127.23682176470588,5.743563048821294,127.363850819699,28.564621999999986,-0.030184274479636015,42060.358532126316,0.0,0.0,0
2025-10-10 12:12:17.500,SG_001,strain_gauge,SPAN_1,126.96572568627451,5.701712678307318,127.09117823355506,31.349974000000003,-0.01358404506787146,41449.64751911227,0.0,0.0,0
2025-10-10 12:12:20.500,SG_001,strain_gauge,SPAN_1,126.51581301960785,5.123610258962981,126.61748533719998,23.030665,0.03405859393665208,33470.512159332146,0.0,0.0,0
2025-10-10 12:12:23.500,SG_001,strain_gauge,SPAN_1,127.32682507843137,5.028933127210136,127.4241526057621,23.103956999999994,-0.018681242081447794,32244.964707388182,0.0,0.0,0
2025-10-10 12:12:26.500,SG_001,strain_gauge,SPAN_1,127.38236331372549,4.950661184497859,127.47664476295658,21.463714999999993,-0.0029697863348412813,31249.033858709514,0.0,0.0,0
2025-10-10 12:12:29.500,SG_001,strain_gauge,SPAN_1,127.94800092156862,4.64002277671484,128.03045964937434,19.97296199999998,0.006344114932128399,27450.509494751434,0.0,0.0,0
2025-10-10 12:12:32.500,SG_001,strain_gauge,SPAN_1,128.03455886274511,4.096870716236048,128.09880369444474,19.895787000000013,-0.004210415565610158,21400.045823579403,0.0,0.0,0
2025-10-10 12:12:35.500,SG_001,strain_gauge,SPAN_1,128.4994874117647,4.189922882773243,128.56643999997146,20.73447200000001,0.0306947721266975,22383.203548573223,0.0,0.0,0
2025-10-10 12:12:38.500,SG_001,strain_gauge,SPAN_1,128.06750001960782,5.181291943567333,128.1702147907693,19.213257,-0.022356592488687564,34228.37741070657,0.0,0.0,0
2025-10-10 12:12:41.500,SG_001,strain_gauge,SPAN_1,128.00669198039216,4.948235214927357,128.10042203226197,23.213667,-0.034317759728505474,31218.415471365155,0.0,0.0,0
2025-10-10 12:12:44.500,SG_001,strain_gauge,SPAN_1,126.71346560784312,4.960211627249322,126.80861027650673,25.608368000000013,0.023143137285068834,31369.716718551685,0.0,0.0,0
2025-10-10 12:12:47.500,SG_001,strain_gauge,SPAN_1,127.70290562745099,5.776784770879662,127.83093917318537,25.724152000000004,0.040126077194570835,42548.33391856066,0.0,0.0,0
2025-10-10 12:12:50.500,SG_001,strain_gauge,SPAN_1,126.89168656862743,5.539433160521378,127.01017190380695,25.386539999999997,-0.10815897366515771,39123.78266835193,0.0,0.0,0
2025-10-10 12:12:53.500,SG_001,strain_gauge,SPAN_1,125.60038543137257,4.915596970534395,125.6946543331796,23.383276999999993,0.017974885520363356,30807.944310326813,0.0,0.0,0
2025-10-10 12:12:56.500,SG_001,strain_gauge,SPAN_1,124.66120986274512,4.605707638724356,124.74459449244272,20.257899999999992,-0.059485116561086154,27045.992138089943,0.0,0.0,0
2025-10-10 12:12:59.500,SG_001,strain_gauge,SPAN_1,124.37287343137254,4.723262001873147,124.46077058311673,20.95454799999999,0.02219169420814568,28444.23502138188,0.0,0.0,0
2025-10-10 12:13:02.500,SG_001,strain_gauge,SPAN_1,123.37465221568625,4.764284236954972,123.4648052964133,21.935845,-0.08392191610859571,28940.46547038445,0.0,0.0,0
2025-10-10 12:13:05.500,SG_001,strain_gauge,SPAN_1,121.9158079019608,4.9236700534691815,122.01324272192988,22.337635000000006,-0.07008910298642367,30909.221664172248,0.0,0.0,0
2025-10-10 12:13:08.500,SG_001,strain_gauge,SPAN_1,121.01651852941177,4.565681648497633,121.10092679910599,22.170452999999995,-0.002358505791853985,26577.947367170767,0.0,0.0,0
2025-10-10 12:13:11.500,SG_001,strain_gauge,SPAN_1,121.48039509803921,5.320239957789681,121.5945572272939,25.18400200000002,0.06242780180995517,36088.815340788984,0.0,0.0,0
2025-10-10 12:13:14.500,SG_001,strain_gauge,SPAN_1,121.24273090196078,5.658409681136142,121.37211212055296,26.73423100000001,-0.11109937438914054,40822.4401524584,0.0,0.0,0
2025-10-10 12:13:17.500,SG_001,strain_gauge,SPAN_1,120.70152027450979,5.5388430018917365,120.82604948286746,29.110915000000006,0.08889034687782908,39115.44679449646,0.0,0.0,0
2025-10-10 12:13:20.500,SG_001,strain_gauge,SPAN_1,120.80357325490196,5.415241464209546,120.92250888235468,29.110915000000006,-0.08601102416289468,37389.1711475103,0.0,0.0,0
2025-10-10 12:13:23.500,SG_001,strain_gauge,SPAN_1,120.10067296078431,4.597107937071833,120.1868988975048,20.024124,0.05857627194570243,26945.08676598827,0.0,0.0,0
2025-10-10 12:13:26.500,SG_001,strain_gauge,SPAN_1,121.49577452941175,5.260384992453501,121.60736942057693,21.857011999999997,0.02961741972850738,35281.35409275827,0.0,0.0,0
2025-10-10 12:13:29.500,SG_001,strain_gauge,SPAN_1,122.25284490196077,4.9177377139525955,122.34977740862372,22.104948000000007,0.054153630045249694,30834.78388462042,0.0,0.0,0
2025-10-10 12:13:32.500,SG_001,strain_gauge,SPAN_1,122.77378107843136,3.79590591916505,122.83129769955418,15.69180200000001,0.0252897916742089,18371.349727619137,0.0,0.0,0
2025-10-10 12:13:35.500,SG_001,strain_gauge,SPAN_1,124.76588809803923,4.7066180450407735,124.85289235097484,19.927369,0.06806901420814494,28244.12311292687,0.0,0.0,0
2025-10-10 12:13:38.500,SG_001,strain_gauge,SPAN_1,125.51593009803923,4.968711581320753,125.61231119147695,23.241596,0.02406472995475226,31477.320842397494,0.0,0.0,0
2025-10-10 12:13:41.500,SG_001,strain_gauge,SPAN_1,126.39340370588233,5.538710721411663,126.51232469923515,24.399776000000003,-0.013615787149320019,39113.57848073763,0.0,0.0,0
2025-10-10 12:13:44.500,SG_001,strain_gauge,SPAN_1,127.13280794117648,5.7958405088876646,127.26226447816524,29.229321,0.06942068280543119,42829.503185690606,0.0,0.0,0
2025-10-10 12:13:47.500,SG_001,strain_gauge,SPAN_1,129.1067782156863,5.239424943640714,129.2109650487244,25.928568,0.028838612217196122,35000.75651855674,0.0,0.0,0
2025-10-10 12:13:50.500,SG_001,strain_gauge,SPAN_1,129.6382109607843,4.521579055161622,129.71549461125414,22.73781199999999,0.02523157773755701,26066.963368897243,0.0,0.0,0
2025-10-10 12:13:53.500,SG_001,strain_gauge,SPAN_1,131.49819156862745,5.04543043256344,131.59305304458056,22.23436000000001,0.060498286244345105,32456.86951854254,0.0,0.0,0
2025-10-10 12:13:56.500,SG_001,strain_gauge,SPAN_1,133.13375049019606,5.34921456239364,133.23906542491923,21.203240000000008,0.046665008687783505,36482.97295401833,0.0,0.0,0
2025-10-10 12:13:59.500,SG_001,strain_gauge,SPAN_1,134.4413598235294,5.236406316913595,134.54130048507488,22.016731000000007,0.09675793891402924,34960.43767266105,0.0,0.0,0
2025-10-10 12:14:02.500,SG_001,strain_gauge,SPAN_1,136.0504298235294,4.542001730623108,136.12473959351902,20.286050000000003,0.04108154533936695,26302.96914425371,0.0,0.0,0
2025-10-10 12:14:05.500,SG_001,strain_gauge,SPAN_1,136.98758007843136,4.077030847592212,137.04704794766064,15.748992000000015,0.06726982036199244,21193.280178578545,0.0,0.0,0
2025-10-10 12:14:08.500,SG_001,strain_gauge,SPAN_1,138.9640185882353,5.136871340110383,139.0570692501156,23.243345000000005,0.07772830914027336,33643.99513518048,0.0,0.0,0
2025-10-10 12:14:11.500,SG_001,strain_gauge,SPAN_1,140.05770988235292,5.4917483811489225,140.16322641457046,23.243345000000005,0.004914233755657428,38453.10785936106,0.0,0.0,0
2025-10-10 12:14:14.500,SG_001,strain_gauge,SPAN_1,139.91010684313724,5.264720741930396,140.00718483414383,23.646592,-0.018961997737555095,35339.53772540298,0.0,0.0,0
2025-10-10 12:14:17.500,SG_001,strain_gauge,SPAN_1,141.0266871372549,4.927797850532832,141.11106808309557,20.138132000000013,0.10088213095022779,30961.069361037895,0.0,0.0,0
2025-10-10 12:14:20.500,SG_001,strain_gauge,SPAN_1,142.42394192156866,4.597116257359009,142.4966607624289,18.725256,0.06019311819004744,26945.18430168499,0.0,0.0,0
2025-10-10 12:14:23.500,SG_001,strain_gauge,SPAN_1,143.4186399607843,4.535332079954436,143.4889271229753,19.42635100000001,0.0021898810859737466,26225.777271216393,0.0,0.0,0
2025-10-10 12:14:26.500,SG_001,strain_gauge,SPAN_1,145.04822219607843,4.3938626390588,145.11345299987786,17.931883999999997,0.10190355212669766,24615.186835918877,0.0,0.0,0
2025-10-10 12:14:29.500,SG_001,strain_gauge,SPAN_1,146.4324290392157,4.675109339222573,146.50557791410603,21.172401000000008,-0.0225418360180981,27867.22535044981,0.0,0.0,0
2025-10-10 12:14:32.500,SG_001,strain_gauge,SPAN_1,146.16768094117649,5.2534411639684615,146.26020800580466,21.227914999999996,-0.020389920452488504,35188.27118067984,0.0,0.0,0
2025-10-10 12:14:35.500,SG_001,strain_gauge,SPAN_1,146.25359488235296,5.314313805883354,146.34822234616115,20.649641000000003,0.07583909710407216,36008.46231493808,0.0,0.0,0
2025-10-10 12:14:38.500,SG_001,strain_gauge,SPAN_1,148.22087874509805,4.774637029503842,148.2962543411652,21.404447000000005,0.04875544452488807,29066.377423474332,0.0,0.0,0
2025-10-10 12:14:41.500,SG_001,strain_gauge,SPAN_1,147.4846400980392,4.5901017416311785,147.55465082650898,19.37056000000001,-0.0661816674208126,26863.01834812011,0.0,0.0,0
2025-10-10 12:14:44.500,SG_001,strain_gauge,SPAN_1,147.62700345098042,4.721739067827258,147.7010149403535,19.145706999999987,0.06100406389140533,28425.895276423922,0.0,0.0,0
2025-10-10 12:14:47.500,SG_001,strain_gauge,SPAN_1,148.02200484313727,5.249637833354201,148.11324130052589,27.02990700000001,-0.05084792226244211,35137.339161264325,0.0,0.0,0
2025-10-10 12:14:50.500,SG_001,strain_gauge,SPAN_1,148.68693256862744,5.371054936738716,148.78200998847333,27.651106,0.08155559538461606,36781.49469516829,0.0,0.0,0
2025-10-10 12:14:53.500,SG_001,strain_gauge,SPAN_1,150.1422320588235,4.813099422357816,150.21784694173664,19.77900599999998,0.02337268823529703,29536.55571311395,0.0,0.0,0
2025-10-10 12:14:56.500,SG_001,strain_gauge,SPAN_1,149.32559147058822,4.7564332740182245,149.39984044303375,20.230867999999987,-0.05833102995475,28845.16329998935,0.0,0.0,0
2025-10-10 12:14:59.500,SG_001,strain_gauge,SPAN_1,147.9878610392157,4.712930495157029,148.0614170032604,23.488484,-0.03082962271493143,28319.935161530877,0.0,0.0,0
2025-10-10 12:15:02.500,SG_001,strain_gauge,SPAN_1,149.85819492156864,5.585162460128655,149.96019797606135,26.687746000000004,0.07936148588235475,39772.400625188726,0.0,0.0,0
2025-10-10 12:15:05.500,SG_001,strain_gauge,SPAN_1,149.35799890196077,4.715931465931935,149.43097325176615,22.705937000000006,-0.0997190263348392,28356.012228992837,0.0,0.0,0
2025-10-10 12:15:08.500,SG_001,strain_gauge,SPAN_1,149.1799640392157,4.5824861561648875,149.24895008507767,25.758713999999998,0.0659710019909508,26773.953698589623,0.0,0.0,0
2025-10-10 12:15:11.500,SG_001,strain_gauge,SPAN_1,149.94589329411767,4.971665066236584,150.02667667235107,26.061982999999998,-0.06050881484162905,31514.753251817452,0.0,0.0,0
2025-10-10 12:15:14.500,SG_001,strain_gauge,SPAN_1,149.49955466666668,4.932219014744245,149.57929881560594,23.31279999999998,0.003756484615385277,31016.65012199098,0.0,0.0,0
2025-10-10 12:15:17.500,SG_001,strain_gauge,SPAN_1,150.1874032352941,3.8140943246747767,150.23487665850968,17.837986,0.019622603529411926,18547.82728483334,0.0,0.0,0
2025-10-10 12:15:20.500,SG_001,strain_gauge,SPAN_1,150.28911362745097,4.710392413099087,150.36146586400812,20.370485000000002,-0.00039812624434315986,28289.44077386134,0.0,0.0,0
2025-10-10 12:15:23.500,SG_001,strain_gauge,SPAN_1,151.5557732352941,5.152177156246234,151.6416065649019,22.541623000000016,0.016452050316742826,33844.78504791553,0.0,0.0,0
2025-10-10 12:15:26.500,SG_001,strain_gauge,SPAN_1,151.80703766666664,4.534062841761617,151.87340556634007,19.16873000000001,-0.00982955719457011,26211.100462630366,0.0,0.0,0
2025-10-10 12:15:29.500,SG_001,strain_gauge,SPAN_1,152.574242372549,5.033341908223251,152.6556163749543,21.404280999999997,0.04485557239819122,32301.526725472504,0.0,0.0,0
2025-10-10 12:15:32.500,SG_001,strain_gauge,SPAN_1,153.13823984313726,5.189504950495507,153.22442170167994,23.34740499999998,-0.0018185416289585596,34336.976079802145,0.0,0.0,0
2025-10-10 12:15:35.500,SG_001,strain_gauge,SPAN_1,153.34509652941176,5.150639520893374,153.42987824704497,23.34740499999998,0.011407389773756712,33824.58652959062,0.0,0.0,0
2025-10-10 12:15:38.500,SG_001,strain_gauge,SPAN_1,154.46244337254902,5.907494506824305,154.57315620709178,23.646603999999996,0.04270509438914029,44495.57646890315,0.0,0.0,0
2025-10-10 12:15:41.500,SG_001,strain_gauge,SPAN_1,155.64643305882353,6.02250045391639,155.76062226746527,23.646603999999996,0.0383635967420816,46244.9024397145,0.0,0.0,0
2025-10-10 12:15:44.500,SG_001,strain_gauge,SPAN_1,156.5759296862745,4.972132501621826,156.65330865208176,19.935913999999997,0.00838142904977452,31520.67955744725,0.0,0.0,0
2025-10-10 12:15:47.500,SG_001,strain_gauge,SPAN_1,157.78868890196077,4.76163503269485,157.85911105051605,22.076033999999993,0.06438222443439094,28908.28943534827,0.0,0.0,0
2025-10-10 12:15:50.500,SG_001,strain_gauge,SPAN_1,159.760422,4.843683229774676,159.83239246160596,23.71295999999998,0.1357643169230785,29913.11571876056,0.0,0.0,0
2025-10-10 12:15:53.500,SG_001,strain_gauge,SPAN_1,162.06931029411766,4.912295599803742,162.14227961055957,22.95140699999999,-0.00549833909502421,30766.576276310287,0.0,0.0,0
2025-10-10 12:15:56.500,SG_001,strain_gauge,SPAN_1,162.08705833333332,5.401127034573605,162.1752590532849,27.639443,0.03876856027149393,37194.520885592385,0.0,0.0,0
2025-10-10 12:15:59.500,SG_001,strain_gauge,SPAN_1,163.96413184313724,5.5486048775811545,164.05614855950725,29.485917,0.08189368895927703,39253.44551158466,0.0,0.0,0
2025-10-10 12:16:02.500,SG_001,strain_gauge,SPAN_1,165.87861113725486,5.115301287569151,165.9559184700532,20.26687899999999,0.04840484289592922,33362.04175982344,0.0,0.0,0
2025-10-10 12:16:05.500,SG_001,strain_gauge,SPAN_1,167.1394568235294,4.9466015644407975,167.21120510478704,24.37051500000001,0.08456827122172116,31197.80547259338,0.0,0.0,0
2025-10-10 12:16:08.500,SG_001,strain_gauge,SPAN_1,168.52010478431373,4.509924692374784,168.5792582884258,24.37051500000001,0.02829347357466182,25932.761431887033,0.0,0.0,0
2025-10-10 12:16:11.500,SG_001,strain_gauge,SPAN_1,168.62162401960785,4.980712958628777,168.69372592656404,19.72842700000001,-0.026590998642531824,31629.56450972209,0.0,0.0,0
2025-10-10 12:16:14.500,SG_001,strain_gauge,SPAN_1,169.84520094117647,4.992835237511657,169.91713243292438,19.459599999999995,0.07337370769230825,31783.714728896055,0.0,0.0,0
2025-10-10 12:16:17.500,SG_001,strain_gauge,SPAN_1,171.23445999999996,4.337531600670095,171.28831123687522,17.589551,0.046569441085972205,23988.07999318489,0.0,0.0,0
2025-10-10 12:16:20.500,SG_001,strain_gauge,SPAN_1,172.6798367843137,5.308913256201817,172.75982737137844,19.949142000000023,0.023225348687784923,35935.3139513911,0.0,0.0,0
2025-10-10 12:16:23.500,SG_001,strain_gauge,SPAN_1,174.28328135294117,4.942480197979476,174.351975288773,21.756924999999995,-0.008184902805427219,31145.840896959522,0.0,0.0,0
2025-10-10 12:16:26.500,SG_001,strain_gauge,SPAN_1,174.06164439215686,5.317625571819094,174.14126086733287,25.93499300000002,0.03779391122171909,36053.35569563203,0.0,0.0,0
2025-10-10 12:16:29.500,SG_001,strain_gauge,SPAN_1,175.8893904313726,4.86002502245805,175.95520559323603,21.705849,-0.001176548054298161,30115.300104120917,0.0,0.0,0
2025-10-10 12:16:32.500,SG_001,strain_gauge,SPAN_1,175.62491227450982,3.552517858603361,175.66013416843364,15.328516000000008,-0.056049840361988186,16090.988498012159,0.0,0.0,0
2025-10-10 12:16:35.500,SG_001,strain_gauge,SPAN_1,175.95374123529407,4.793461830353444,176.01774284482264,22.569837000000007,0.10527106036199234,29296.027306795626,0.0,0.0,0
2025-10-10 12:16:38.500,SG_001,strain_gauge,SPAN_1,177.76040070588238,4.832632442876777,177.824791486678,19.530151000000018,-0.021604416832578504,29776.778818130082,0.0,0.0,0
2025-10-10 12:16:41.500,SG_001,strain_gauge,SPAN_1,177.45794990196075,4.464560550468668,177.5130008052538,23.768196999999986,0.004458726153848599,25413.68365872139,0.0,0.0,0
2025-10-10 12:16:44.500,SG_001,strain_gauge,SPAN_1,178.47547909803924,4.854193979537742,178.54018543440597,21.994765,-0.014718715113120999,30043.07896850009,0.0,0.0,0
2025-10-10 12:16:47.500,SG_001,strain_gauge,SPAN_1,177.8851955490196,4.497984096262834,177.94093950883726,16.55886700000002,0.0038866932126715124,25795.622686047565,0.0,0.0,0
2025-10-10 12:16:50.500,SG_001,strain_gauge,SPAN_1,177.90865415686272,4.3479560660344845,177.96073517783572,20.113083000000017,-0.010385854841627344,24103.520489011735,0.0,0.0,0
2025-10-10 12:16:53.500,SG_001,strain_gauge,SPAN_1,179.30701794117647,3.8867817080010827,179.3483134515184,18.723557,0.08087930542986464,19261.516858206058,0.0,0.0,0
2025-10-10 12:16:56.500,SG_001,strain_gauge,SPAN_1,179.19927007843137,4.66826534783788,179.25887367193474,23.375726000000014,-0.06007797628959272,27785.69423122549,0.0,0.0,0
2025-10-10 12:16:59.500,SG_001,strain_gauge,SPAN_1,177.893961,5.016268893722649,177.96328532210322,23.375726000000014,0.025910193212668752,32082.765858015046,0.0,0.0,0
2025-10-10 12:17:02.500,SG_001,strain_gauge,SPAN_1,178.93633107843138,4.361833030082581,178.98844408636927,18.225776999999994,-0.02287074552036194,24257.623912457217,0.0,0.0,0
2025-10-10 12:17:05.500,SG_001,strain_gauge,SPAN_1,179.65165637254904,5.7532367163858655,179.74194934891588,23.974946000000017,-0.024574675565609855,42202.15921133228,0.0,0.0,0
2025-10-10 12:17:08.500,SG_001,strain_gauge,SPAN_1,179.90060188235293,6.031269929413261,179.99969309817777,27.034628000000026,0.06068844705882443,46379.67662584193,0.0,0.0,0
2025-10-10 12:17:11.500,SG_001,strain_gauge,SPAN_1,180.17009664705884,5.205771623805819,180.2438137920954,26.766231000000005,-0.06637201239818852,34552.5742040079,0.0,0.0,0
2025-10-10 12:17:14.500,SG_001,strain_gauge,SPAN_1,179.19716862745102,4.956918711585595,179.2643704199172,20.028936999999985,-0.013556779547509971,31328.07996941593,0.0,0.0,0
2025-10-10 12:17:17.500,SG_001,strain_gauge,SPAN_1,180.08858717647058,4.945086910514852,180.15513766706013,23.408731000000017,0.0427077694117676,31178.702804495275,0.0,0.0,0
2025-10-10 12:17:20.500,SG_001,strain_gauge,SPAN_1,180.91334405882353,4.804601027837123,180.9758813167825,22.920716999999996,0.034274656832579756,29432.34357178425,0.0,0.0,0
2025-10-10 12:17:23.500,SG_001,strain_gauge,SPAN_1,181.3225306470588,4.055640422628648,181.3669921054781,15.518410999999986,0.004090727782808252,20971.47952801583,0.0,0.0,0
2025-10-10 12:17:26.500,SG_001,strain_gauge,SPAN_1,182.06066829411762,4.819494168414371,182.12319737499746,22.767685999999998,0.020502080814480895,29615.093150209672,0.0,0.0,0
2025-10-10 12:17:29.500,SG_001,strain_gauge,SPAN_1,183.19718729411764,5.109546062620562,183.26703190274768,24.37458699999999,0.06480389447963844,33287.01273170264,0.0,0.0,0
2025-10-10 12:17:32.500,SG_001,strain_gauge,SPAN_1,183.3599649411765,4.230771016360927,183.40781116827114,14.905765000000002,-0.014958084343892286,22821.76482592157,0.0,0.0,0
2025-10-10 12:17:35.500,SG_001,strain_gauge,SPAN_1,184.28510749019605,5.32038917013286,184.36038715890308,22.542381000000006,0.06168663040723988,36090.839675125455,0.0,0.0,0
2025-10-10 12:17:38.500,SG_001,strain_gauge,SPAN_1,185.93292458823527,4.8318265130638665,185.99446555730225,20.180942999999985,0.009880868416290461,29766.848001742324,0.0,0.0,0
2025-10-10 12:17:41.500,SG_001,strain_gauge,SPAN_1,185.65124133333333,4.868751476987104,185.71382110847375,23.89020500000001,0.02378475429864488,30223.544704446726,0.0,0.0,0
2025-10-10 12:17:44.500,SG_001,strain_gauge,SPAN_1,188.0326011372549,4.965643442469628,188.09687191071689,18.618995000000012,0.08908193438914308,31438.458867120567,0.0,0.0,0
2025-10-10 12:17:47.500,SG_001,strain_gauge,SPAN_1,189.84821092156858,4.546010090595293,189.90156444354145,18.962681000000003,0.009479975203619359,26349.414873337628,0.0,0.0,0
2025-10-10 12:17:50.500,SG_001,strain_gauge,SPAN_1,190.03319603921568,3.971791100574189,190.07388406947967,18.962681000000003,0.04406732959276206,20113.283796915417,0.0,0.0,0
2025-10-10 12:17:53.500,SG_001,strain_gauge,SPAN_1,190.68608462745092,3.931659453195635,190.7258181778802,16.098959000000008,0.05720652280543145,19708.88122127581,0.0,0.0,0
2025-10-10 12:17:56.500,SG_001,strain_gauge,SPAN_1,192.85567329411762,3.7987111773907483,192.8923481714841,16.07744200000002,0.07323448298642501,18398.513426772588,0.0,0.0,1
2025-10-10 12:17:59.500,SG_001,strain_gauge,SPAN_1,194.18350200000003,5.027348864063618,194.24729370654902,24.784729,0.029298311040724438,32224.65166627723,0.0,0.0,1
2025-10-10 12:18:02.500,SG_001,strain_gauge,SPAN_1,195.80097435294118,6.251515183891005,195.89879197399196,25.055920000000015,0.11652610117647241,49828.83867038522,0.0,0.0,1
2025-10-10 12:18:05.500,SG_001,strain_gauge,SPAN_1,197.43660217647056,4.937258234469052,197.4971149837522,19.860896999999994,-0.027052595475109093,31080.06156413639,0.0,0.0,1
2025-10-10 12:18:08.500,SG_001,strain_gauge,SPAN_1,197.43806978431374,4.805182419793698,197.4953883955173,22.448030999999986,0.013994676108598227,29439.467061555373,0.0,0.0,1
2025-10-10 12:18:11.500,SG_001,strain_gauge,SPAN_1,198.93270515686277,5.216179191182219,198.99973921059458,23.64322900000002,0.05033933330317039,34690.86982701603,0.0,0.0,1
2025-10-10 12:18:14.500,SG_001,strain_gauge,SPAN_1,199.42959382352936,5.063443003970287,199.49260295275957,26.767457000000007,0.030533402624436226,32689.03019443095,0.0,0.0,1
2025-10-10 12:18:17.500,SG_001,strain_gauge,SPAN_1,200.50381068627448,4.866994449004134,200.56171437054812,23.797798999999998,0.07837926778280756,30201.734582462257,0.0,0.0,1
2025-10-10 12:18:20.500,SG_001,strain_gauge,SPAN_1,202.32812619607841,4.25482698216139,202.37198232720806,19.474455000000006,0.06476692687783032,23082.029626363965,0.0,0.0,1
2025-10-10 12:18:23.500,SG_001,strain_gauge,SPAN_1,204.47441996078433,4.963031994278697,204.53346212937586,22.904364000000015,0.019490320904980644,31405.40038469831,0.0,0.0,1
2025-10-10 12:18:26.500,SG_001,strain_gauge,SPAN_1,204.77675570588232,4.8137473454786495,204.83221788767887,22.70522200000002,0.06844691927601884,29544.508470280995,0.0,0.0,1
2025-10-10 12:18:29.500,SG_001,strain_gauge,SPAN_1,205.8983795098039,4.300512754393725,205.94240568475624,20.22456299999999,-0.009779373212667516,23580.37268714645,0.0,0.0,1
2025-10-10 12:18:32.500,SG_001,strain_gauge,SPAN_1,207.15444719607845,4.788942320739046,207.20870945982543,19.474547,0.08197498407239816,29240.809902990986,0.0,0.0,1
2025-10-10 12:18:35.500,SG_001,strain_gauge,SPAN_1,206.83705056862746,5.589597173963327,206.91108347537983,22.77313699999999,-0.030313577828051993,39835.58562315298,0.0,0.0,1
2025-10-10 12:18:38.500,SG_001,strain_gauge,SPAN_1,207.65609135294122,5.590410307656524,207.72985381402623,24.73860400000001,0.06611963809954953,39847.1764451392,0.0,0.0,1
2025-10-10 12:18:41.500,SG_001,strain_gauge,SPAN_1,208.65377270588237,5.334570734600455,208.7206183305396,22.552299000000005,-0.005390904886876545,36283.497276130955,0.0,0.0,1
2025-10-10 12:18:44.500,SG_001,strain_gauge,SPAN_1,208.7018370980392,5.201318767892539,208.76537083526085,22.552299000000005,0.015906800904980027,34493.48907966972,0.0,0.0,1
2025-10-10 12:18:47.500,SG_001,strain_gauge,SPAN_1,209.14859415686277,4.437622101529419,209.19474372090428,19.710574999999977,0.023424897918553886,25107.924642877522,0.0,0.0,1
2025-10-10 12:18:50.500,SG_001,strain_gauge,SPAN_1,209.0495459215686,5.138151111399648,209.11144298697755,21.24425499999998,-0.04552962886877546,33660.760975561236,0.0,0.0,1
2025-10-10 12:18:53.500,SG_001,strain_gauge,SPAN_1,207.8476335686275,4.6394007910951265,207.89839051754277,20.703624999999988,-0.03284127601809905,27443.150618027954,0.0,0.0,1
2025-10-10 12:18:56.500,SG_001,strain_gauge,SPAN_1,207.54010115686276,5.289744059860626,207.60618084650142,21.96341800000002,0.06181269819004806,35676.27507900923,0.0,0.0,1
2025-10-10 12:18:59.500,SG_001,strain_gauge,SPAN_1,209.78073715686276,4.206750657185569,209.82208520088875,19.438106000000005,0.058208152398191215,22563.357641957293,0.0,0.0,1
2025-10-10 12:19:02.500,SG_001,strain_gauge,SPAN_1,209.7778804705883,5.341643677822085,209.844544409053,26.335958999999974,-0.02652829375565583,36379.77540554123,0.0,0.0,1
2025-10-10 12:19:05.500,SG_001,strain_gauge,SPAN_1,209.73153931372548,5.583078137501961,209.8043806811299,23.22585699999999,-0.027380549502261767,39742.72089905176,0.0,0.0,1
2025-10-10 12:19:08.500,SG_001,strain_gauge,SPAN_1,209.13281843137253,4.827677260033288,209.1874404050425,19.676795,0.020425497918553033,29715.7463519792,0.0,0.0,1
2025-10-10 12:19:11.500,SG_001,strain_gauge,SPAN_1,209.88052864705887,4.68062575600687,209.93169124494005,22.71902399999999,0.03894364063348442,27933.02827143846,0.0,0.0,1
2025-10-10 12:19:14.500,SG_001,strain_gauge,SPAN_1,210.48428254901964,5.410617290566306,210.55244943803638,23.975103999999988,-0.04063455990950145,37325.34381784323,0.0,0.0,1
2025-10-10 12:19:17.500,SG_001,strain_gauge,SPAN_1,210.41921331372546,4.521560409954425,210.4668357898495,16.703566999999993,0.035447333574665243,26066.748389605724,0.0,0.0,1
2025-10-10 12:19:20.500,SG_001,strain_gauge,SPAN_1,209.97754717647064,5.038536254117181,210.03680483311922,21.530091,-0.03117074307692159,32368.230669667813,0.0,0.0,1
2025-10-10 12:19:23.500,SG_001,strain_gauge,SPAN_1,210.69626427450982,4.991305843960327,210.75421803712007,25.615128,0.049275203348419054,31764.245885639448,0.0,0.0,1
2025-10-10 12:19:26.500,SG_001,strain_gauge,SPAN_1,211.61561486274505,4.992444433040331,211.67334324246076,22.131725000000017,-0.038844260814476714,31778.739306669115,0.0,0.0,1
2025-10-10 12:19:29.500,SG_001,strain_gauge,SPAN_1,212.25730645098042,5.616535649724818,212.3301464131967,26.777406000000013,0.11687537882352982,40220.47769840297,0.0,0.0,1
2025-10-10 12:19:32.500,SG_001,strain_gauge,SPAN_1,213.66240325490196,5.4341085234756,213.73014080752938,26.63727,0.03703805140271607,37650.15769226044,0.0,0.0,1
2025-10-10 12:19:35.500,SG_001,strain_gauge,SPAN_1,214.08167570588236,4.928138006267204,214.13727889019742,20.24161799999999,0.033631060814480584,30965.3438662395,0.0,0.0,1
2025-10-10 12:19:38.500,SG_001,strain_gauge,SPAN_1,214.72811084313727,5.366416914331781,214.79384381693353,21.745934000000005,0.008714601719459612,36717.998885493456,0.0,0.0,1
2025-10-10 12:19:41.500,SG_001,strain_gauge,SPAN_1,216.3398055490196,5.239702588667491,216.40200466956162,26.876322999999985,0.03122636941176508,35004.466102553226,0.0,0.0,1
2025-10-10 12:19:44.500,SG_001,strain_gauge,SPAN_1,217.69589956862745,5.030800724245023,217.75288147550015,26.876322999999985,0.03391332841629273,32268.918807006914,0.0,0.0,1
2025-10-10 12:19:47.500,SG_001,strain_gauge,SPAN_1,218.67623329411762,5.154921657036321,218.73579309641408,24.446706000000006,0.012949383167421072,33880.852044982166,0.0,0.0,1
2025-10-10 12:19:50.500,SG_001,strain_gauge,SPAN_1,219.13579619607842,4.203433020974936,219.17531698534913,22.52686699999998,0.012572041809956707,22527.78268132366,0.0,0.0,1
2025-10-10 12:19:53.500,SG_001,strain_gauge,SPAN_1,220.81494421568627,4.548446637557773,220.86086638773304,23.921219000000008,0.05766239520362156,26377.66768875603,0.0,0.0,1
2025-10-10 12:19:56.500,SG_001,strain_gauge,SPAN_1,222.03089017647062,5.372928686719862,222.09461611867502,29.17956700000002,0.01529307583710638,36807.162407535965,0.0,0.0,1
2025-10-10 12:19:59.500,SG_001,strain_gauge,SPAN_1,222.23439035294118,5.236707087297935,222.29487094577,19.540744999999987,0.009999689140273124,34964.453925649446,0.0,0.0,1
2025-10-10 12:20:02.500,SG_001,strain_gauge,SPAN_1,224.51752843137254,4.938740719959956,224.57077609251374,21.083601000000016,0.14287752253394004,31098.728871212996,0.0,0.0,1
2025-10-10 12:20:05.500,SG_001,strain_gauge,SPAN_1,227.35609635294122,4.486385025740933,227.39948887284552,19.704386999999997,0.02759105628959572,25662.754513970405,0.0,0.0,1
2025-10-10 12:20:08.500,SG_001,strain_gauge,SPAN_1,228.4638131372549,4.305200877321847,228.5035781804039,17.146179999999987,0.10363092606334832,23631.81210746832,0.0,0.0,1
2025-10-10 12:20:11.500,SG_001,strain_gauge,SPAN_1,229.96767433333338,4.415177222224465,230.00922328683066,19.898928000000012,0.03293523266968836,24854.582127153422,0.0,0.0,1
2025-10-10 12:20:14.500,SG_001,strain_gauge,SPAN_1,230.99232327450983,4.790127820899016,231.0410111386545,23.751168000000007,0.008818337828056825,29255.288789202208,0.0,0.0,1
2025-10-10 12:20:17.500,SG_001,strain_gauge,SPAN_1,232.35836886274512,4.399766180871338,232.39920386159437,20.303798999999998,0.03156039828054428,24681.376619082428,0.0,0.0,1
2025-10-10 12:20:20.500,SG_001,strain_gauge,SPAN_1,232.59771552941174,5.280053959974398,232.65646260711162,20.546701000000013,-0.01654805140271307,35545.68652080768,0.0,0.0,1
2025-10-10 12:20:23.500,SG_001,strain_gauge,SPAN_1,231.95873231372548,5.453804127471051,232.02158145476002,21.820188,-0.03056053466062972,37923.57381254585,0.0,0.0,1
2025-10-10 12:20:26.500,SG_001,strain_gauge,SPAN_1,233.32686221568628,5.966714363040185,233.40164575157863,24.142064000000005,0.05811029266968639,45392.1423698903,0.0,0.0,1
2025-10-10 12:20:29.500,SG_001,strain_gauge,SPAN_1,233.74599449019607,5.326437687242555,233.80548450739207,23.030198000000013,-0.020945783529411552,36172.946505999214,0.0,0.0,1
2025-10-10 12:20:32.500,SG_001,strain_gauge,SPAN_1,234.83526264705884,5.3079117890847884,234.89406565539633,21.153655000000015,0.023437355837104133,35921.75763989923,0.0,0.0,1
2025-10-10 12:20:35.500,SG_001,strain_gauge,SPAN_1,235.59453388235295,4.989032146565483,235.6463171558702,19.05967800000002,0.02792944352941275,31735.31324331633,0.0,0.0,1
2025-10-10 12:20:38.500,SG_001,strain_gauge,SPAN_1,237.56128890196078,4.921209966316373,237.6112569377097,20.768730000000005,0.06388805999999987,30878.34210402878,0.0,0.0,1
2025-10-10 12:20:41.500,SG_001,strain_gauge,SPAN_1,238.45247460784313,4.951308065946103,238.50286665581038,21.081041000000027,-0.060359061719454814,31257.200743976246,0.0,0.0,1
2025-10-10 12:20:44.500,SG_001,strain_gauge,SPAN_1,237.77878972549016,4.982309265185669,237.8299592471256,20.24354100000002,0.0021739318552080555,31649.842157792576,0.0,0.0,1
2025-10-10 12:20:47.500,SG_001,strain_gauge,SPAN_1,238.51601276470583,4.1015967223025305,238.55058494211394,17.39336,0.01846809429864455,21449.446982313646,0.0,0.0,1
2025-10-10 12:20:50.500,SG_001,strain_gauge,SPAN_1,239.01918103921568,5.333008395347856,239.0775025320372,24.980085000000003,-0.0883820852488683,36262.24764468466,0.0,0.0,1
2025-10-10 12:20:53.500,SG_001,strain_gauge,SPAN_1,237.37781262745096,5.822693480116638,237.44781512484224,21.94339100000002,0.039713024253395804,43227.29318832583,0.0,0.0,1
2025-10-10 12:20:56.500,SG_001,strain_gauge,SPAN_1,238.61988386274507,4.858146695121967,238.66836360883752,18.421378000000004,0.036390751131222955,30092.02637193872,0.0,0.0,1
2025-10-10 12:20:59.500,SG_001,strain_gauge,SPAN_1,240.49072015686272,4.06645304331888,240.52442347053787,18.571471000000003,0.04618642018099652,21083.45145073466,0.0,0.0,1
2025-10-10 12:21:02.500,SG_001,strain_gauge,SPAN_1,239.06427329411764,4.4619862250658375,239.1050934377448,22.528266000000002,-0.07836538859728304,25384.38436766354,0.0,0.0,1
2025-10-10 12:21:05.500,SG_001,strain_gauge,SPAN_1,238.13376156862742,4.550667374400454,238.17638615512357,19.68860700000002,0.059089870135747236,26403.431279351724,0.0,0.0,1
2025-10-10 12:21:08.500,SG_001,strain_gauge,SPAN_1,239.13499015686273,5.014375629634222,239.18652650472697,22.894969000000003,0.023509684253395186,32058.552767713747,0.0,0.0,1
2025-10-10 12:21:11.500,SG_001,strain_gauge,SPAN_1,238.6448066470588,4.911108316620214,238.69434388614482,22.894969000000003,-0.03781259592759953,30751.705744409697,0.0,0.0,1
2025-10-10 12:21:14.500,SG_001,strain_gauge,SPAN_1,239.38090176470587,5.163677185938824,239.43549627576445,20.617669000000006,0.061224448687782616,33996.04165274599,0.0,0.0,1
2025-10-10 12:21:17.500,SG_001,strain_gauge,SPAN_1,240.22899070588235,5.686361515221336,240.29496180523725,23.845461,0.03463071085972978,41226.7517842826,0.0,0.0,1
2025-10-10 12:21:20.500,SG_001,strain_gauge,SPAN_1,240.66437225490193,4.668250606560049,240.70875624164688,21.116262999999975,-0.015400297104072633,27785.51875020154,0.0,0.0,1
2025-10-10 12:21:23.500,SG_001,strain_gauge,SPAN_1,240.66418939215689,4.273836934001544,240.70139091266637,19.234894999999995,0.01803536027149381,23288.74472650554,0.0,0.0,1
2025-10-10 12:21:26.500,SG_001,strain_gauge,SPAN_1,240.58129656862747,4.606201242598214,240.62452353648172,21.518853000000007,0.061861385158374395,27051.78960632449,0.0,0.0,1
2025-10-10 12:21:29.500,SG_001,strain_gauge,SPAN_1,240.62262307843133,4.401008819489418,240.66207809673747,21.01731799999999,0.010810056923078447,24695.320252260142,0.0,0.0,1
2025-10-10 12:21:32.500,SG_001,strain_gauge,SPAN_1,241.98868715686274,4.847380292588891,242.0362805040523,22.010048000000012,0.06259745321267075,29958.79701874843,0.0,0.0,1
2025-10-10 12:21:35.500,SG_001,strain_gauge,SPAN_1,243.64029321568626,5.206422345199422,243.6948251508847,24.089856999999995,0.039701861900454806,34561.2128866546,0.0,0.0,1
2025-10-10 12:21:38.500,SG_001,strain_gauge,SPAN_1,244.31074245098043,4.826628930520249,244.35748081994097,22.671539999999993,-0.013486119909498844,29702.84221199217,0.0,0.0,1
2025-10-10 12:21:41.500,SG_001,strain_gauge,SPAN_1,245.6769518627451,5.069820867728642,245.7282315448684,24.618566999999985,0.11584428606334933,32771.43162934242,0.0,0.0,1
2025-10-10 12:21:44.500,SG_001,strain_gauge,SPAN_1,246.75969031372549,5.284550352184255,246.81516091654458,26.700579000000005,0.052729974298643956,35606.25234158269,0.0,0.0,1
2025-10-10 12:21:47.500,SG_001,strain_gauge,SPAN_1,249.76159309803919,5.028880655606093,249.81122303093593,23.844292999999993,0.11379785203620155,32244.291826619694,0.0,0.0,1
2025-10-10 12:21:50.500,SG_001,strain_gauge,SPAN_1,250.45648333333335,5.066599787481766,250.50672073873645,19.801578000000006,-0.07105133113122078,32729.802593300596,0.0,0.0,1
2025-10-10 12:21:53.500,SG_001,strain_gauge,SPAN_1,250.66359980392158,5.641742443241951,250.72583716354882,22.229889000000014,0.08680226162896255,40582.30368974402,0.0,0.0,1
2025-10-10 12:21:56.500,SG_001,strain_gauge,SPAN_1,252.19183031372546,5.017502108386954,252.24075993091174,23.825373000000013,0.019438443619912486,32098.54244477609,0.0,0.0,1
2025-10-10 12:21:59.500,SG_001,strain_gauge,SPAN_1,252.97627329411765,5.627038142372015,253.03762082732356,23.825373000000013,0.10843078597285186,40371.036776029614,0.0,0.0,1
2025-10-10 12:22:02.500,SG_001,strain_gauge,SPAN_1,254.76752319607849,5.298754763465597,254.82153981164433,22.422944,-0.02060316036198919,35797.922605270425,0.0,0.0,1
2025-10-10 12:22:05.500,SG_001,strain_gauge,SPAN_1,256.84503237254904,4.528126374229015,256.8841617248985,18.462894000000006,0.0847949569230775,26142.508787760213,0.0,0.0,1
2025-10-10 12:22:08.500,SG_001,strain_gauge,SPAN_1,259.39833221568625,4.898003129323396,259.4436640009829,21.03466100000003,0.05991379330316881,30587.80418494877,0.0,0.0,1
2025-10-10 12:22:11.500,SG_001,strain_gauge,SPAN_1,258.96587535294117,5.1446168667292245,259.01597000496804,24.168759000000023,-0.07706714054298265,33745.53044942939,0.0,0.0,1
2025-10-10 12:22:14.500,SG_001,strain_gauge,SPAN_1,259.8218676666667,5.295765102473933,259.87477396112234,24.168759000000023,0.11029968796380012,35757.53822624044,0.0,0.0,1
2025-10-10 12:22:17.500,SG_001,strain_gauge,SPAN_1,260.8612628431373,4.974256121202234,260.9077548000855,22.30555799999999,0.024009787873304246,31547.61054813031,0.0,0.0,1
2025-10-10 12:22:20.500,SG_001,strain_gauge,SPAN_1,262.699999627451,6.023930662014838,262.7677035340485,26.45724899999999,0.08160822407240205,46266.86929147222,0.0,0.0,1
2025-10-10 12:22:23.500,SG_001,strain_gauge,SPAN_1,264.1502030980392,5.01297175379319,264.1968337048739,22.980338999999987,-0.035082827058820966,32040.604400518674,0.0,0.0,1
2025-10-10 12:22:26.500,SG_001,strain_gauge,SPAN_1,263.8077699019608,4.823253367080953,263.8509940880957,22.77039000000002,-0.016561708144794067,29661.310629898646,0.0,0.0,1
2025-10-10 12:22:29.500,SG_001,strain_gauge,SPAN_1,264.05388421568625,5.221962560991267,264.10450200290643,25.256057999999996,-0.02589614352940832,34767.838560202945,0.0,0.0,1
2025-10-10 12:22:32.500,SG_001,strain_gauge,SPAN_1,265.92214417647057,5.105087981867351,265.97018191633856,23.027229000000005,0.1309762584615405,33228.952210823234,0.0,0.0,1
2025-10-10 12:22:35.500,SG_001,strain_gauge,SPAN_1,267.62741966666664,4.565471232776713,267.6655947042807,21.438705000000027,-0.03032287113121907,26575.49766107245,0.0,0.0,1
2025-10-10 12:22:38.500,SG_001,strain_gauge,SPAN_1,267.9563223137255,5.020532378743718,268.0024294348129,18.847932999999955,0.011251225158371353,32137.325341667925,0.0,0.0,1
2025-10-10 12:22:41.500,SG_001,strain_gauge,SPAN_1,267.9183650784314,4.49489729518961,267.95532890602715,18.27651499999996,0.027964171855205805,25760.229660236157,0.0,0.0,1
2025-10-10 12:22:44.500,SG_001,strain_gauge,SPAN_1,268.75394611764705,5.2054021742045045,268.80336394348166,23.384094999999945,-0.02071221221719289,34547.67003889655,0.0,0.0,1
2025-10-10 12:22:47.500,SG_001,strain_gauge,SPAN_1,268.6236048823529,5.6681844641423105,268.68222763730927,23.384094999999945,0.0015089723076959064,40963.601777418924,0.0,0.0,1
2025-10-10 12:22:50.500,SG_001,strain_gauge,SPAN_1,268.4212022352941,5.397257194619134,268.47439544701746,27.09782800000002,-0.09154903520361761,37141.24116170669,0.0,0.0,1
2025-10-10 12:22:53.500,SG_001,strain_gauge,SPAN_1,267.66678762745096,4.86313049282591,267.71009601946315,19.71699000000001,-0.015244740180995402,30153.798692572807,0.0,0.0,1
2025-10-10 12:22:56.500,SG_001,strain_gauge,SPAN_1,268.2856202941177,5.256503649709873,268.33610101182126,27.256732999999997,0.025314745610860296,35229.30903975186,0.0,0.0,1
2025-10-10 12:22:59.500,SG_001,strain_gauge,SPAN_1,266.894221254902,5.387390937690539,266.9475233500156,27.256732999999997,-0.062070055384615505,37005.575922275435,0.0,0.0,1
2025-10-10 12:23:02.500,SG_001,strain_gauge,SPAN_1,266.93652090196076,5.9429258430868765,267.0013708612899,27.417552,0.04734608859728748,45030.918659948074,0.0,0.0,1
2025-10-10 12:23:05.500,SG_001,strain_gauge,SPAN_1,268.4281081960785,5.8693571021453295,268.4910112927663,27.417552,-0.0609277085067844,43922.92481044237,0.0,0.0,1
2025-10-10 12:23:08.500,SG_001,strain_gauge,SPAN_1,269.283015745098,5.542666445502303,269.3389339560559,28.167408999999964,0.08192951266968763,39169.46794077385,0.0,0.0,1
2025-10-10 12:23:11.500,SG_001,strain_gauge,SPAN_1,269.652899627451,5.758759903211135,269.71317975216624,28.007367999999985,-0.0031086657918508024,42283.22741911121,0.0,0.0,1
2025-10-10 12:23:14.500,SG_001,strain_gauge,SPAN_1,269.6983416862745,5.893246073131478,269.7614592012065,27.284569999999974,0.02031881692308034,44281.19533006146,0.0,0.0,1
2025-10-10 12:23:17.500,SG_001,strain_gauge,SPAN_1,270.1637601568627,5.251236755487957,270.2137896069045,24.561383000000035,0.016526344886878437,35158.7465142893,0.0,0.0,1
2025-10-10 12:23:20.500,SG_001,strain_gauge,SPAN_1,181.7040414117647,74.7991831129721,196.218174971786,170.532899,-4.244049537194569,7133520.18781911,0.0,0.0,1
2025-10-10 12:23:23.500,SG_001,strain_gauge,SPAN_1,120.2655859607843,3.9588974263742625,120.32945077648186,16.987039999999993,0.04897472407239849,19982.907761504764,0.0,0.0,0
2025-10-10 12:23:26.500,SG_001,strain_gauge,SPAN_1,120.97032676470589,5.243188836769682,121.08167469501707,23.522378999999987,-0.01895991819004508,35051.062201983426,0.0,0.0,0
2025-10-10 12:23:29.500,SG_001,strain_gauge,SPAN_1,120.0011904901961,5.0048937716841015,120.10347007734238,24.467472999999984,-0.04995227276018019,31937.426123948957,0.0,0.0,0
2025-10-10 12:23:32.500,SG_001,strain_gauge,SPAN_1,120.12978876470588,5.285772418333176,120.24374290387694,26.04392200000001,0.03823201420814544,35622.722324474984,0.0,0.0,0
2025-10-10 12:23:35.500,SG_001,strain_gauge,SPAN_1,120.34582082352942,5.763789214642329,120.48106265478053,27.428110000000004,0.0560106734841643,42357.114291304715,0.0,0.0,0
2025-10-10 12:23:38.500,SG_001,strain_gauge,SPAN_1,120.97147349019608,4.731310427280954,121.06214837565744,20.396475999999993,-0.01107986443438814,28541.255408104305,0.0,0.0,0
2025-10-10 12:23:41.500,SG_001,strain_gauge,SPAN_1,120.81512335294116,4.77146892056411,120.9074626991044,19.618443,0.051784694298642915,29027.817466384273,0.0,0.0,0
2025-10-10 12:23:44.500,SG_001,strain_gauge,SPAN_1,121.31730549019609,5.309614782862216,121.43116501150338,19.618443,-0.015660406244342624,35944.81165654593,0.0,0.0,0
2025-10-10 12:23:47.500,SG_001,strain_gauge,SPAN_1,121.19159594117646,4.546430683635879,121.2751733207838,19.380338999999992,-0.03675060850678709,26354.29075040992,0.0,0.0,0
2025-10-10 12:23:50.500,SG_001,strain_gauge,SPAN_1,121.73554174509803,5.225931695244139,121.84546355429124,22.019984000000008,0.046350943257919774,34820.71165628053,0.0,0.0,0
2025-10-10 12:23:53.500,SG_001,strain_gauge,SPAN_1,122.98479566666666,5.790041037002874,123.11834630050049,28.021572000000006,0.05959540371040875,42743.833392976085,0.0,0.0,0
2025-10-10 12:23:56.500,SG_001,strain_gauge,SPAN_1,123.14274613725489,5.478770649330315,123.2621770326975,26.336321000000012,-0.05691721095022464,38271.58298065323,0.0,0.0,0
2025-10-10 12:23:59.500,SG_001,strain_gauge,SPAN_1,122.40452627450982,4.928365928146445,122.50175750743502,20.404213999999982,0.02283305303167437,30968.208170186343,0.0,0.0,0
2025-10-10 12:24:02.500,SG_001,strain_gauge,SPAN_1,124.49898774509803,4.762093983510883,124.5882451559227,18.82931500000001,0.09366411882353139,28913.86236243294,0.0,0.0,0
2025-10-10 12:24:05.500,SG_001,strain_gauge,SPAN_1,126.02823662745098,3.904802996873911,126.08752889777297,17.249342999999996,0.07337339212669762,19440.54521660423,0.0,0.0,0
2025-10-10 12:24:08.500,SG_001,strain_gauge,SPAN_1,126.30147278431372,5.290421440345319,126.41005415404415,24.275092000000015,-0.07078775429864172,35685.412745993446,0.0,0.0,0
2025-10-10 12:24:11.500,SG_001,strain_gauge,SPAN_1,125.94141449019607,4.937412592575312,126.0362643291819,26.778025,0.052507436380091796,31082.004964384596,0.0,0.0,0
2025-10-10 12:24:14.500,SG_001,strain_gauge,SPAN_1,127.3808475098039,4.540107752293957,127.46014562409064,23.18858999999999,0.03689461529411742,26281.03746311059,0.0,0.0,0
2025-10-10 12:24:17.500,SG_001,strain_gauge,SPAN_1,127.36505815686274,4.738622648092427,127.45145075170305,23.934253999999996,-0.029405581719456782,28629.544366293463,0.0,0.0,0
2025-10-10 12:24:20.500,SG_001,strain_gauge,SPAN_1,127.98452690196078,4.788557396719806,128.07232251696303,20.152577000000008,0.013169777828053904,29236.109475641962,0.0,0.0,0
2025-10-10 12:24:23.500,SG_001,strain_gauge,SPAN_1,128.12150205882352,4.912885283013319,128.21381543362784,26.98558,0.02459602651583911,30773.963300162293,0.0,0.0,0
2025-10-10 12:24:26.500,SG_001,strain_gauge,SPAN_1,128.41029231372548,4.8326692024216475,128.49941606321275,23.973051999999996,-0.033283007149320705,29777.231815544223,0.0,0.0,0
2025-10-10 12:24:29.500,SG_001,strain_gauge,SPAN_1,127.23613676470588,5.528273120610997,127.35382621441,24.632113999999987,-0.01378378081447879,38966.29971248932,0.0,0.0,0
2025-10-10 12:24:32.500,SG_001,strain_gauge,SPAN_1,126.21928705882354,5.988548612855206,126.3584898202177,27.389138999999986,0.018001082895928812,45724.96097287575,0.0,0.0,0
2025-10-10 12:24:35.500,SG_001,strain_gauge,SPAN_1,127.62210927450982,5.4344992256239,127.73549805651831,23.027254,0.06999074561086119,37655.571837466116,0.0,0.0,0
2025-10-10 12:24:38.500,SG_001,strain_gauge,SPAN_1,127.63675639215685,4.971756372221973,127.7316533596199,26.85806799999999,0.03018028262443491,31515.910816530486,0.0,0.0,0
2025-10-10 12:24:41.500,SG_001,strain_gauge,SPAN_1,127.46690333333335,5.181970890460931,127.57012872052489,25.323832999999993,-0.05818413366515783,34237.348444720184,0.0,0.0,0
2025-10-10 12:24:44.500,SG_001,strain_gauge,SPAN_1,127.30865515686276,4.664492222807551,127.39240380862515,23.77726,0.0851672561085974,27740.79681320597,0.0,0.0,0
2025-10-10 12:24:47.500,SG_001,strain_gauge,SPAN_1,126.75954066666668,5.508842369119156,126.87684362525134,27.243764,-0.10975585927601793,38692.863915948,0.0,0.0,0
2025-10-10 12:24:50.500,SG_001,strain_gauge,SPAN_1,125.28100764705883,5.08181050672967,125.38201348877743,26.02322799999999,-0.015746774660632214,32926.61748354279,0.0,0.0,0
2025-10-10 12:24:53.500,SG_001,strain_gauge,SPAN_1,125.92770262745098,4.367338737463464,126.00192833280107,20.055180000000007,0.015665911674209398,24318.900750879915,0.0,0.0,0
2025-10-10 12:24:56.500,SG_001,strain_gauge,SPAN_1,125.0516572352941,4.920910049701233,125.14654418766155,20.74896000000001,0.0031367939366522607,30874.578539494498,0.0,0.0,0
2025-10-10 12:24:59.500,SG_001,strain_gauge,SPAN_1,124.70016392156862,5.7159869000066115,124.82853340054052,23.15073299999999,0.06463198072398167,41657.44545733516,0.0,0.0,0
2025-10-10 12:25:02.500,SG_001,strain_gauge,SPAN_1,124.89131468627453,5.842407598070243,125.02521714379188,21.87168299999999,-0.10492271085972653,43520.501341035844,0.0,0.0,0
2025-10-10 12:25:05.500,SG_001,strain_gauge,SPAN_1,122.5922594509804,5.400629102241176,122.70883005742158,21.539568000000003,-0.032000790859727006,37187.663242467264,0.0,0.0,0
2025-10-10 12:25:08.500,SG_001,strain_gauge,SPAN_1,122.42496037254902,5.0421701695249865,122.52671505688235,26.575930999999997,-0.04198146199094948,32414.93702352072,0.0,0.0,0
2025-10-10 12:25:11.500,SG_001,strain_gauge,SPAN_1,121.16729049019608,4.866561633342463,121.26306661981044,20.79571200000001,-0.0210689996380093,30196.36321717909,0.0,0.0,0
2025-10-10 12:25:14.500,SG_001,strain_gauge,SPAN_1,120.55968645098038,5.843369392507386,120.69844014684506,31.285297,-0.048444526425338204,43534.83146804748,0.0,0.0,0
2025-10-10 12:25:17.500,SG_001,strain_gauge,SPAN_1,119.48160823529412,5.53245104978235,119.60711753052642,23.45700699999999,0.014423714298643024,39025.218638253216,0.0,0.0,0
2025-10-10 12:25:20.500,SG_001,strain_gauge,SPAN_1,119.04161254901962,4.975384126877197,119.14350416268208,23.45700699999999,0.058795139457014006,31561.9201927265,0.0,0.0,0
2025-10-10 12:25:23.500,SG_001,strain_gauge,SPAN_1,120.08512533333332,5.324974656903913,120.20081819215794,24.355797999999993,0.07011321312217232,36153.077748252894,0.0,0.0,0
2025-10-10 12:25:26.500,SG_001,strain_gauge,SPAN_1,121.14469111764706,4.317550867232004,121.22009700071922,16.366113000000013,0.014595115746607299,23767.58800119818,0.0,0.0,0
2025-10-10 12:25:29.500,SG_001,strain_gauge,SPAN_1,119.97052066666666,4.25556177297607,120.0444940045121,18.437922,-0.07069914271493115,23090.002654609423,0.0,0.0,0
2025-10-10 12:25:32.500,SG_001,strain_gauge,SPAN_1,119.54149619607843,4.927881591321849,119.64103465190976,20.899136999999996,0.07536166515837235,30962.12164706317,0.0,0.0,0
2025-10-10 12:25:35.500,SG_001,strain_gauge,SPAN_1,121.35810923529412,4.764755097694141,121.44977733029536,23.637972999999988,0.006693555022624597,28946.186204777932,0.0,0.0,0
2025-10-10 12:25:38.500,SG_001,strain_gauge,SPAN_1,120.76147009803921,4.757521170269602,120.85331134831564,24.04939999999999,-0.023373818190045026,28858.359799093385,0.0,0.0,0
2025-10-10 12:25:41.500,SG_001,strain_gauge,SPAN_1,118.55397343137255,5.635784662458185,118.68523033413297,27.095178000000004,-0.06008561728506623,40496.63767103863,0.0,0.0,0
2025-10-10 12:25:44.500,SG_001,strain_gauge,SPAN_1,120.69317619607844,6.100340296826501,120.84422718022145,30.91962000000001,0.08829108533936726,47448.04346478368,0.0,0.0,0
2025-10-10 12:25:47.500,SG_001,strain_gauge,SPAN_1,122.6345130980392,5.479947047671331,122.75448994821082,24.170169,0.0542769833484173,38288.0200477342,0.0,0.0,0
2025-10-10 12:25:50.500,SG_001,strain_gauge,SPAN_1,122.74754662745096,5.72081746363412,122.87817639790296,30.112678000000002,0.01253848868778378,41727.88437658194,0.0,0.0,0
2025-10-10 12:25:53.500,SG_001,strain_gauge,SPAN_1,123.32429478431372,5.6625448644409015,123.45168036273712,33.610636,0.01194948325792005,40882.128285802675,0.0,0.0,0
2025-10-10 12:25:56.500,SG_001,strain_gauge,SPAN_1,123.68543768627451,5.436018304507532,123.80249744291542,26.692813,0.09686215954751176,37676.626133849706,0.0,0.0,0
2025-10-10 12:25:59.500,SG_001,strain_gauge,SPAN_1,124.71703860784315,4.648677630049557,124.8019478747583,20.67246,0.008576970226245291,27553.009727857036,0.0,0.0,0
2025-10-10 12:26:02.500,SG_001,strain_gauge,SPAN_1,124.94701213725492,4.89029977250597,125.04080114786079,23.465189999999993,0.007604125248869361,30491.66562783922,0.0,0.0,0
2025-10-10 12:26:05.500,SG_001,strain_gauge,SPAN_1,125.32347305882355,4.874478204565694,125.4163766993572,19.173750999999996,0.054483019366517504,30294.685652652137,0.0,0.0,0
2025-10-10 12:26:08.500,SG_001,strain_gauge,SPAN_1,125.91253576470586,4.894610086326597,126.005770190976,20.137711999999993,-0.028563167239819335,30545.440068891807,0.0,0.0,0
2025-10-10 12:26:11.500,SG_001,strain_gauge,SPAN_1,125.39730747058825,4.735770616474684,125.48494925227352,18.276272000000006,0.02572842914027182,28595.09224812788,0.0,0.0,0
2025-10-10 12:26:14.500,SG_001,strain_gauge,SPAN_1,127.04235827450982,4.125840938699654,127.10802328589021,21.23002199999999,0.059864188959276914,21703.76840059881,0.0,0.0,0
2025-10-10 12:26:17.500,SG_001,strain_gauge,SPAN_1,127.01386747058824,3.9218109428615255,127.07321334763883,18.646062999999984,-0.021532071764705014,19610.266366224223,0.0,0.0,0
2025-10-10 12:26:20.500,SG_001,strain_gauge,SPAN_1,127.16442299999999,4.419782471842168,127.23970262877314,18.01568499999999,0.02620177873303423,24906.45830046415,0.0,0.0,0
2025-10-10 12:26:23.500,SG_001,strain_gauge,SPAN_1,127.69630935294117,4.933282572511897,127.7897002805534,19.45761300000001,0.02796994714932321,31030.028098818228,0.0,0.0,0
2025-10-10 12:26:26.500,SG_001,strain_gauge,SPAN_1,129.0223033137255,4.744797212705398,129.1078092898481,18.784209000000004,0.06896387800905089,28704.20325186357,0.0,0.0,0
2025-10-10 12:26:29.500,SG_001,strain_gauge,SPAN_1,129.04400323529413,4.971721299159296,129.1378647676656,24.616316000000012,-0.028149356923076067,31515.466162555607,0.0,0.0,0
2025-10-10 12:26:32.500,SG_001,strain_gauge,SPAN_1,128.1324637254902,5.100190354403561,128.23193893856407,25.13475600000001,-0.06198486787330172,33165.22560521768,0.0,0.0,0
2025-10-10 12:26:35.500,SG_001,strain_gauge,SPAN_1,127.07676388235296,4.863563310306601,127.16797693640835,25.13475600000001,0.03687541375565683,30159.166293534643,0.0,0.0,0
2025-10-10 12:26:38.500,SG_001,strain_gauge,SPAN_1,127.97182278431373,4.7775322939034774,128.05922339359424,25.875807999999992,0.04837663882352991,29101.638894595533,0.0,0.0,0
2025-10-10 12:26:41.500,SG_001,strain_gauge,SPAN_1,126.90513329411765,4.704297033520941,126.99058759356204,22.305620000000005,-0.0369892051583705,28216.273488982253,0.0,0.0,0
2025-10-10 12:26:44.500,SG_001,strain_gauge,SPAN_1,126.12025660784315,4.595333072095048,126.20230644628107,21.96676500000001,0.03484165321267016,26924.284705450416,0.0,0.0,0
2025-10-10 12:26:47.500,SG_001,strain_gauge,SPAN_1,126.90941233333334,4.921378518458883,127.00292911586573,23.297657000000015,-0.06244479085972702,30880.45731548439,0.0,0.0,0
2025-10-10 12:26:50.500,SG_001,strain_gauge,SPAN_1,126.19929905882354,4.761628499995175,126.28733752124562,19.816258000000005,0.019916928778281082,28908.210114257025,0.0,0.0,0
2025-10-10 12:26:53.500,SG_001,strain_gauge,SPAN_1,124.88072417647057,5.399805931591415,124.99512571028036,22.285294000000007,-0.09371189846153766,37176.327726033545,0.0,0.0,0
2025-10-10 12:26:56.500,SG_001,strain_gauge,SPAN_1,123.48598809803921,5.662326896001247,123.61319725992378,23.77157799999999,0.03197604932126806,40878.98099340338,0.0,0.0,0
2025-10-10 12:26:59.500,SG_001,strain_gauge,SPAN_1,124.57564205882355,5.317998706600423,124.68687650686469,22.368561999999983,-0.00036917176470520303,36058.415560339796,0.0,0.0,0
2025-10-10 12:27:02.500,SG_001,strain_gauge,SPAN_1,124.91636117647059,4.924603993859639,125.01149343183232,22.745847999999995,-0.004281316380089351,30920.948732831344,0.0,0.0,0
2025-10-10 12:27:05.500,SG_001,strain_gauge,SPAN_1,123.54760313725491,4.808084756446337,123.63929242826403,20.299230999999992,-0.08644720470588196,29475.04075709383,0.0,0.0,0
2025-10-10 12:27:08.500,SG_001,strain_gauge,SPAN_1,122.8694470980392,5.589504681113793,122.99402828386332,29.36336,-0.02465971104072283,39834.267289746065,0.0,0.0,0
2025-10-10 12:27:11.500,SG_001,strain_gauge,SPAN_1,122.00095625490196,5.4949311804825145,122.1222156337857,23.130065000000002,-0.050992569683258215,38497.69256475467,0.0,0.0,0
2025-10-10 12:27:14.500,SG_001,strain_gauge,SPAN_1,122.07410545098041,4.729589337684271,122.16389658494452,19.18169800000001,0.0311731280542999,28520.494511499342,0.0,0.0,0
2025-10-10 12:27:17.500,SG_001,strain_gauge,SPAN_1,121.86526576470588,4.475687029430845,121.94581581340913,21.712398000000007,-0.06232806425339171,25540.51234140476,0.0,0.0,0
2025-10-10 12:27:20.500,SG_001,strain_gauge,SPAN_1,120.50785570588233,4.599070910108769,120.59386388074971,21.984103000000005,-0.007037965248868218,26968.102876166085,0.0,0.0,0
2025-10-10 12:27:23.500,SG_001,strain_gauge,SPAN_1,119.35563413725491,4.413105402495847,119.43559363550138,17.557486999999995,-0.07135890796380001,24831.261599260997,0.0,0.0,0
2025-10-10 12:27:26.500,SG_001,strain_gauge,SPAN_1,119.57788290196079,5.4496419644931695,119.69956704773091,27.408904000000007,0.0184926240723998,37865.711864985344,0.0,0.0,0
2025-10-10 12:27:29.500,SG_001,strain_gauge,SPAN_1,120.01320241176471,5.652381164765828,120.14362948939021,27.408904000000007,0.009200034932127853,40735.50136054435,0.0,0.0,0
2025-10-10 12:27:32.500,SG_001,strain_gauge,SPAN_1,119.54097033333333,4.479093099424347,119.62321047893317,21.808754000000008,-0.01306041076923007,25579.400616471274,0.0,0.0,0
2025-10-10 12:27:35.500,SG_001,strain_gauge,SPAN_1,119.4930441764706,4.510414737135714,119.57647155195626,18.92105500000001,0.019225471493213082,25938.397403738058,0.0,0.0,0
2025-10-10 12:27:38.500,SG_001,strain_gauge,SPAN_1,119.19656301960785,4.948990283066114,119.29724596702407,18.856790000000018,-0.04717571104072373,31227.943647900585,0.0,0.0,0
2025-10-10 12:27:41.500,SG_001,strain_gauge,SPAN_1,119.63970356862744,6.048620886900067,119.78951170994942,29.36757399999999,0.0726389979185537,46646.91365764078,0.0,0.0,0
2025-10-10 12:27:44.500,SG_001,strain_gauge,SPAN_1,121.39382452941175,5.734241126455037,121.52652969398184,26.68695199999999,0.07155359882353059,41923.939652818626,0.0,0.0,0
2025-10-10 12:27:47.500,SG_001,strain_gauge,SPAN_1,121.15714954901959,5.184177672607201,121.26583859649553,21.68665999999999,-0.10152607683257811,34266.51512997774,0.0,0.0,0
2025-10-10 12:27:50.500,SG_001,strain_gauge,SPAN_1,122.48551562745098,5.691817667057523,122.61510141794668,22.790127000000012,0.11679046244344153,41305.905152660875,0.0,0.0,0
2025-10-10 12:27:53.500,SG_001,strain_gauge,SPAN_1,123.62289598039217,5.335232596662551,123.73571427010184,23.382801000000015,-0.09613719239818827,36292.50124712555,0.0,0.0,0
2025-10-10 12:27:56.500,SG_001,strain_gauge,SPAN_1,123.39263196078431,5.374064282633329,123.50731113378545,24.898061999999996,0.04863343411764862,36822.72281519098,0.0,0.0,0
2025-10-10 12:27:59.500,SG_001,strain_gauge,SPAN_1,124.02534009803921,5.127380524524785,124.1292049707594,24.72246299999999,0.023293606515837683,33519.78958017696,0.0,0.0,0
2025-10-10 12:28:02.500,SG_001,strain_gauge,SPAN_1,124.76045554901961,5.012283983197713,124.8591272269103,22.95242900000001,0.056616659366516525,32031.81317848092,0.0,0.0,0
2025-10-10 12:28:05.500,SG_001,strain_gauge,SPAN_1,125.8744398627451,4.383272106315535,125.94923960933484,18.060721,0.02059167185520365,24496.669806454876,0.0,0.0,0
2025-10-10 12:28:08.500,SG_001,strain_gauge,SPAN_1,126.53251188235295,4.767688429567173,126.62054222447468,21.451587999999987,0.0067516793665175915,28981.83752582158,0.0,0.0,0
2025-10-10 12:28:11.500,SG_001,strain_gauge,SPAN_1,126.56099203921568,5.096416808727081,126.66155251940185,22.78748499999999,0.00012279719457062563,33116.16696755181,0.0,0.0,0
2025-10-10 12:28:14.500,SG_001,strain_gauge,SPAN_1,126.9432468627451,5.093345117896457,127.04338400189866,21.514518999999993,-0.005096447692307505,33076.25972474958,0.0,0.0,0
2025-10-10 12:28:17.500,SG_001,strain_gauge,SPAN_1,125.94241886274511,5.761213402412623,126.07154172760694,23.009168000000003,-0.04286345638008899,42319.26433187701,0.0,0.0,0
2025-10-10 12:28:20.500,SG_001,strain_gauge,SPAN_1,127.5386770392157,5.639773370757291,127.66086916931067,24.64194900000001,0.11958030497737711,40553.98068371639,0.0,0.0,0
2025-10-10 12:28:23.500,SG_001,strain_gauge,SPAN_1,128.2305100980392,5.150292158406757,128.33187102701518,21.871667000000002,-0.08417887719456853,33820.02437910632,0.0,0.0,0
2025-10-10 12:28:26.500,SG_001,strain_gauge,SPAN_1,127.05722484313726,5.27701436597593,127.16461476445096,25.86150400000001,0.009251877104072916,35504.77278886333,0.0,0.0,0
2025-10-10 12:28:29.500,SG_001,strain_gauge,SPAN_1,127.51347299999999,4.247374438239789,127.58280549091297,18.741504000000006,0.0372550943891415,23001.24176373128,0.0,0.0,0
2025-10-10 12:28:32.500,SG_001,strain_gauge,SPAN_1,127.81252766666667,4.58410494628039,127.89309679231796,21.49653699999999,-0.039509194841627286,26792.87315210324,0.0,0.0,0
2025-10-10 12:28:35.500,SG_001,strain_gauge,SPAN_1,127.20484049019608,4.920932001496636,127.2981233198941,22.174379999999985,-0.05922876190045145,30874.853998275954,0.0,0.0,0
2025-10-10 12:28:38.500,SG_001,strain_gauge,SPAN_1,126.33738211764705,4.535874777442964,126.41718579938059,17.241026000000005,-0.0009998447058815118,26232.05399572016,0.0,0.0,0
2025-10-10 12:28:41.500,SG_001,strain_gauge,SPAN_1,126.87279709803923,4.507917291006059,126.95128792005681,19.949005,0.0740021956561098,25909.68083575305,0.0,0.0,0
2025-10-10 12:28:44.500,SG_001,strain_gauge,SPAN_1,127.67377656862743,5.261238677941707,127.78001055808188,21.635360000000006,-0.01019846226244172,35292.806343494,0.0,0.0,0
2025-10-10 12:28:47.500,SG_001,strain_gauge,SPAN_1,126.92726696078431,5.11829367079273,127.02839982830059,20.094673999999998,-0.012550366244342064,33401.08587810807,0.0,0.0,0
2025-10-10 12:28:50.500,SG_001,strain_gauge,SPAN_1,125.81363801960784,5.799871468044784,125.94463244682566,26.611924000000002,-0.08908962660633399,42889.09903344593,0.0,0.0,0
2025-10-10 12:28:53.500,SG_001,strain_gauge,SPAN_1,123.8869175490196,5.723392626148099,124.01646368308295,26.611924000000002,0.01783691990950335,41765.459520134194,0.0,0.0,0
2025-10-10 12:28:56.500,SG_001,strain_gauge,SPAN_1,123.86113966666667,4.7411380916717585,123.95006880666419,19.019073000000006,0.004064708959275506,28659.94776548368,0.0,0.0,0
2025-10-10 12:28:59.500,SG_001,strain_gauge,SPAN_1,123.6900338235294,5.110393903121147,123.79349139680966,21.57024,-0.03262576398189949,33298.06045244869,0.0,0.0,0
2025-10-10 12:29:02.500,SG_001,strain_gauge,SPAN_1,123.69625178431372,5.543706453733194,123.8179824788809,26.87581800000001,-0.06401552723981761,39184.16858758292,0.0,0.0,0
2025-10-10 12:29:05.500,SG_001,strain_gauge,SPAN_1,122.38588758823529,5.8941401261886455,122.52495735444413,28.733148,-0.0689761075113113,44294.631979612546,0.0,0.0,0
2025-10-10 12:29:08.500,SG_001,strain_gauge,SPAN_1,122.28798327450983,5.220175246318441,122.39716812378286,25.475480000000005,-0.021052072036196988,34744.042742901634,0.0,0.0,0
2025-10-10 12:29:11.500,SG_001,strain_gauge,SPAN_1,121.47040225490196,5.167456792907315,121.57811338021236,20.58768599999999,-0.09568652099547392,34045.82737586904,0.0,0.0,0
2025-10-10 12:29:14.500,SG_001,strain_gauge,SPAN_1,121.07812635294117,5.103759270534476,121.18353967308904,23.642325,0.016386448506787374,33211.6573317474,0.0,0.0,0
2025-10-10 12:29:17.500,SG_001,strain_gauge,SPAN_1,121.84505125490199,4.398543933389352,121.92286228350203,20.625465000000005,0.0064023700452497615,24667.66563579425,0.0,0.0,0
2025-10-10 12:29:20.500,SG_001,strain_gauge,SPAN_1,120.72400088235294,5.041003805819658,120.82714032619236,24.18444500000001,-0.11109616524886742,32399.942197117536,0.0,0.0,0
2025-10-10 12:29:23.500,SG_001,strain_gauge,SPAN_1,120.30632809803923,5.434063171822986,120.4265860271477,26.608966999999993,0.04818149411764816,37649.529258087685,0.0,0.0,0
2025-10-10 12:29:26.500,SG_001,strain_gauge,SPAN_1,120.48963762745097,5.168908874665704,120.59828572441478,24.448019999999985,-0.06989112470588149,34064.964167112295,0.0,0.0,0
2025-10-10 12:29:29.500,SG_001,strain_gauge,SPAN_1,120.90750235294118,4.447708438074565,120.98767850925947,18.64054200000001,0.03021326615384768,25222.190696402584,0.0,0.0,0
2025-10-10 12:29:32.500,SG_001,strain_gauge,SPAN_1,120.2790094117647,4.020171949077085,120.3448585934582,14.321428999999995,-0.05274626832579158,20606.272687686465,0.0,0.0,0
2025-10-10 12:29:35.500,SG_001,strain_gauge,SPAN_1,119.45497300000001,4.442885456645463,119.53594757169476,20.269326000000007,-0.01802996488687716,25167.51975561151,0.0,0.0,0
2025-10-10 12:29:38.500,SG_001,strain_gauge,SPAN_1,120.2345861764706,5.138382115559831,120.34218287235572,24.416077,0.010435255565612018,33663.787726019036,0.0,0.0,0
2025-10-10 12:29:41.500,SG_001,strain_gauge,SPAN_1,121.19337215686274,4.813831584874607,121.28706467397835,24.416077,0.02317534814479679,29545.54252260887,0.0,0.0,0
2025-10-10 12:29:44.500,SG_001,strain_gauge,SPAN_1,121.12568019607843,4.568963130109201,121.21013367291572,17.022531999999998,-0.04157924271493141,26616.165707479016,0.0,0.0,0
2025-10-10 12:29:47.500,SG_001,strain_gauge,SPAN_1,120.64894049019607,4.744038807157273,120.74034724718742,22.146001,0.0032039870588241944,28695.02785986311,0.0,0.0,0
2025-10-10 12:29:50.500,SG_001,strain_gauge,SPAN_1,121.85689068627453,5.581636742394593,121.98215279537155,22.493208999999993,0.051134686787330644,39722.20262316289,0.0,0.0,0
2025-10-10 12:29:53.500,SG_001,strain_gauge,SPAN_1,121.80832584313725,5.689227813720935,121.9385128030761,25.35616900000001,-0.10052929520361827,41268.324223430245,0.0,0.0,0
2025-10-10 12:29:56.500,SG_001,strain_gauge,SPAN_1,122.76652678431373,5.387930379932281,122.88238555960693,27.041519000000008,0.08473569674208135,37012.98706822145,0.0,0.0,0
2025-10-10 12:00:02.500,SG_002,strain_gauge,SPAN_2,124.50298111764707,5.496602040359568,124.62187824207764,26.01755399999999,0.07295495601809969,38521.10833735834,0.0,0.0,0
2025-10-10 12:00:05.500,SG_002,strain_gauge,SPAN_2,125.3990652745098,4.506521848545396,125.4784288247195,18.140366000000014,-0.03844863972850674,25893.64244355668,0.0,0.0,0
2025-10-10 12:00:08.500,SG_002,strain_gauge,SPAN_2,125.23726054901962,5.205846264681186,125.34329210702283,22.478187000000005,0.013414652579185893,34553.56504765619,0.0,0.0,0
2025-10-10 12:00:11.500,SG_002,strain_gauge,SPAN_2,125.80277098039217,4.958624158676315,125.89854257756836,23.943132000000006,-0.013184971855201316,31349.640772435698,0.0,0.0,0
2025-10-10 12:00:14.500,SG_002,strain_gauge,SPAN_2,126.25468003921567,5.749828689878976,126.38297557852535,28.60100399999999,-0.032018126334841114,42152.175702768116,0.0,0.0,0
2025-10-10 12:00:17.500,SG_002,strain_gauge,SPAN_2,125.93201350980391,4.972619774970116,126.02822752047837,20.465645999999992,0.07846084135746713,31526.857968690398,0.0,0.0,0
2025-10-10 12:00:20.500,SG_002,strain_gauge,SPAN_2,128.0359417254902,4.575649077931921,128.11607399988986,20.956422999999987,0.07713168244343888,26694.11971758352,0.0,0.0,0
2025-10-10 12:00:23.500,SG_002,strain_gauge,SPAN_2,128.1699106078431,4.54566735458827,128.24891390674742,19.623256999999995,-0.023456653574658686,26345.441915676125,0.0,0.0,0
2025-10-10 12:00:26.500,SG_002,strain_gauge,SPAN_2,128.49607278431375,4.038572777105374,128.55827855790548,18.67578900000001,0.050275413122173915,20795.339346870183,0.0,0.0,0
2025-10-10 12:00:29.500,SG_002,strain_gauge,SPAN_2,128.38625588235294,4.848459577116162,128.47597957285868,18.278765000000007,0.002184521266967847,29972.139345435025,0.0,0.0,0
2025-10-10 12:00:32.500,SG_002,strain_gauge,SPAN_2,128.3755748627451,5.044139617028109,128.4726923385237,18.497208000000015,0.044904051855204116,32440.264206992415,0.0,0.0,0
2025-10-10 12:00:35.500,SG_002,strain_gauge,SPAN_2,128.20874111764707,4.9161354348698065,128.30111377783362,23.668702999999994,0.003416856923077576,30814.69420782773,0.0,0.0,0
2025-10-10 12:00:38.500,SG_002,strain_gauge,SPAN_2,127.87570864705883,4.618262568791122,127.95744217597183,17.237359999999995,-0.03778590615384609,27193.645171728906,0.0,0.0,0
2025-10-10 12:00:41.500,SG_002,strain_gauge,SPAN_2,127.86874172549018,4.243890840474859,127.93776835133858,16.793506000000008,0.007314264615385726,22963.527068979663,0.0,0.0,0
2025-10-10 12:00:44.500,SG_002,strain_gauge,SPAN_2,127.70237452941177,4.636019920878917,127.78484932121273,19.168021999999993,-0.05655786977375413,27403.167901152356,0.0,0.0,0
2025-10-10 12:00:47.500,SG_002,strain_gauge,SPAN_2,126.9345588627451,4.699452547191917,127.01981755444815,19.23929299999999,-0.05683932814479645,28158.189160218462,0.0,0.0,0
2025-10-10 12:00:50.500,SG_002,strain_gauge,SPAN_2,126.26909539215684,5.320982385365978,126.37896245304398,25.304142999999996,0.0584360132126704,36098.888270353134,0.0,0.0,0
2025-10-10 12:00:53.500,SG_002,strain_gauge,SPAN_2,126.38728045098037,5.1453956958211675,126.48992306549539,23.065523999999996,-0.06996554244343807,33755.74850488312,0.0,0.0,0
2025-10-10 12:00:56.500,SG_002,strain_gauge,SPAN_2,124.68158531372549,4.80188256108623,124.77220713498042,19.010226000000003,-0.07601734950226144,29399.047066341667,0.0,0.0,0
2025-10-10 12:00:59.500,SG_002,strain_gauge,SPAN_2,123.51018041176471,4.44087877855561,123.58842735252368,18.11738299999999,0.01955388968325809,25144.790515427594,0.0,0.0,0
2025-10-10 12:01:02.500,SG_002,strain_gauge,SPAN_2,124.51841015686276,4.3071619015546805,124.59142167067664,19.407592000000008,0.03216576977375561,23653.345648910265,0.0,0.0,0
2025-10-10 12:01:05.500,SG_002,strain_gauge,SPAN_2,124.00830339215686,4.945756635548357,124.10495639208648,23.36591700000001,-0.0891506878733026,31187.148590040026,0.0,0.0,0
2025-10-10 12:01:08.500,SG_002,strain_gauge,SPAN_2,123.28374633333335,4.6262563556591365,123.36881577583118,22.44435700000001,-0.0002072403619897619,27287.866032052596,0.0,0.0,0
2025-10-10 12:01:11.500,SG_002,strain_gauge,SPAN_2,122.21660129411765,4.2732930753014475,122.28982216892899,17.708295000000007,-0.06456084289592685,23282.81797695961,0.0,0.0,0
2025-10-10 12:01:14.500,SG_002,strain_gauge,SPAN_2,120.38556903921568,4.438354889102426,120.46575435463261,21.031247000000008,-0.06746599348416221,25116.21750506475,0.0,0.0,0
2025-10-10 12:01:17.500,SG_002,strain_gauge,SPAN_2,120.12442809803925,5.5211436554576245,120.24875694462811,22.092664999999997,0.039009689230770805,38865.859761854976,0.0,0.0,0
2025-10-10 12:01:20.500,SG_002,strain_gauge,SPAN_2,120.65831696078432,5.905717122371498,120.79992994241712,22.092664999999997,0.029103886968326123,44468.80578007664,0.0,0.0,0
2025-10-10 12:01:23.500,SG_002,strain_gauge,SPAN_2,120.76085321568625,5.643610885002641,120.89007195239951,28.416252999999983,-0.020284117556560264,40609.18837218337,0.0,0.0,0
2025-10-10 12:01:26.500,SG_002,strain_gauge,SPAN_2,120.91613743137255,5.4627346324122685,121.03705479782036,28.121944999999982,-0.007352508597284245,38047.87382179941,0.0,0.0,0
2025-10-10 12:01:29.500,SG_002,strain_gauge,SPAN_2,120.05565735294118,4.966321349618338,120.15632149634398,23.073797,-0.04863319113122034,31447.043378285507,0.0,0.0,0
2025-10-10 12:01:32.500,SG_002,strain_gauge,SPAN_2,120.54980315686275,5.1242602370726695,120.65652995403029,26.61672,0.048040849230770684,33479.004795986155,0.0,0.0,0
2025-10-10 12:01:35.500,SG_002,strain_gauge,SPAN_2,121.34409221568629,5.317447638472312,121.45826257765341,25.089171000000007,0.03640232289592831,36050.94296956582,0.0,0.0,0
2025-10-10 12:01:38.500,SG_002,strain_gauge,SPAN_2,120.2596373333333,4.755108944679424,120.35176807376736,17.97249199999999,-0.04103364488687691,28829.10287160709,0.0,0.0,0
2025-10-10 12:01:41.500,SG_002,strain_gauge,SPAN_2,119.83518498039216,4.315176767132896,119.91133056163162,18.09319400000001,0.04162432533936761,23741.456927794472,0.0,0.0,0
2025-10-10 12:01:44.500,SG_002,strain_gauge,SPAN_2,121.0927818039216,4.780103628029936,121.18524319585424,21.21337600000001,0.05430120696832782,29132.973135748816,0.0,0.0,0
2025-10-10 12:01:47.500,SG_002,strain_gauge,SPAN_2,122.29361927450977,4.588596555567021,122.37798693470118,20.843177999999995,0.029976808506788907,26845.403395945945,0.0,0.0,0
2025-10-10 12:01:50.500,SG_002,strain_gauge,SPAN_2,122.84171266666665,5.0783286724802075,122.94458149118397,20.82695799999999,0.025679171583711344,32881.5131848116,0.0,0.0,0
2025-10-10 12:01:53.500,SG_002,strain_gauge,SPAN_2,122.29432182352939,5.236893415862674,122.40420114030283,21.99816800000002,-0.03840562497737509,34966.942127609924,0.0,0.0,0
2025-10-10 12:01:56.500,SG_002,strain_gauge,SPAN_2,122.11575813725493,4.096020456242697,122.18308721222036,17.451632999999987,0.0002845373755668614,21391.164061897252,0.0,0.0,0
2025-10-10 12:01:59.500,SG_002,strain_gauge,SPAN_2,123.54917186274507,4.860553518712784,123.64287126060471,21.24744299999999,0.052037809592760394,30121.85014804581,0.0,0.0,0
2025-10-10 12:02:02.500,SG_002,strain_gauge,SPAN_2,124.65788264705883,4.891349130106906,124.75192935944268,21.24744299999999,0.05513008479638052,30504.752798561905,0.0,0.0,0
2025-10-10 12:02:05.500,SG_002,strain_gauge,SPAN_2,126.21408658823529,5.451950437130383,126.32947636232002,27.813741000000007,0.060743868054300036,37897.79855038085,0.0,0.0,0
2025-10-10 12:02:08.500,SG_002,strain_gauge,SPAN_2,127.14830854901959,4.905206558161556,127.2410375348055,24.773014000000018,0.03555050651583906,30677.8405072447,0.0,0.0,0
2025-10-10 12:02:11.500,SG_002,strain_gauge,SPAN_2,126.8009581372549,4.456810810171681,126.87772331401248,22.345398000000003,0.02583586895927788,25325.53231202051,0.0,0.0,0
2025-10-10 12:02:14.500,SG_002,strain_gauge,SPAN_2,127.05012505882354,5.583134046098721,127.17033639806385,31.099762000000013,0.05131905972850796,39743.516865301,0.0,0.0,0
2025-10-10 12:02:17.500,SG_002,strain_gauge,SPAN_2,127.19443878431375,5.712525705243609,127.32014116323546,30.200411000000003,-0.018537270316740198,41607.01116466296,0.0,0.0,0
2025-10-10 12:02:20.500,SG_002,strain_gauge,SPAN_2,127.69711280392156,5.7081895130702875,127.82213092903343,22.248368999999983,0.00029833085972802274,41543.87008433514,0.0,0.0,0
2025-10-10 12:02:23.500,SG_002,strain_gauge,SPAN_2,128.27852486274512,4.570698816599199,128.35833278576956,20.606994999999998,0.08007487755656124,26636.391781878174,0.0,0.0,0
2025-10-10 12:02:26.500,SG_002,strain_gauge,SPAN_2,129.99437072549017,5.138728751766276,130.09390907471393,23.87139599999999,-0.0026292635294100594,33668.32980989248,0.0,0.0,0
2025-10-10 12:02:29.500,SG_002,strain_gauge,SPAN_2,127.94839200000001,5.551119220944149,128.066395771033,28.910162999999983,-0.03451696515836957,39289.02887154787,0.0,0.0,0
2025-10-10 12:02:32.500,SG_002,strain_gauge,SPAN_2,126.8265915098039,5.07381958856302,126.92605399150622,21.900316000000004,-0.03388487113122091,32823.147652039406,0.0,0.0,0
2025-10-10 12:02:35.500,SG_002,strain_gauge,SPAN_2,126.5856834509804,4.604313042704319,126.66775151151305,21.434800999999993,-0.03643991140271291,27029.61570890181,0.0,0.0,0
2025-10-10 12:02:38.500,SG_002,strain_gauge,SPAN_2,128.42738398039216,5.0548735789790555,128.5248757568023,21.994524999999996,0.10879299466063458,32578.477296812165,0.0,0.0,0
2025-10-10 12:02:41.500,SG_002,strain_gauge,SPAN_2,128.9890212745098,5.196766080533356,129.09161262543032,21.726578999999987,-0.11397175212669543,34433.13156212207,0.0,0.0,0
2025-10-10 12:02:44.500,SG_002,strain_gauge,SPAN_2,126.72510733333333,5.108558851915704,126.8260166092967,21.085599000000002,-0.07958462144796284,33274.15126794503,0.0,0.0,0
2025-10-10 12:02:47.500,SG_002,strain_gauge,SPAN_2,125.5972103137255,5.661055484149519,125.72222716953145,24.547006999999994,0.09408147266968479,40860.62522313965,0.0,0.0,0
2025-10-10 12:02:50.500,SG_002,strain_gauge,SPAN_2,127.0655889607843,5.060001981449882,127.16432473865278,21.524243999999996,-0.010349147420813847,32644.61556665283,0.0,0.0,0
2025-10-10 12:02:53.500,SG_002,strain_gauge,SPAN_2,124.80480901960784,5.68265328731952,124.93158013721535,24.267269999999996,-0.13284440678733012,41172.99918945127,0.0,0.0,0
2025-10-10 12:02:56.500,SG_002,strain_gauge,SPAN_2,123.66362001960785,4.948679262728732,123.7606567450539,22.146815000000004,0.04363656914027254,31224.01871783577,0.0,0.0,0
2025-10-10 12:02:59.500,SG_002,strain_gauge,SPAN_2,124.63479258823531,5.721294152386093,124.76346782093978,22.502914000000004,0.04624590669683284,41734.83864211231,0.0,0.0,0
2025-10-10 12:03:02.500,SG_002,strain_gauge,SPAN_2,123.50245882352942,5.842799810638663,123.63788362174692,23.924556999999993,-0.07098753049773715,43526.344774678975,0.0,0.0,0
2025-10-10 12:03:05.500,SG_002,strain_gauge,SPAN_2,123.35335035294116,4.581511052299521,123.43673567222764,20.127713999999997,0.06996391927601872,26762.560490986907,0.0,0.0,0
2025-10-10 12:03:08.500,SG_002,strain_gauge,SPAN_2,123.3324482745098,4.690341272774956,123.41985553302027,19.596616999999995,-0.07723824072398096,28049.109100247646,0.0,0.0,0
2025-10-10 12:03:11.500,SG_002,strain_gauge,SPAN_2,122.02332568627452,4.353345369480241,122.09943499923624,18.089441000000008,-0.00361324072398197,24163.310280118196,0.0,0.0,0
2025-10-10 12:03:14.500,SG_002,strain_gauge,SPAN_2,121.7518557254902,4.64051253674665,121.83852628342947,20.846582999999995,0.004825821719456762,27456.304669721114,0.0,0.0,0
2025-10-10 12:03:17.500,SG_002,strain_gauge,SPAN_2,119.65975609803921,5.373454601156541,119.7779824786208,22.36393199999999,-0.04694697339366472,36814.36829713027,0.0,0.0,0
2025-10-10 12:03:20.500,SG_002,strain_gauge,SPAN_2,118.99315117647056,5.05702667475378,119.0984555069908,19.492733,-0.014671504253393476,32606.23645619338,0.0,0.0,0
2025-10-10 12:03:23.500,SG_002,strain_gauge,SPAN_2,119.31112739215686,4.96315629451881,119.41229016123933,22.32131099999998,0.03149826144796515,31406.973514872643,0.0,0.0,0
2025-10-10 12:03:26.500,SG_002,strain_gauge,SPAN_2,119.9640335882353,5.180267930465406,120.07363720097926,25.368165000000005,0.05841935131221893,34214.84918504563,0.0,0.0,0
2025-10-10 12:03:29.500,SG_002,strain_gauge,SPAN_2,120.61476319607844,4.8577773351661655,120.71063083088112,22.286208000000002,-0.02802928090497649,30087.450813518964,0.0,0.0,0
2025-10-10 12:03:32.500,SG_002,strain_gauge,SPAN_2,120.01125184313725,4.741218395225959,120.10303473744699,24.96853800000001,0.012735108235294598,28660.91863581699,0.0,0.0,0
2025-10-10 12:03:35.500,SG_002,strain_gauge,SPAN_2,120.16460050980393,4.8268976511632244,120.25960799302673,24.797580999999994,0.003784443891403336,29706.14969187644,0.0,0.0,0
2025-10-10 12:03:38.500,SG_002,strain_gauge,SPAN_2,121.24808247058823,4.84120915848332,121.34280058532052,21.704015,0.041537752307693125,29882.56529813303,0.0,0.0,0
2025-10-10 12:03:41.500,SG_002,strain_gauge,SPAN_2,121.38702129411763,4.51323585501924,121.46925058854977,19.677975000000004,-0.04564053104072276,25970.854800864836,0.0,0.0,0
2025-10-10 12:03:44.500,SG_002,strain_gauge,SPAN_2,121.5087523137255,4.455305216539978,121.58880467679961,21.37736500000001,0.021826116832579963,25308.424329973637,0.0,0.0,0
2025-10-10 12:03:47.500,SG_002,strain_gauge,SPAN_2,122.66081747058824,5.514162627512451,122.78227044717576,26.047702,0.05073315710407375,38767.63659038513,0.0,0.0,0
2025-10-10 12:03:50.500,SG_002,strain_gauge,SPAN_2,121.81754823529411,5.502395227701248,121.93931998053338,26.047702,-0.05726609828054287,38602.35038333256,0.0,0.0,0
2025-10-10 12:03:53.500,SG_002,strain_gauge,SPAN_2,121.49241745098038,4.516666371793708,121.574700360737,18.311978999999994,-0.013111840814478361,26010.350770467467,0.0,0.0,0
2025-10-10 12:03:56.500,SG_002,strain_gauge,SPAN_2,122.90757431372549,4.66469597127506,122.99432733875098,23.248250999999996,0.03489524452488744,27743.22034314797,0.0,0.0,0
2025-10-10 12:03:59.500,SG_002,strain_gauge,SPAN_2,123.76028503921569,5.300898655779372,123.8715330834238,23.882810000000006,0.022528066877828927,35826.896362525535,0.0,0.0,0
2025-10-10 12:04:02.500,SG_002,strain_gauge,SPAN_2,126.12593133333336,5.676889051802464,126.25112166110625,26.106975000000006,0.11191363393665399,41089.5133657552,0.0,0.0,0
2025-10-10 12:04:05.500,SG_002,strain_gauge,SPAN_2,125.49778833333333,6.030205977356845,125.63974392347167,25.950895000000003,-0.07166020850678548,46363.31476492154,0.0,0.0,0
2025-10-10 12:04:08.500,SG_002,strain_gauge,SPAN_2,124.62449831372548,5.727046153005176,124.75344291364944,23.08097199999999,-0.026594358733030937,41818.79848928051,0.0,0.0,0
2025-10-10 12:04:11.500,SG_002,strain_gauge,SPAN_2,126.11739149019607,5.6753949263653425,126.24252442471564,25.642332999999994,0.1224878426244353,41067.88715202216,0.0,0.0,0
2025-10-10 12:04:14.500,SG_002,strain_gauge,SPAN_2,129.48275580392158,5.512368818974975,129.59774092373388,27.664184000000006,0.11118228226244439,38742.41774541963,0.0,0.0,0
2025-10-10 12:04:17.500,SG_002,strain_gauge,SPAN_2,130.47568845098039,4.82596201290321,130.5631591269837,24.134966000000006,-0.03638289095022519,29694.634421230614,0.0,0.0,0
2025-10-10 12:04:20.500,SG_002,strain_gauge,SPAN_2,130.4015601372549,4.932823968964768,130.49299799509754,23.17676200000001,-0.044159926244342375,31024.25919371149,0.0,0.0,0
2025-10-10 12:04:23.500,SG_002,strain_gauge,SPAN_2,132.41550809803925,5.328165079974903,132.5205624580378,25.152914999999993,0.06482874398190142,36196.41247731657,0.0,0.0,0
2025-10-10 12:04:26.500,SG_002,strain_gauge,SPAN_2,133.97103296078433,4.503262670294608,134.04521406025515,24.63202100000001,-0.03288543194570067,25856.202714027873,0.0,0.0,0
2025-10-10 12:04:29.500,SG_002,strain_gauge,SPAN_2,134.0722386666667,5.0371539988638006,134.16497528511903,24.648452000000006,0.054017744072400065,32350.473520543717,0.0,0.0,0
2025-10-10 12:04:32.500,SG_002,strain_gauge,SPAN_2,135.1732455490196,4.033985143432068,135.23224567111583,17.37006600000001,0.01939113574660641,20748.121075224077,0.0,0.0,0
2025-10-10 12:04:35.500,SG_002,strain_gauge,SPAN_2,135.8907828235294,4.553615548234134,135.96556069165698,21.324460999999985,0.03707974796380172,26437.653565427558,0.0,0.0,0
2025-10-10 12:04:38.500,SG_002,strain_gauge,SPAN_2,137.23477643137255,4.354711336339333,137.3024964792924,21.324460999999985,0.04374627022624438,24178.476299123926,0.0,0.0,0
2025-10-10 12:04:41.500,SG_002,strain_gauge,SPAN_2,137.40323247058822,4.059772886118466,137.4620197638945,16.677177999999998,-0.04964672497737569,21014.23875574989,0.0,0.0,0
2025-10-10 12:04:44.500,SG_002,strain_gauge,SPAN_2,137.29352198039217,4.796988066361302,137.37565677498213,19.698091000000005,0.07341280162895997,29339.14549873625,0.0,0.0,0
2025-10-10 12:04:47.500,SG_002,strain_gauge,SPAN_2,137.84803664705885,5.065538499195367,137.9392538646983,21.807248,0.0362299512217203,32716.092365708813,0.0,0.0,0
2025-10-10 12:04:50.500,SG_002,strain_gauge,SPAN_2,137.6988227843137,5.00226503426176,137.7878725118994,18.720653,-0.020702926606334607,31903.885728072208,0.0,0.0,0
2025-10-10 12:04:53.500,SG_002,strain_gauge,SPAN_2,138.0689360784314,5.005578558249924,138.15786490826062,19.982821,0.1154921717647066,31946.16629608452,0.0,0.0,0
2025-10-10 12:04:56.500,SG_002,strain_gauge,SPAN_2,139.7682043137255,4.302641087309818,139.83311718936014,23.31414699999999,0.05201566579185656,23603.718415913434,0.0,0.0,0
2025-10-10 12:04:59.500,SG_002,strain_gauge,SPAN_2,140.6052726470588,5.070494188334284,140.69487727547,24.357612999999986,-0.03570027429864093,32780.136925262974,0.0,0.0,0
2025-10-10 12:05:02.500,SG_002,strain_gauge,SPAN_2,140.4526182745098,4.731099559722279,140.5307169088459,20.436763000000013,0.03596296180995669,28538.711381105528,0.0,0.0,0
2025-10-10 12:05:05.500,SG_002,strain_gauge,SPAN_2,141.27134435294118,4.557045264821855,141.34338402412348,20.30644000000001,0.05042795339366734,26477.49347068498,0.0,0.0,0
2025-10-10 12:05:08.500,SG_002,strain_gauge,SPAN_2,141.08641484313728,5.429349142761671,141.1887966118265,24.775350000000003,-0.0501913716742072,37584.235945358785,0.0,0.0,0
2025-10-10 12:05:11.500,SG_002,strain_gauge,SPAN_2,141.20591907843135,5.475324683588639,141.30995342193253,24.721933000000007,0.02431181710407286,38223.45499816166,0.0,0.0,0
2025-10-10 12:05:14.500,SG_002,strain_gauge,SPAN_2,142.96624921568625,5.603047385516276,143.07385150136074,23.851830000000007,0.08928410778280624,40027.52850553449,0.0,0.0,0
2025-10-10 12:05:17.500,SG_002,strain_gauge,SPAN_2,142.9795734901961,5.678399787898168,143.09007799250213,24.53605300000001,-0.008762846696831654,41111.38579278251,0.0,0.0,0
2025-10-10 12:05:20.500,SG_002,strain_gauge,SPAN_2,143.57002974509803,5.366515186022005,143.6683271652492,24.331829999999997,0.03601784018099677,36719.3436833011,0.0,0.0,0
2025-10-10 12:05:23.500,SG_002,strain_gauge,SPAN_2,143.5459043333333,4.590276384576541,143.61784059931608,20.994607000000002,-0.014319504886877672,26865.062540671373,0.0,0.0,0
2025-10-10 12:05:26.500,SG_002,strain_gauge,SPAN_2,144.34480978431372,4.005369425443422,144.3992816034265,21.97918199999998,0.061491241266970205,20454.804898703132,0.0,0.0,0
2025-10-10 12:05:29.500,SG_002,strain_gauge,SPAN_2,145.78449474509802,3.7939510496147077,145.83288633257675,15.89208499999998,0.0026113349321292487,18352.432322762485,0.0,0.0,0
2025-10-10 12:05:32.500,SG_002,strain_gauge,SPAN_2,146.77981743137255,4.167344294759868,146.83780521031434,17.786145000000005,0.08756370316742046,22142.617050611214,0.0,0.0,0
2025-10-10 12:05:35.500,SG_002,strain_gauge,SPAN_2,147.02637478431373,4.452395771386141,147.0924539458455,18.43248300000002,-0.031489130407238775,25275.380833947915,0.0,0.0,0
2025-10-10 12:05:38.500,SG_002,strain_gauge,SPAN_2,147.67700254901962,4.965435630014426,147.75882102494785,25.561138999999997,0.0590178625339385,31435.82751966636,0.0,0.0,0
2025-10-10 12:05:41.500,SG_002,strain_gauge,SPAN_2,150.06564890196077,5.396966284132996,150.16076419286844,25.558491000000004,0.004952205339368342,37137.237466887105,0.0,0.0,0
2025-10-10 12:05:44.500,SG_002,strain_gauge,SPAN_2,151.02174509803922,5.2899863592972265,151.11254991934098,25.425589000000002,-0.015245527963798982,35679.54349397717,0.0,0.0,0
2025-10-10 12:05:47.500,SG_002,strain_gauge,SPAN_2,152.09611482352943,5.095583361819427,152.1797752566176,22.832129999999978,0.06217235990950356,33105.336491494985,0.0,0.0,0
2025-10-10 12:05:50.500,SG_002,strain_gauge,SPAN_2,153.68657868627452,5.422104250144998,153.78032132755357,25.856869999999986,0.07755967085972926,37483.99848678656,0.0,0.0,0
2025-10-10 12:05:53.500,SG_002,strain_gauge,SPAN_2,156.06781247058822,5.676828296199657,156.16900005783808,28.341391999999985,0.07168223276018117,41088.63386827971,0.0,0.0,0
2025-10-10 12:05:56.500,SG_002,strain_gauge,SPAN_2,157.8528141764706,5.451605234670198,157.94507968903355,22.985037000000005,-0.051618872941175266,37892.99953422146,0.0,0.0,0
2025-10-10 12:05:59.500,SG_002,strain_gauge,SPAN_2,159.5299818235294,5.671624990717287,159.62879345121127,27.247702000000004,0.07803764371040765,41013.34579504429,0.0,0.0,0
2025-10-10 12:06:02.500,SG_002,strain_gauge,SPAN_2,160.3575604117647,5.181537467239203,160.43961192262884,27.247702000000004,-0.01572824325791702,34231.62141861465,0.0,0.0,0
2025-10-10 12:06:05.500,SG_002,strain_gauge,SPAN_2,162.2432729215686,5.162470514892861,162.3237756445305,21.63351499999999,0.11172586642534202,33980.15481685115,0.0,0.0,0
2025-10-10 12:06:08.500,SG_002,strain_gauge,SPAN_2,164.16694170588238,5.532898980724343,164.25832540805223,24.572708999999975,-0.03654926497737546,39031.53819189811,0.0,0.0,0
2025-10-10 12:06:11.500,SG_002,strain_gauge,SPAN_2,165.19450890196077,5.555853407907367,165.28607936911413,24.572708999999975,0.09962150552036314,39356.071539948774,0.0,0.0,0
2025-10-10 12:06:14.500,SG_002,strain_gauge,SPAN_2,166.95555958823527,4.388396441014878,167.0120932520871,19.845483,0.06916811348416423,24553.979737477857,0.0,0.0,0
2025-10-10 12:06:17.500,SG_002,strain_gauge,SPAN_2,168.2022072745098,4.899551119272052,168.27215288075845,20.66696300000001,0.04795771475113367,30607.141492209008,0.0,0.0,0
2025-10-10 12:06:20.500,SG_002,strain_gauge,SPAN_2,169.39187464705878,5.335912575855404,169.4742484440554,24.609901000000008,0.09476441212669706,36301.75284689411,0.0,0.0,0
2025-10-10 12:06:23.500,SG_002,strain_gauge,SPAN_2,171.0134444901961,5.121953969109357,171.08862676583357,25.574088000000017,-0.01907830959275706,33448.87588863573,0.0,0.0,0
2025-10-10 12:06:26.500,SG_002,strain_gauge,SPAN_2,171.17547198039213,4.676094891666459,171.23807791704968,27.201937000000015,-0.03536314398189929,27878.97588073316,0.0,0.0,0
2025-10-10 12:06:29.500,SG_002,strain_gauge,SPAN_2,171.4037310980392,4.390422314821681,171.4588489562723,19.57437200000001,0.04011968461538687,24576.65533066731,0.0,0.0,0
2025-10-10 12:06:32.500,SG_002,strain_gauge,SPAN_2,172.36013780392153,5.006773022560958,172.43141638015018,23.92183,-0.007640634660631776,31961.414526791355,0.0,0.0,0
2025-10-10 12:06:35.500,SG_002,strain_gauge,SPAN_2,172.66975190196078,5.461118805574382,172.75439866971914,24.00027800000001,0.08414640579185595,38025.368725962646,0.0,0.0,0
2025-10-10 12:06:38.500,SG_002,strain_gauge,SPAN_2,174.97399003921572,5.170675558937193,175.0488755831516,21.121403999999984,0.0582040648868773,34088.25431313282,0.0,0.0,0
2025-10-10 12:06:41.500,SG_002,strain_gauge,SPAN_2,176.25914109803924,5.220267131291117,176.3349133680079,22.109363000000002,0.026049218823530042,34745.26587559894,0.0,0.0,0
2025-10-10 12:06:44.500,SG_002,strain_gauge,SPAN_2,176.12268845098038,4.777318349473986,176.1861988139457,20.514599000000004,0.011524406787331824,29099.032530581582,0.0,0.0,0
2025-10-10 12:06:47.500,SG_002,strain_gauge,SPAN_2,176.19730750980392,4.899048720140322,176.26406681604223,22.906560999999982,-0.016105153936651205,30600.864911943372,0.0,0.0,0
2025-10-10 12:06:50.500,SG_002,strain_gauge,SPAN_2,176.3511865882353,4.881930498286901,176.41742243307948,24.43628099999998,0.04311514606334964,30387.387872382333,0.0,0.0,0
2025-10-10 12:06:53.500,SG_002,strain_gauge,SPAN_2,178.17820776470592,4.872246711643939,178.2435049134472,24.63701900000001,0.0948604203619909,30266.954724384595,0.0,0.0,0
2025-10-10 12:06:56.500,SG_002,strain_gauge,SPAN_2,179.4129447647059,4.54100583906907,179.46927635407576,24.84182900000002,-0.05129532045248799,26291.43588883572,0.0,0.0,0
2025-10-10 12:06:59.500,SG_002,strain_gauge,SPAN_2,178.99144215686272,4.634841166873746,179.0502636334266,24.336146000000014,-0.0001425055203596758,27389.234618738166,0.0,0.0,0
2025-10-10 12:07:02.500,SG_002,strain_gauge,SPAN_2,178.84282752941178,5.151510940271047,178.91555178202816,24.88517999999999,-0.05849199167420642,33836.03283385866,0.0,0.0,0
2025-10-10 12:07:05.500,SG_002,strain_gauge,SPAN_2,179.19661480392156,4.68475138293051,179.25664094091522,22.277809999999988,0.10650058072398408,27982.29178783339,0.0,0.0,0
2025-10-10 12:07:08.500,SG_002,strain_gauge,SPAN_2,180.71503984313722,4.67057374782238,180.77420212538425,19.777141,-0.001993973846151622,27813.180395655687,0.0,0.0,0
2025-10-10 12:07:11.500,SG_002,strain_gauge,SPAN_2,179.79096552941178,4.801667187932206,179.85381623751496,22.219584999999995,0.006786361085974614,29396.409924172596,0.0,0.0,0
2025-10-10 12:07:14.500,SG_002,strain_gauge,SPAN_2,179.93123460784312,4.5761690287109165,179.98827710799932,18.650666,-0.0020867679637985425,26700.18679864959,0.0,0.0,0
2025-10-10 12:07:17.500,SG_002,strain_gauge,SPAN_2,180.15644152941175,4.72427007850027,180.21715936669779,19.94842,0.015243659095023615,28456.3779126315,0.0,0.0,0
2025-10-10 12:07:20.500,SG_002,strain_gauge,SPAN_2,180.82653433333326,5.071968882363304,180.8962575018196,20.059438,-0.002616679366514348,32799.20713816861,0.0,0.0,0
2025-10-10 12:07:23.500,SG_002,strain_gauge,SPAN_2,182.21270798039214,5.164454042657591,182.28444684843666,21.367684999999994,0.0870492353846166,34006.27158737098,0.0,0.0,0
2025-10-10 12:07:26.500,SG_002,strain_gauge,SPAN_2,183.01073547058823,5.369256185685847,183.08793771488354,23.38566899999998,-0.03060057665158165,36756.862784095305,0.0,0.0,0
2025-10-10 12:07:29.500,SG_002,strain_gauge,SPAN_2,183.79320733333333,5.420043723601027,183.87154189461407,23.38566899999998,0.09544360371040753,37455.51430632729,0.0,0.0,0
2025-10-10 12:07:32.500,SG_002,strain_gauge,SPAN_2,185.209908254902,4.277854448685465,185.2583367359899,18.03247299999998,-0.019624905701355957,23332.54932227598,0.0,0.0,0
2025-10-10 12:07:35.500,SG_002,strain_gauge,SPAN_2,186.9087665490196,4.13732797392481,186.9536543069506,19.322148,0.051290684796382664,21824.79052387148,0.0,0.0,0
2025-10-10 12:07:38.500,SG_002,strain_gauge,SPAN_2,187.38183066666662,4.72561215534735,187.44024115286726,19.987614000000008,0.013517359276019597,28472.548059527453,0.0,0.0,0
2025-10-10 12:07:41.500,SG_002,strain_gauge,SPAN_2,187.75186431372552,4.956130745739744,187.8159848182499,19.701448,0.04717470850678859,31318.120760305155,0.0,0.0,0
2025-10-10 12:07:44.500,SG_002,strain_gauge,SPAN_2,190.08473650980392,3.9862370390560735,190.1257099116915,20.484484999999978,0.03391645384615557,20259.859307716724,0.0,0.0,1
2025-10-10 12:07:47.500,SG_002,strain_gauge,SPAN_2,192.1584498039216,5.02471558222018,192.2228460497861,22.662540000000007,0.08754167755656148,32190.902519813004,0.0,0.0,1
2025-10-10 12:07:50.500,SG_002,strain_gauge,SPAN_2,193.4767311764706,4.699306180541069,193.53267418171757,22.662540000000007,-0.0183167722171926,28156.43518755116,0.0,0.0,1
2025-10-10 12:07:53.500,SG_002,strain_gauge,SPAN_2,194.42545286274506,4.632938893133454,194.47956185295752,20.583387999999985,0.09588721194570421,27366.756554073505,0.0,0.0,1
2025-10-10 12:07:56.500,SG_002,strain_gauge,SPAN_2,196.9301285098039,5.016623774469478,196.99276272980634,25.52163999999999,0.04065746742081575,32087.305470579802,0.0,0.0,1
2025-10-10 12:07:59.500,SG_002,strain_gauge,SPAN_2,198.01987811764704,5.240543730608581,198.08785155145023,28.40294,0.10882290036199078,35015.705705336644,0.0,0.0,1
2025-10-10 12:08:02.500,SG_002,strain_gauge,SPAN_2,199.50360264705887,5.4156818756101055,199.57565480022285,21.73966999999999,0.05261195665158472,37395.252976710035,0.0,0.0,1
2025-10-10 12:08:05.500,SG_002,strain_gauge,SPAN_2,200.04409535294118,5.52082159831094,200.11876953451508,24.169589000000002,-0.007912342533936247,38861.32567848011,0.0,0.0,1
2025-10-10 12:08:08.500,SG_002,strain_gauge,SPAN_2,201.64184074509805,5.361197413409835,201.71170218796706,26.921965999999998,0.09221304135746715,36646.60807457919,0.0,0.0,1
2025-10-10 12:08:11.500,SG_002,strain_gauge,SPAN_2,202.44914431372547,4.811825736489527,202.5051992093265,27.38470099999998,-0.07575329004524767,29520.925320887283,0.0,0.0,1
2025-10-10 12:08:14.500,SG_002,strain_gauge,SPAN_2,203.75120388235294,5.676253506698597,203.82870547481733,28.086096999999995,0.12817946027149546,41080.313687192844,0.0,0.0,1
2025-10-10 12:08:17.500,SG_002,strain_gauge,SPAN_2,205.38105660784313,5.1211246311139345,205.4436421434483,21.994180999999998,-0.006516540361987626,33438.04479643733,0.0,0.0,1
2025-10-10 12:08:20.500,SG_002,strain_gauge,SPAN_2,159.648835745098,38.72221703073962,164.18818669034334,98.280958,-2.194379384796378,1911747.8670140195,0.0,0.0,1
2025-10-10 12:08:23.500,SG_002,strain_gauge,SPAN_2,128.55631086274508,5.543242409986,128.67342421160862,28.09059099999999,0.09525226090497876,39177.60893023092,0.0,0.0,0
2025-10-10 12:08:26.500,SG_002,strain_gauge,SPAN_2,129.73347843137253,5.236509520339923,129.83704706502976,23.219458999999986,0.05067134361991061,34961.81574467858,0.0,0.0,0
2025-10-10 12:08:29.500,SG_002,strain_gauge,SPAN_2,128.788766254902,5.574256954233075,128.90697961115742,25.928399000000013,-0.03793921438913976,39617.23425456514,0.0,0.0,0
2025-10-10 12:08:32.500,SG_002,strain_gauge,SPAN_2,128.03611788235293,5.56921516161978,128.1548106001054,26.333742000000015,-0.007892289773755171,39545.60083342992,0.0,0.0,0
2025-10-10 12:08:35.500,SG_002,strain_gauge,SPAN_2,127.89768025490197,5.116952383214309,127.9979938130501,22.323851999999988,-0.04152905067873213,33383.5821574053,0.0,0.0,0
2025-10-10 12:08:38.500,SG_002,strain_gauge,SPAN_2,127.60890470588235,5.406195423155557,127.72112758568119,20.692399999999992,0.035367840723982094,37264.35991551881,0.0,0.0,0
2025-10-10 12:08:41.500,SG_002,strain_gauge,SPAN_2,128.50096760784314,5.130394900261712,128.60133564971176,22.113944999999987,-0.019214519547509537,33559.21358660501,0.0,0.0,0
2025-10-10 12:08:44.500,SG_002,strain_gauge,SPAN_2,126.71333588235294,5.8234034650752005,126.84445820226905,25.55389799999999,-0.06136876407239733,43237.835594238546,0.0,0.0,0
2025-10-10 12:08:47.500,SG_002,strain_gauge,SPAN_2,126.04584945098038,4.527758777997234,126.12555169683387,25.277464999999992,0.02831813656108684,26138.264428457038,0.0,0.0,0
2025-10-10 12:08:50.500,SG_002,strain_gauge,SPAN_2,125.57340390196077,4.470578572310628,125.65139854580352,23.550848000000016,-0.06970620579185305,25482.242783283742,0.0,0.0,0
2025-10-10 12:08:53.500,SG_002,strain_gauge,SPAN_2,124.95211931372549,5.334973629631155,125.063727704296,27.308024000000003,0.04244288959276214,36288.97812679627,0.0,0.0,0
2025-10-10 12:08:56.500,SG_002,strain_gauge,SPAN_2,124.36980931372547,4.84508700628722,124.46229969472517,31.216285999999997,-0.06308456389140261,29930.45682557889,0.0,0.0,0
2025-10-10 12:08:59.500,SG_002,strain_gauge,SPAN_2,123.29070517647057,4.575532618622931,123.37391532118976,24.64589699999999,0.013496495294118074,26692.76089870508,0.0,0.0,0
2025-10-10 12:09:02.500,SG_002,strain_gauge,SPAN_2,122.7898037647059,4.7415847450219735,122.87952514014431,22.798123000000018,0.014559126515837883,28665.348015137002,0.0,0.0,0
2025-10-10 12:09:05.500,SG_002,strain_gauge,SPAN_2,122.24783554901961,5.114796120145537,122.35269295056042,20.66947300000001,-0.05568192570135534,33355.45267208619,0.0,0.0,0
2025-10-10 12:09:08.500,SG_002,strain_gauge,SPAN_2,120.83363241176468,5.101167837814062,120.9391516488218,24.31384399999999,3.8584253393922126e-05,33177.93946967446,0.0,0.0,0
2025-10-10 12:09:11.500,SG_002,strain_gauge,SPAN_2,121.77803341176472,4.965387389684785,121.87723766472388,24.08392699999999,-0.0065666311312202194,31435.216710291854,0.0,0.0,0
2025-10-10 12:09:14.500,SG_002,strain_gauge,SPAN_2,121.53198237254904,4.660813232749676,121.61957068945131,23.236824999999996,-0.02439719085972743,27697.05448798246,0.0,0.0,0
2025-10-10 12:09:17.500,SG_002,strain_gauge,SPAN_2,120.24197805882353,5.636021279279806,120.37140518163376,24.839439,-0.015031807239817977,40500.03822213085,0.0,0.0,0
2025-10-10 12:09:20.500,SG_002,strain_gauge,SPAN_2,120.59966543137256,5.268152183859503,120.71242083870114,24.839439,0.019519896832580225,35385.619976187154,0.0,0.0,0
2025-10-10 12:09:23.500,SG_002,strain_gauge,SPAN_2,121.03135819607843,4.863560180001218,121.12712361904421,20.236149999999995,-0.019047519004524057,30159.12747122918,0.0,0.0,0
2025-10-10 12:09:26.500,SG_002,strain_gauge,SPAN_2,120.68939692156864,5.709763633244287,120.82173929755996,28.769952000000018,-0.004313117737556033,41566.78595308673,0.0,0.0,0
2025-10-10 12:09:29.500,SG_002,strain_gauge,SPAN_2,120.65597743137255,6.485973612616277,120.82676807622927,31.700975,0.08586758334841801,53636.513472032166,0.0,0.0,0
2025-10-10 12:09:32.500,SG_002,strain_gauge,SPAN_2,121.34922280392156,5.110964643943884,121.45469788946549,27.153933999999992,0.028407104615384753,33305.49847934665,0.0,0.0,0
2025-10-10 12:09:35.500,SG_002,strain_gauge,SPAN_2,120.41189192156862,4.90281899956986,120.50970925246816,24.51619799999999,-0.027099725610858105,30647.983531742582,0.0,0.0,0
2025-10-10 12:09:38.500,SG_002,strain_gauge,SPAN_2,120.99126454901962,4.913649944598641,121.08904426929504,27.071844000000013,0.00640420099547662,30783.543617019135,0.0,0.0,0
2025-10-10 12:09:41.500,SG_002,strain_gauge,SPAN_2,120.15999194117647,5.93067114763792,120.30339504618448,23.086629000000002,-0.07575825348416117,44845.39683331673,0.0,0.0,0
2025-10-10 12:09:44.500,SG_002,strain_gauge,SPAN_2,120.32139956862746,5.6123041165436085,120.44965564350998,27.634617000000006,0.07124069004524995,40159.89580812971,0.0,0.0,0
2025-10-10 12:09:47.500,SG_002,strain_gauge,SPAN_2,121.0154838627451,4.573809247331379,121.1001935372556,21.264045999999993,0.008016924343891608,26672.65706449189,0.0,0.0,0
2025-10-10 12:09:50.500,SG_002,strain_gauge,SPAN_2,122.35921113725493,4.966832420753589,122.45800202610401,24.893625999999998,0.01834511583710449,31453.515977207426,0.0,0.0,0
2025-10-10 12:09:53.500,SG_002,strain_gauge,SPAN_2,122.89665925490196,5.332694428891177,123.01003570970005,22.461675999999997,0.06307405918552149,36257.97808670692,0.0,0.0,0
2025-10-10 12:09:56.500,SG_002,strain_gauge,SPAN_2,124.28289078431372,5.184455487025985,124.38885998934055,24.37325699999998,0.033873793303169315,34270.187838616155,0.0,0.0,0
2025-10-10 12:09:59.500,SG_002,strain_gauge,SPAN_2,124.65411672549021,5.396887130730726,124.76860222673788,22.92754699999999,0.05084219809954732,37136.148144854815,0.0,0.0,0
2025-10-10 12:10:02.500,SG_002,strain_gauge,SPAN_2,125.4503975882353,4.556827831485118,125.53150912956521,20.36104499999999,0.011079387239819837,26474.96685439164,0.0,0.0,0
2025-10-10 12:10:05.500,SG_002,strain_gauge,SPAN_2,125.06488223529409,5.049858010196989,125.16479462512886,22.597764999999995,-0.02696012470588062,32513.859052017135,0.0,0.0,0
2025-10-10 12:10:08.500,SG_002,strain_gauge,SPAN_2,124.90717880392155,5.43284528323801,125.02295942464175,26.041433999999995,0.04449183285067962,37632.65503629192,0.0,0.0,0
2025-10-10 12:10:11.500,SG_002,strain_gauge,SPAN_2,126.2659807254902,4.389042976871752,126.34074507952336,19.35873500000001,0.030444128054299784,24561.215272354748,0.0,0.0,0
2025-10-10 12:10:14.500,SG_002,strain_gauge,SPAN_2,126.08600694117645,4.7021733018365985,126.17193841030593,23.820656,-0.017780367239818455,28190.803044643744,0.0,0.0,0
2025-10-10 12:10:17.500,SG_002,strain_gauge,SPAN_2,127.53147121568627,5.365550884157225,127.64208081138234,29.667601000000005,-0.021411298190044812,36706.14877036247,0.0,0.0,0
2025-10-10 12:10:20.500,SG_002,strain_gauge,SPAN_2,127.1515080980392,5.615556032025471,127.27302211475227,30.618331000000012,-0.021120779185519616,40206.4486747425,0.0,0.0,0
2025-10-10 12:10:23.500,SG_002,strain_gauge,SPAN_2,128.23025366666667,5.158944940231884,128.33195553406958,25.864780999999994,0.026059678190047203,33933.75894283881,0.0,0.0,0
2025-10-10 12:10:26.500,SG_002,strain_gauge,SPAN_2,128.08387847058822,4.914001805607226,128.17626090315255,21.885509000000013,-0.06649289420814335,30787.952525526613,0.0,0.0,0
2025-10-10 12:10:29.500,SG_002,strain_gauge,SPAN_2,127.9080260392157,5.30781793234959,128.01595074847472,22.924424000000002,0.02977296425339395,35920.487283789145,0.0,0.0,0
2025-10-10 12:10:32.500,SG_002,strain_gauge,SPAN_2,127.84752396078433,6.277042591439683,127.99850808818098,35.338387,0.010819850859729084,50236.61121080346,0.0,0.0,0
2025-10-10 12:10:35.500,SG_002,strain_gauge,SPAN_2,127.66968205882353,4.940608183882324,127.7633699713614,23.91317700000002,0.04974565248868885,31122.251763972352,0.0,0.0,0
2025-10-10 12:10:38.500,SG_002,strain_gauge,SPAN_2,127.30256774509803,4.7663175935293385,127.3900156651387,20.392859,-0.014375085429863843,28965.17383804382,0.0,0.0,0
2025-10-10 12:10:41.500,SG_002,strain_gauge,SPAN_2,127.0038365882353,5.115625523418759,127.1048032244846,21.566332000000003,0.0030762640723992407,33366.27123221314,0.0,0.0,0
2025-10-10 12:10:44.500,SG_002,strain_gauge,SPAN_2,127.20783125490193,4.803568989907698,127.29671704663444,18.668049999999994,0.02404962760180995,29419.700677023648,0.0,0.0,0
2025-10-10 12:10:47.500,SG_002,strain_gauge,SPAN_2,127.19408835294118,5.045838908856602,127.29217327443997,23.335797000000014,-0.03520633936651435,32462.125125017265,0.0,0.0,0
2025-10-10 12:10:50.500,SG_002,strain_gauge,SPAN_2,126.43664000000001,4.1483243785901545,126.50334029663128,21.376284000000012,-0.03403073167420781,21940.95881625687,0.0,0.0,0
2025-10-10 12:10:53.500,SG_002,strain_gauge,SPAN_2,125.98310850980391,5.201107583755783,126.08832114009658,21.928973000000013,-0.04389035330316655,34490.688124697444,0.0,0.0,0
2025-10-10 12:10:56.500,SG_002,strain_gauge,SPAN_2,125.1116468627451,5.404975758426504,125.22605609367427,23.955070000000006,-0.07174737113122008,37247.54776020216,0.0,0.0,0
2025-10-10 12:10:59.500,SG_002,strain_gauge,SPAN_2,124.03794109803921,4.039452892865371,124.10240959310516,18.043430999999998,-0.013304435294116701,20804.404083939968,0.0,0.0,0
2025-10-10 12:11:02.500,SG_002,strain_gauge,SPAN_2,123.2110466862745,3.9309397950817444,123.27250839975262,16.56986400000001,0.004967525158372327,19701.66678251056,0.0,0.0,0
2025-10-10 12:11:05.500,SG_002,strain_gauge,SPAN_2,122.49069560784314,5.301054753671436,122.60310227900374,23.546358000000012,-0.0662970739366502,35829.00641431373,0.0,0.0,0
2025-10-10 12:11:08.500,SG_002,strain_gauge,SPAN_2,121.1928051764706,6.255352547898143,121.35097122894052,32.01384,-0.0009656373755651906,49890.03026058213,0.0,0.0,0
2025-10-10 12:11:11.500,SG_002,strain_gauge,SPAN_2,120.93941933333332,5.109339347141835,121.04518423988787,29.330708,0.0433399686877842,33284.31941942098,0.0,0.0,0
2025-10-10 12:11:14.500,SG_002,strain_gauge,SPAN_2,122.03517892156863,4.196688858069547,122.1059038482061,19.563379000000012,0.028675450316743893,22455.551648592475,0.0,0.0,0
2025-10-10 12:11:17.500,SG_002,strain_gauge,SPAN_2,121.3879564901961,4.800240617911941,121.48097168221773,21.259177000000008,-0.026209016380090076,29378.9452370608,0.0,0.0,0
2025-10-10 12:11:20.500,SG_002,strain_gauge,SPAN_2,121.83789478431372,5.056146759611711,121.94070673269177,22.852159,0.03981073936651583,32594.890569783307,0.0,0.0,0
2025-10-10 12:11:23.500,SG_002,strain_gauge,SPAN_2,120.57181,4.618208795989128,120.65848924121958,22.468779000000012,-0.0450482892307678,27193.01191627297,0.0,0.0,0
2025-10-10 12:11:26.500,SG_002,strain_gauge,SPAN_2,119.66526474509801,5.090146259503906,119.7713536046988,21.919954999999987,0.029846731312217285,33034.725902505554,0.0,0.0,0
2025-10-10 12:11:29.500,SG_002,strain_gauge,SPAN_2,120.760491,4.660233223709496,120.84861654797898,20.78681499999999,-0.007568860904976694,27690.161466691396,0.0,0.0,0
2025-10-10 12:11:32.500,SG_002,strain_gauge,SPAN_2,121.2283588627451,3.988758127648255,121.29267586881788,18.93848600000001,0.024226706696833113,20285.494036122018,0.0,0.0,0
2025-10-10 12:11:35.500,SG_002,strain_gauge,SPAN_2,121.00201837254903,4.301772071875129,121.07696248786519,18.941207000000006,-0.019429038642533713,23594.184771915174,0.0,0.0,0
2025-10-10 12:11:38.500,SG_002,strain_gauge,SPAN_2,120.77059256862744,4.391161205286447,120.8488321907109,20.787100999999993,0.031766629592761234,24584.928331786225,0.0,0.0,0
2025-10-10 12:11:41.500,SG_002,strain_gauge,SPAN_2,120.8970726470588,4.762008520629264,120.98898403618881,22.180156999999994,0.06039459737556602,28912.824566945776,0.0,0.0,0
2025-10-10 12:11:44.500,SG_002,strain_gauge,SPAN_2,120.59936682352942,4.864959512013972,120.69553029905892,19.902204999999995,-0.08385960515836972,30176.48459325741,0.0,0.0,0
2025-10-10 12:11:47.500,SG_002,strain_gauge,SPAN_2,120.77865219607843,5.242362911119705,120.89014155511148,22.159953,0.08114830325792029,35040.020337151414,0.0,0.0,0
2025-10-10 12:11:50.500,SG_002,strain_gauge,SPAN_2,122.9920899607843,4.171606202795268,123.06142884631782,17.79004999999998,0.022162338190046614,22187.930346779936,0.0,0.0,0
2025-10-10 12:11:53.500,SG_002,strain_gauge,SPAN_2,122.78725252941176,4.048035543505419,122.85265430491198,22.041889999999995,0.0048851346606345524,20892.90449589109,0.0,0.0,0
2025-10-10 12:11:56.500,SG_002,strain_gauge,SPAN_2,123.25101429411762,4.9143142746967925,123.34702862412949,23.078189999999992,-0.02989987239818837,30791.868107873044,0.0,0.0,0
2025-10-10 12:11:59.500,SG_002,strain_gauge,SPAN_2,123.78208256862743,5.855896051132762,123.91780784403541,34.04572900000001,0.048012874117647965,43721.68616613214,0.0,0.0,0
2025-10-10 12:12:02.500,SG_002,strain_gauge,SPAN_2,124.9609475882353,5.2031091451279226,125.06710173597241,33.473811,0.014253322714932718,34517.23958954511,0.0,0.0,0
2025-10-10 12:12:05.500,SG_002,strain_gauge,SPAN_2,124.71674647058822,4.899350214962243,124.81105649451287,22.652514999999994,-0.012737533484161108,30604.631474284477,0.0,0.0,0
2025-10-10 12:12:08.500,SG_002,strain_gauge,SPAN_2,124.10455696078432,5.74078106130493,124.23466270903026,26.11608799999999,0.02958824316742158,42019.62317214264,0.0,0.0,0
2025-10-10 12:12:11.500,SG_002,strain_gauge,SPAN_2,125.42514911764705,5.2530131813739045,125.5329483321105,23.00563599999998,0.09637259257918579,35182.53804170219,0.0,0.0,0
2025-10-10 12:12:14.500,SG_002,strain_gauge,SPAN_2,127.28926423529411,4.007387141014039,127.35109365817429,16.613325000000003,0.009620512669683523,20475.418414904958,0.0,0.0,0
2025-10-10 12:12:17.500,SG_002,strain_gauge,SPAN_2,127.35238154901961,4.952522770249928,127.44675608653766,23.261624999999995,-0.03670669647058636,31272.53928205112,0.0,0.0,0
2025-10-10 12:12:20.500,SG_002,strain_gauge,SPAN_2,128.25939574509803,5.433395563708789,128.3721758235556,25.22468099999999,0.05069719022624501,37640.27887345618,0.0,0.0,0
2025-10-10 12:12:23.500,SG_002,strain_gauge,SPAN_2,127.89552707843136,5.1525370720047645,127.99724185861696,23.895623999999998,-0.05662332199095002,33849.51380493888,0.0,0.0,0
2025-10-10 12:12:26.500,SG_002,strain_gauge,SPAN_2,128.03834121568627,4.780226114473772,128.1257949545699,24.278134999999992,0.06458429022624416,29134.466174508692,0.0,0.0,0
2025-10-10 12:12:29.500,SG_002,strain_gauge,SPAN_2,128.47841343137256,5.167786731214911,128.5802671100699,25.081968000000003,-0.012678637194568751,34050.175116634135,0.0,0.0,0
2025-10-10 12:12:32.500,SG_002,strain_gauge,SPAN_2,127.40042629411764,5.297294410193681,127.50835159263957,20.51364500000001,-0.017762835203617783,35778.19328704324,0.0,0.0,0
2025-10-10 12:12:35.500,SG_002,strain_gauge,SPAN_2,127.3180134901961,5.252015308985409,127.42417104977729,18.850251999999998,0.012245970045249362,35169.17262741681,0.0,0.0,0
2025-10-10 12:12:38.500,SG_002,strain_gauge,SPAN_2,127.42296333333331,4.230473831214341,127.49179414261722,17.52534899999999,-0.04110209248868705,22818.558766651404,0.0,0.0,0
2025-10-10 12:12:41.500,SG_002,strain_gauge,SPAN_2,126.73438998039215,4.601284262386285,126.81625403275963,24.290748000000008,-0.03234213484162968,26994.066500686717,0.0,0.0,0
2025-10-10 12:12:44.500,SG_002,strain_gauge,SPAN_2,127.25798296078432,5.794313138361185,127.38724416909899,24.673600000000008,0.0017091526696849857,42806.932550365935,0.0,0.0,0
2025-10-10 12:12:47.500,SG_002,strain_gauge,SPAN_2,127.14586343137256,6.065995269415873,127.28764822348893,33.12881700000001,-0.07588491357465899,46915.28072593406,0.0,0.0,0
2025-10-10 12:12:50.500,SG_002,strain_gauge,SPAN_2,126.69164527450981,5.707304223658192,126.81761554013366,30.77457600000001,0.011431937918552532,41530.984914267974,0.0,0.0,0
2025-10-10 12:12:53.500,SG_002,strain_gauge,SPAN_2,126.47829354901961,5.028234268239901,126.57624631457499,24.729120999999992,-0.008201135022623672,32236.003316785114,0.0,0.0,0
2025-10-10 12:12:56.500,SG_002,strain_gauge,SPAN_2,125.29561554901962,5.233561260551784,125.40272874721224,24.173505000000006,-0.092999332488687,34922.458421634175,0.0,0.0,0
2025-10-10 12:12:59.500,SG_002,strain_gauge,SPAN_2,123.8159753137255,5.2189268558054875,123.92376236105301,21.15736600000001,-0.03296425791855157,34727.426845965885,0.0,0.0,0
2025-10-10 12:13:02.500,SG_002,strain_gauge,SPAN_2,124.3785217254902,4.520654534801426,124.45903853049374,17.418250000000015,-0.0014756497737537402,26056.30471435139,0.0,0.0,0
2025-10-10 12:13:05.500,SG_002,strain_gauge,SPAN_2,123.19497966666668,4.395057581197691,123.2718166926239,16.34770300000001,-0.14253948923076765,24628.577206105216,0.0,0.0,0
2025-10-10 12:13:08.500,SG_002,strain_gauge,SPAN_2,121.90667507843136,4.288552482967384,121.98060702363261,19.229046999999994,0.056002922805431225,23449.395058936283,0.0,0.0,0
2025-10-10 12:13:11.500,SG_002,strain_gauge,SPAN_2,123.20725207843135,5.52328588279792,123.32856717455623,26.19076899999999,-0.007110379638008597,38896.02585247136,0.0,0.0,0
2025-10-10 12:13:14.500,SG_002,strain_gauge,SPAN_2,121.60009649019608,4.667429267818059,121.68788439106063,22.123382000000007,-0.0044361545701351885,27775.742361857883,0.0,0.0,0
2025-10-10 12:13:17.500,SG_002,strain_gauge,SPAN_2,120.14974033333334,5.002758132481149,120.25180644822618,20.305637000000004,-0.011846290588234092,31910.17588843549,0.0,0.0,0
2025-10-10 12:13:20.500,SG_002,strain_gauge,SPAN_2,119.57003731372549,5.056964094413408,119.67483143887664,20.305637000000004,0.055656439909503044,32605.42946153769,0.0,0.0,0
2025-10-10 12:13:23.500,SG_002,strain_gauge,SPAN_2,119.75953962745098,4.7888229404076075,119.85337080656201,23.84287599999999,-0.06289776895927425,29239.35207208206,0.0,0.0,0
2025-10-10 12:13:26.500,SG_002,strain_gauge,SPAN_2,119.3846743137255,4.363998437027807,119.46284578114643,21.611829,0.053819010407240346,24281.715006935952,0.0,0.0,0
2025-10-10 12:13:29.500,SG_002,strain_gauge,SPAN_2,120.30952774509805,3.912399260481101,120.3718787738888,20.258464999999987,0.02092180868778359,19516.25666610166,0.0,0.0,0
2025-10-10 12:13:32.500,SG_002,strain_gauge,SPAN_2,120.80211052941176,4.376115312381997,120.87979482046586,19.080967000000015,0.05428342244343988,24416.74116476183,0.0,0.0,0
2025-10-10 12:13:35.500,SG_002,strain_gauge,SPAN_2,121.09270823529411,5.064950950323736,121.19651274525273,22.707724,-0.011108303438913295,32708.503364711276,0.0,0.0,0
2025-10-10 12:13:38.500,SG_002,strain_gauge,SPAN_2,120.29266678431372,5.5191342127288605,120.41673161616411,27.361652000000007,-0.012662882805428651,38837.57413409562,0.0,0.0,0
2025-10-10 12:13:41.500,SG_002,strain_gauge,SPAN_2,120.69118650980393,5.546462352119947,120.81606906737527,29.414191000000002,0.01377670072398288,39223.13689494203,0.0,0.0,0
2025-10-10 12:13:44.500,SG_002,strain_gauge,SPAN_2,120.78702488235292,4.692590044247495,120.87635835298212,25.337540000000004,-0.017416576832577725,28076.01168729765,0.0,0.0,0
2025-10-10 12:13:47.500,SG_002,strain_gauge,SPAN_2,121.23943352941177,4.804572362039133,121.33273067197902,22.36236000000001,-0.034871483076922574,29431.99236713963,0.0,0.0,0
2025-10-10 12:13:50.500,SG_002,strain_gauge,SPAN_2,121.1017674509804,5.493949662961343,121.22388267025795,29.181539000000015,0.013162730316743707,38483.94069642015,0.0,0.0,0
2025-10-10 12:13:53.500,SG_002,strain_gauge,SPAN_2,122.51003788235295,4.754455057520693,122.60045266073011,22.723349,-0.00412274171945648,28821.17468982972,0.0,0.0,0
2025-10-10 12:13:56.500,SG_002,strain_gauge,SPAN_2,123.32830847058824,5.122736966726749,123.43257085031011,22.723349,0.061751915475114466,33459.10338859268,0.0,0.0,0
2025-10-10 12:13:59.500,SG_002,strain_gauge,SPAN_2,124.37062356862744,4.7241735079525355,124.45855622640113,21.649293,0.032524801900453676,28455.214549881715,0.0,0.0,0
2025-10-10 12:14:02.500,SG_002,strain_gauge,SPAN_2,124.88497849019606,4.264490222963857,124.95634094969999,20.839193999999992,0.02041249393665213,23186.99299873676,0.0,0.0,0
2025-10-10 12:14:05.500,SG_002,strain_gauge,SPAN_2,125.7115147647059,4.689038764635655,125.79722139088959,17.98133200000001,-0.024018893212669125,28033.532783726227,0.0,0.0,0
2025-10-10 12:14:08.500,SG_002,strain_gauge,SPAN_2,126.72585735294118,5.623867599184946,126.84814012814121,25.126409999999993,0.05482009484162846,40325.555635781864,0.0,0.0,0
2025-10-10 12:14:11.500,SG_002,strain_gauge,SPAN_2,127.29434631372547,4.821256399976501,127.38382684604396,20.334592999999984,0.002659868687782843,29636.754424750805,0.0,0.0,0
2025-10-10 12:14:14.500,SG_002,strain_gauge,SPAN_2,127.48536747058824,4.181875423163493,127.55259345695828,19.08425100000001,-0.015412879457012753,22297.30461994503,0.0,0.0,0
2025-10-10 12:14:17.500,SG_002,strain_gauge,SPAN_2,127.26044800000001,5.690169725589049,127.3851042834438,37.45074899999999,-0.054044744615384055,41281.99017016295,0.0,0.0,0
2025-10-10 12:14:20.500,SG_002,strain_gauge,SPAN_2,127.1541624117647,4.4975918454613035,127.23212140445118,25.162481999999997,0.01151037809954771,25791.12382065901,0.0,0.0,0
2025-10-10 12:14:23.500,SG_002,strain_gauge,SPAN_2,127.77690376470589,4.097447361066988,127.84129619581077,15.297241,0.03494429873303385,21406.070467811394,0.0,0.0,0
2025-10-10 12:14:26.500,SG_002,strain_gauge,SPAN_2,127.53899198039214,4.810949959133357,127.62791969885801,19.924227999999985,-0.011675831583709304,29510.180374338684,0.0,0.0,0
2025-10-10 12:14:29.500,SG_002,strain_gauge,SPAN_2,127.36064968627448,4.981456659583669,127.45612355665635,20.11680899999999,-0.007514985610857701,31639.010825420868,0.0,0.0,0
2025-10-10 12:14:32.500,SG_002,strain_gauge,SPAN_2,126.50443049019607,5.527815051874354,126.62278041942778,22.757969000000003,-0.07023697330316665,38959.84254085404,0.0,0.0,0
2025-10-10 12:14:35.500,SG_002,strain_gauge,SPAN_2,126.80307901960784,5.5507816001331625,126.92213315459247,24.961168000000015,0.0321390221719476,39284.24987478051,0.0,0.0,0
2025-10-10 12:14:38.500,SG_002,strain_gauge,SPAN_2,127.9002924509804,5.192948161296856,128.0036044829236,24.56914599999999,0.02649300687782848,34382.55602254341,0.0,0.0,0
2025-10-10 12:14:41.500,SG_002,strain_gauge,SPAN_2,127.88536313725491,4.891214007114168,127.97703302418152,22.393464999999992,-0.06321738977375442,30503.067440822026,0.0,0.0,0
2025-10-10 12:14:44.500,SG_002,strain_gauge,SPAN_2,127.17520370588238,4.7149175078185035,127.26086198678088,19.825928999999988,-0.00774732542986363,28343.820059555143,0.0,0.0,0
2025-10-10 12:14:47.500,SG_002,strain_gauge,SPAN_2,126.43449735294118,5.075331861143696,126.53432750083155,21.818016999999998,-0.06641362796379996,32842.71671344393,0.0,0.0,0
2025-10-10 12:14:50.500,SG_002,strain_gauge,SPAN_2,125.84639631372548,5.35930013267503,125.95822475992951,23.19475399999999,0.015427073574662106,36620.674837915496,0.0,0.0,0
2025-10-10 12:14:53.500,SG_002,strain_gauge,SPAN_2,124.96411347058825,4.586342988226163,125.04659833636258,18.221692000000004,-0.007236274932125837,26819.041057205395,0.0,0.0,0
2025-10-10 12:14:56.500,SG_002,strain_gauge,SPAN_2,124.57730560784314,4.175303080019963,124.64588401441686,17.031273999999982,-0.008947911583709174,22227.273657780843,0.0,0.0,0
2025-10-10 12:14:59.500,SG_002,strain_gauge,SPAN_2,125.29844227450981,4.5456685113651085,125.37925498170308,19.411588999999992,0.018545293484163464,26345.455324400762,0.0,0.0,0
2025-10-10 12:15:02.500,SG_002,strain_gauge,SPAN_2,124.43908011764707,4.940855247715479,124.53520804755038,19.670005999999987,-0.1160840006334825,31125.364488068924,0.0,0.0,0
2025-10-10 12:15:05.500,SG_002,strain_gauge,SPAN_2,122.95577619607843,5.718609360799629,123.08608437856893,23.179356999999982,-0.043726254389139206,41695.67860231706,0.0,0.0,0
2025-10-10 12:15:08.500,SG_002,strain_gauge,SPAN_2,122.27710688235295,5.453834656081572,122.39629062255679,21.69038599999999,0.001208055384616094,37923.9983812424,0.0,0.0,0
2025-10-10 12:15:11.500,SG_002,strain_gauge,SPAN_2,121.76418796078431,4.578193424636368,121.84853855189614,18.635815000000008,-0.05523640968325782,26723.815167564182,0.0,0.0,0
2025-10-10 12:15:14.500,SG_002,strain_gauge,SPAN_2,120.74587960784312,4.72167650891712,120.83635433751068,22.19862900000001,0.00027888307692315226,28425.142044946202,0.0,0.0,0
2025-10-10 12:15:17.500,SG_002,strain_gauge,SPAN_2,120.58924715686275,5.374581276005699,120.70661232577608,23.836735000000004,-0.012449138009047763,36829.8079627986,0.0,0.0,0
2025-10-10 12:15:20.500,SG_002,strain_gauge,SPAN_2,119.91599862745099,5.015525953180356,120.01878595576737,22.895317000000006,-0.023697631221718436,32073.2632484578,0.0,0.0,0
2025-10-10 12:15:23.500,SG_002,strain_gauge,SPAN_2,120.26804556862746,4.707029861603698,120.358317041622,19.677632000000003,-0.05427358606334681,28249.06590048688,0.0,0.0,0
2025-10-10 12:15:26.500,SG_002,strain_gauge,SPAN_2,118.81381805882353,4.560723698340684,118.89960351193862,22.356341,-0.0835621908597288,26520.25583207307,0.0,0.0,0
2025-10-10 12:15:29.500,SG_002,strain_gauge,SPAN_2,119.55668662745097,4.782199573190044,119.65041717370727,21.521073999999984,0.05352431113122242,29158.526766219267,0.0,0.0,0
2025-10-10 12:15:32.500,SG_002,strain_gauge,SPAN_2,120.91958886274509,5.106527371790878,121.0252547455463,20.09783499999999,0.052453995113124145,33247.69279353305,0.0,0.0,0
2025-10-10 12:15:35.500,SG_002,strain_gauge,SPAN_2,121.54993098039216,4.508233332152304,121.63186825837035,17.93142999999999,-0.01216796253393588,25913.313915839557,0.0,0.0,0
2025-10-10 12:15:38.500,SG_002,strain_gauge,SPAN_2,120.27527488235293,5.128226187377424,120.38241063791286,22.955938000000017,-0.02685098760180938,33530.847381852065,0.0,0.0,0
2025-10-10 12:15:41.500,SG_002,strain_gauge,SPAN_2,121.10482421568626,5.412178989406637,121.22333019279444,24.988696000000004,0.11075747819004603,37346.89380205267,0.0,0.0,0
2025-10-10 12:15:44.500,SG_002,strain_gauge,SPAN_2,121.44504135294117,4.9518727939488905,121.54397685034601,23.367592000000002,-0.01196332407239715,31264.331313500265,0.0,0.0,0
2025-10-10 12:15:47.500,SG_002,strain_gauge,SPAN_2,121.47897978431371,5.333400641397311,121.59370848673451,23.960050999999993,0.043488701357467595,36267.58206211298,0.0,0.0,0
2025-10-10 12:15:50.500,SG_002,strain_gauge,SPAN_2,122.13318688235294,4.877138797915463,122.22861947706555,19.493974999999992,-0.015256263438912988,30327.765639018668,0.0,0.0,0
2025-10-10 12:15:53.500,SG_002,strain_gauge,SPAN_2,122.77775052941176,4.682416891210376,122.86525607549464,16.66138699999999,0.056048920180996255,27954.41062744261,0.0,0.0,0
2025-10-10 12:15:56.500,SG_002,strain_gauge,SPAN_2,124.33496015686276,4.7556634635149235,124.42409410816808,18.952145,0.05384173954751255,28835.827097218713,0.0,0.0,0
2025-10-10 12:15:59.500,SG_002,strain_gauge,SPAN_2,124.69231631372547,5.089388602199246,124.79410139945738,22.70736100000002,-0.0072892076923069034,33024.89233884938,0.0,0.0,0
2025-10-10 12:16:02.500,SG_002,strain_gauge,SPAN_2,124.68089962745097,4.415560157848067,124.75753125938948,18.64306400000001,-0.011382605701357578,24858.89367215844,0.0,0.0,0
2025-10-10 12:16:05.500,SG_002,strain_gauge,SPAN_2,124.61812843137255,4.554433856914399,124.69969558342102,19.473719000000017,-0.008929903529410284,26447.15639018542,0.0,0.0,0
2025-10-10 12:16:08.500,SG_002,strain_gauge,SPAN_2,124.7508213137255,4.586223414245932,124.83344280744731,17.003472000000016,0.03665582787330389,26817.64263685646,0.0,0.0,0
2025-10-10 12:16:11.500,SG_002,strain_gauge,SPAN_2,125.89335223529412,5.573677550325738,126.01425666782605,23.316902999999996,0.01796083628959316,39608.99882963152,0.0,0.0,0
2025-10-10 12:16:14.500,SG_002,strain_gauge,SPAN_2,127.27785401960784,5.806143816292672,127.40762309945107,23.316902999999996,0.1176846075113125,42981.915169728876,0.0,0.0,0
2025-10-10 12:16:17.500,SG_002,strain_gauge,SPAN_2,128.7307048627451,6.387208201566271,128.8859607292299,26.774772,-0.04612869330316623,52015.446477948186,0.0,0.0,0
2025-10-10 12:16:20.500,SG_002,strain_gauge,SPAN_2,128.5310997647059,5.839807026421292,128.66109847102084,25.465695999999994,-0.06246514923076795,43481.766284945355,0.0,0.0,0
2025-10-10 12:16:23.500,SG_002,strain_gauge,SPAN_2,127.40249568627449,4.959697136535509,127.49710654509671,23.069125999999997,0.001200166244343568,31363.20949985212,0.0,0.0,0
2025-10-10 12:16:26.500,SG_002,strain_gauge,SPAN_2,128.46892915686277,4.323612290978142,128.54023821481547,17.591800000000006,0.04912640561086035,23834.36963443899,0.0,0.0,0
2025-10-10 12:16:29.500,SG_002,strain_gauge,SPAN_2,128.0332012156863,5.677721945203213,128.1565646046616,23.470627000000007,-0.01950588443438808,41101.571270978755,0.0,0.0,0
2025-10-10 12:16:32.500,SG_002,strain_gauge,SPAN_2,127.32746745098038,5.880821237348737,127.46054254989448,25.315803000000017,0.04928682606335,44094.6744927062,0.0,0.0,0
2025-10-10 12:16:35.500,SG_002,strain_gauge,SPAN_2,127.88000866666665,4.862876185443367,127.97062359635753,24.864130000000017,0.004535084705883529,30150.645113564104,0.0,0.0,0
2025-10-10 12:16:38.500,SG_002,strain_gauge,SPAN_2,127.18720637254901,5.343321862596098,127.29719842995537,22.821645000000004,-0.045184020542986404,36402.63787230423,0.0,0.0,0
2025-10-10 12:16:41.500,SG_002,strain_gauge,SPAN_2,126.57778039215688,5.942096155529513,126.71444539619561,24.584822999999986,0.04041232090497752,45018.34606998725,0.0,0.0,0
2025-10-10 12:16:44.500,SG_002,strain_gauge,SPAN_2,127.28711609803922,5.787239510794498,127.41603257463683,24.30667000000001,0.004887444886878803,42702.4799730087,0.0,0.0,0
2025-10-10 12:16:47.500,SG_002,strain_gauge,SPAN_2,127.07631658823531,5.008475273219017,127.17304432500899,24.30667000000001,0.018350284796381126,31983.151317119045,0.0,0.0,0
2025-10-10 12:16:50.500,SG_002,strain_gauge,SPAN_2,126.97680974509805,4.594262377452402,127.05826849226116,20.03029099999999,-0.007970030135745876,26911.73966091512,0.0,0.0,0
2025-10-10 12:16:53.500,SG_002,strain_gauge,SPAN_2,125.48849380392156,4.78201489562839,125.57779006664344,21.48603,-0.04622909556560966,29156.274739065044,0.0,0.0,0
2025-10-10 12:16:56.500,SG_002,strain_gauge,SPAN_2,125.88430127450981,4.944255482081998,125.97945722590025,20.762218000000004,0.01486754352941445,31168.21939692481,0.0,0.0,0
2025-10-10 12:16:59.500,SG_002,strain_gauge,SPAN_2,125.24436976470588,5.899760153701474,125.38052812978054,25.220839000000012,-0.08836146823529338,44379.14158578465,0.0,0.0,0
2025-10-10 12:17:02.500,SG_002,strain_gauge,SPAN_2,123.64460835294119,6.065744665360048,123.7903913745304,26.70301600000002,0.002340700361991984,46911.40439031346,0.0,0.0,0
2025-10-10 12:17:05.500,SG_002,strain_gauge,SPAN_2,122.82097941176471,5.202546170627352,122.9289581624199,25.33054200000001,-0.07301475601809782,34509.770488324386,0.0,0.0,0
2025-10-10 12:17:08.500,SG_002,strain_gauge,SPAN_2,120.823431,4.9934139905400245,120.92454984964036,21.453108999999998,-0.0749782265158352,31791.083683174074,0.0,0.0,0
2025-10-10 12:17:11.500,SG_002,strain_gauge,SPAN_2,120.43713415686274,4.631288599376151,120.52440231187433,18.224972000000008,0.01288017402714995,27347.26346565718,0.0,0.0,0
2025-10-10 12:17:14.500,SG_002,strain_gauge,SPAN_2,120.8500390980392,4.817431287219911,120.94413810663788,17.515339999999995,0.01646157447963894,29589.74636403374,0.0,0.0,0
2025-10-10 12:17:17.500,SG_002,strain_gauge,SPAN_2,120.00740054901961,4.656530438707013,120.09593789962378,20.787654000000003,-0.034565400995473644,27646.17655142128,0.0,0.0,0
2025-10-10 12:17:20.500,SG_002,strain_gauge,SPAN_2,120.09892119607844,4.802679074816051,120.19302945518295,24.516638999999984,0.04897524868778321,29408.801026986846,0.0,0.0,0
2025-10-10 12:17:23.500,SG_002,strain_gauge,SPAN_2,121.33714439215684,5.772931808523825,121.47170816855309,23.87005099999999,0.0010073581900463698,42491.59562397936,0.0,0.0,0
2025-10-10 12:17:26.500,SG_002,strain_gauge,SPAN_2,120.48036849019608,4.738933710510627,120.57170622186484,22.502188999999987,-0.039061995384613864,28633.30320858287,0.0,0.0,0
2025-10-10 12:17:29.500,SG_002,strain_gauge,SPAN_2,119.4533120980392,4.44040448984814,119.53419741486755,20.482934,-0.05778311384615282,25139.419842665986,0.0,0.0,0
2025-10-10 12:17:32.500,SG_002,strain_gauge,SPAN_2,119.4519155882353,4.610248654770239,119.53910564146139,22.039091999999982,-0.002316932217193727,27099.35063998376,0.0,0.0,0
2025-10-10 12:17:35.500,SG_002,strain_gauge,SPAN_2,119.20115125490196,4.506135181902904,119.28462420836502,19.17349499999999,-0.01769170063348502,25889.19920391847,0.0,0.0,0
2025-10-10 12:17:38.500,SG_002,strain_gauge,SPAN_2,120.10094952941176,4.598180022270414,120.18721547513901,18.519070000000013,0.09205224769230848,26957.655884438605,0.0,0.0,0
2025-10-10 12:17:41.500,SG_002,strain_gauge,SPAN_2,120.89132019607841,4.902145939269664,120.98872318030172,23.75026000000001,-0.022327583529411024,30639.569382620015,0.0,0.0,0
2025-10-10 12:17:44.500,SG_002,strain_gauge,SPAN_2,120.96048878431372,4.787813798261199,121.05334995018708,21.662407000000016,0.010030903619911033,29227.03023269592,0.0,0.0,0
2025-10-10 12:17:47.500,SG_002,strain_gauge,SPAN_2,121.36031158823529,5.054737360779354,121.4634702737294,24.14643699999999,0.04430018579185595,32576.721477734758,0.0,0.0,0
2025-10-10 12:17:50.500,SG_002,strain_gauge,SPAN_2,121.6465748235294,4.173286843635226,121.71673669978519,23.406020999999996,0.03646342009049759,22205.81192605505,0.0,0.0,0
2025-10-10 12:17:53.500,SG_002,strain_gauge,SPAN_2,123.6666519607843,4.8246395071912005,123.75888468683499,21.074241999999998,0.08022499013574722,29678.361627296435,0.0,0.0,0
2025-10-10 12:17:56.500,SG_002,strain_gauge,SPAN_2,123.88693760784314,4.39697376967514,123.96341235352953,21.074241999999998,-0.05175160751130956,24650.057372294283,0.0,0.0,0
2025-10-10 12:17:59.500,SG_002,strain_gauge,SPAN_2,124.20444445098038,3.807425429033899,124.26164438354976,15.954788999999991,0.04737081113122259,18483.022707008808,0.0,0.0,0
2025-10-10 12:18:02.500,SG_002,strain_gauge,SPAN_2,125.0710697647059,4.91989821244804,125.16590300418666,21.591457000000005,0.010642402352941793,30861.88298658302,0.0,0.0,0
2025-10-10 12:18:05.500,SG_002,strain_gauge,SPAN_2,124.6677801372549,5.269837430174187,124.7769291889409,22.19625099999999,-0.03442421610859592,35408.26283909272,0.0,0.0,0
2025-10-10 12:18:08.500,SG_002,strain_gauge,SPAN_2,124.46121688235293,5.06402867910851,124.56217749859631,22.19625099999999,0.020787598009051264,32696.592740112697,0.0,0.0,0
2025-10-10 12:18:11.500,SG_002,strain_gauge,SPAN_2,125.98157735294117,5.08657951102939,126.08221049784684,21.583969999999994,0.07197829511312283,32988.446180580584,0.0,0.0,0
2025-10-10 12:18:14.500,SG_002,strain_gauge,SPAN_2,127.87911176470588,4.504537956543515,127.956868623333,19.825497999999996,-0.024958789773754216,25870.849307475066,0.0,0.0,0
2025-10-10 12:18:17.500,SG_002,strain_gauge,SPAN_2,128.4961584509804,4.561058248194848,128.57549565175393,21.141086,0.06677390208144883,26524.146737868472,0.0,0.0,0
2025-10-10 12:18:20.500,SG_002,strain_gauge,SPAN_2,127.88273492156866,5.795597631744759,128.0114222873455,25.27659700000001,-0.08263773366515893,42825.91368408395,0.0,0.0,0
2025-10-10 12:18:23.500,SG_002,strain_gauge,SPAN_2,127.74612535294118,6.499913901263792,127.90814287600007,31.332228999999998,0.033556824072397975,53867.32292289893,0.0,0.0,0
2025-10-10 12:18:26.500,SG_002,strain_gauge,SPAN_2,128.2519014509804,5.372029954552752,128.36215592863613,29.649357999999992,0.042235329321267945,36794.84993658035,0.0,0.0,0
2025-10-10 12:18:29.500,SG_002,strain_gauge,SPAN_2,127.96553907843136,5.068754246016343,128.06392033374493,21.259834999999995,-0.07270860135746432,32757.643748298593,0.0,0.0,0
2025-10-10 12:18:32.500,SG_002,strain_gauge,SPAN_2,127.72492076470589,4.7795990102907915,127.81256596426344,18.03255399999999,0.08317583773755839,29126.8225414452,0.0,0.0,0
2025-10-10 12:18:35.500,SG_002,strain_gauge,SPAN_2,127.9639217254902,4.150216310094867,128.02988646212728,14.929575999999997,-0.02674521402714857,21960.976661236244,0.0,0.0,0
2025-10-10 12:18:38.500,SG_002,strain_gauge,SPAN_2,126.83478329411763,3.906385407743713,126.89374644770422,17.016827000000006,-0.07394488280542966,19456.30486613709,0.0,0.0,0
2025-10-10 12:18:41.500,SG_002,strain_gauge,SPAN_2,126.20391152941174,4.147630311693378,126.27071240787663,19.40522200000001,0.037176340180995845,21933.617433159074,0.0,0.0,0
2025-10-10 12:18:44.500,SG_002,strain_gauge,SPAN_2,127.43569560784314,5.228005870393882,127.54078813453081,27.78119699999999,0.029927237828054534,34848.35786061294,0.0,0.0,0
2025-10-10 12:18:47.500,SG_002,strain_gauge,SPAN_2,125.44213901960784,5.879497790456624,125.57715127549878,27.78119699999999,-0.07141998561085831,44074.83019168002,0.0,0.0,0
2025-10-10 12:18:50.500,SG_002,strain_gauge,SPAN_2,123.32059078431374,5.202509822505344,123.428130958208,23.607965000000007,-0.05386495149321155,34509.28827791234,0.0,0.0,0
2025-10-10 12:18:53.500,SG_002,strain_gauge,SPAN_2,123.14536566666666,4.31687971288416,123.21952416173026,18.141382000000007,0.023677632850678563,23760.1993307763,0.0,0.0,0
2025-10-10 12:18:56.500,SG_002,strain_gauge,SPAN_2,124.23926105882352,4.461632380094786,124.31777763058,19.331197000000017,0.051798911493215194,25380.35845626558,0.0,0.0,0
2025-10-10 12:18:59.500,SG_002,strain_gauge,SPAN_2,124.23555119607845,4.8275832046517735,124.32747390997068,21.387614000000013,0.0020933152036212654,29714.58848724075,0.0,0.0,0
2025-10-10 12:19:02.500,SG_002,strain_gauge,SPAN_2,123.21739756862746,4.923395554085758,123.313793213512,21.190494,-0.06321211511312111,30905.77532203904,0.0,0.0,0
2025-10-10 12:19:05.500,SG_002,strain_gauge,SPAN_2,122.6958607647059,4.193024811174231,122.76608233305694,18.330816999999996,0.05467669457013688,22416.35776058144,0.0,0.0,0
2025-10-10 12:19:08.500,SG_002,strain_gauge,SPAN_2,122.29029380392156,4.432404034357347,122.36901954521453,19.829633000000015,-0.10276942533936581,25048.912042828782,0.0,0.0,0
2025-10-10 12:19:11.500,SG_002,strain_gauge,SPAN_2,121.79539701960785,5.004593475515423,121.89615906108543,21.411074000000013,-0.04121465873303178,31933.593715343723,0.0,0.0,0
2025-10-10 12:19:14.500,SG_002,strain_gauge,SPAN_2,120.98122398039213,5.560125573838795,121.1064216950973,22.735966000000005,-0.02057657864253337,39416.62040599164,0.0,0.0,0
2025-10-10 12:19:17.500,SG_002,strain_gauge,SPAN_2,121.36753815686274,4.186803260491191,121.43831737805203,20.385416000000006,-0.03144450705882198,22349.88496612606,0.0,0.0,0
2025-10-10 12:19:20.500,SG_002,strain_gauge,SPAN_2,121.72383196078431,3.92470893525949,121.78584721208296,17.48314400000001,0.05088056244343884,19639.25878879474,0.0,0.0,0
2025-10-10 12:19:23.500,SG_002,strain_gauge,SPAN_2,121.42704780392158,4.85063523952524,121.52199494035887,20.689231000000007,-0.039782572941175355,29999.044339328197,0.0,0.0,0
2025-10-10 12:19:26.500,SG_002,strain_gauge,SPAN_2,120.2006162352941,4.716439375027278,120.29129964867084,20.689231000000007,-0.033665679999998054,28362.120482342314,0.0,0.0,0
2025-10-10 12:19:29.500,SG_002,strain_gauge,SPAN_2,119.55145709803921,3.85039086097576,119.61223059443526,17.897102000000004,0.02271263085972942,18902.52497241421,0.0,0.0,0
2025-10-10 12:19:32.500,SG_002,strain_gauge,SPAN_2,118.10673347058825,4.591923904106671,118.19421648227275,19.074686999999997,-0.09446740208144884,26884.350554910463,0.0,0.0,0
2025-10-10 12:19:35.500,SG_002,strain_gauge,SPAN_2,119.75183768627453,5.876486205574724,119.89311322986798,24.395868000000007,0.1664440142081459,44029.68990849528,0.0,0.0,0
2025-10-10 12:19:38.500,SG_002,strain_gauge,SPAN_2,121.51183496078436,5.5642888102901304,121.63667317463143,23.782279000000003,-0.030383211674207017,39475.670204507944,0.0,0.0,0
2025-10-10 12:19:41.500,SG_002,strain_gauge,SPAN_2,121.2134914117647,5.264044778827904,121.3255015693202,23.887573999999987,0.0035848035294131298,35330.46347771927,0.0,0.0,0
2025-10-10 12:19:44.500,SG_002,strain_gauge,SPAN_2,120.25792415686274,4.630197547684995,120.34528110651686,22.43521899999999,-0.028784128506786705,27334.379896499886,0.0,0.0,0
2025-10-10 12:19:47.500,SG_002,strain_gauge,SPAN_2,121.38118194117648,5.29087576961508,121.49418013349053,23.03156899999999,0.030640113846155868,35691.54217211245,0.0,0.0,0
2025-10-10 12:19:50.500,SG_002,strain_gauge,SPAN_2,122.07872133333332,4.493706956852926,122.15977920548441,20.393523000000002,0.011172222171946768,25746.58782293719,0.0,0.0,0
2025-10-10 12:19:53.500,SG_002,strain_gauge,SPAN_2,122.23198729411763,4.774709235794923,122.32338104190325,20.70284700000002,0.0338587838009062,29067.25656514129,0.0,0.0,0
2025-10-10 12:19:56.500,SG_002,strain_gauge,SPAN_2,122.46626999999998,4.9670890401209356,122.56498479198078,22.396231999999998,0.008843824162896873,31456.766253924132,0.0,0.0,0
2025-10-10 12:19:59.500,SG_002,strain_gauge,SPAN_2,123.74994480392155,4.6556962362351655,123.83577567273458,18.227717999999996,0.06663913257918536,27636.271991220212,0.0,0.0,0
2025-10-10 12:20:02.500,SG_002,strain_gauge,SPAN_2,123.83241394117645,4.795005951213941,123.92339569037149,23.08632800000001,-0.009434790045247568,29314.90464202581,0.0,0.0,0
2025-10-10 12:20:05.500,SG_002,strain_gauge,SPAN_2,124.86341601960785,4.223409820579734,124.9334226768988,22.38310899999999,0.0674370433484178,22742.417903525915,0.0,0.0,0
2025-10-10 12:20:08.500,SG_002,strain_gauge,SPAN_2,126.03022327450981,4.43525198320379,126.10671244573905,20.312826,0.009426561990951262,25081.111697004282,0.0,0.0,0
2025-10-10 12:20:11.500,SG_002,strain_gauge,SPAN_2,126.22989507843137,5.235070488974729,126.33627746103775,23.079576999999986,0.03243536470588276,34942.60285628098,0.0,0.0,0
2025-10-10 12:20:14.500,SG_002,strain_gauge,SPAN_2,126.21950166666669,5.014870072514892,126.31713425624919,23.079576999999986,-0.031813532941175685,32064.87535136202,0.0,0.0,0
2025-10-10 12:20:17.500,SG_002,strain_gauge,SPAN_2,126.88225650980391,5.023514302524664,126.97971450353693,21.53138299999999,0.09414945420814504,32175.512333279064,0.0,0.0,0
2025-10-10 12:20:20.500,SG_002,strain_gauge,SPAN_2,126.91184990196078,4.80849570396136,127.00112562950136,19.238238999999993,-0.058877326244342824,29480.079442143942,0.0,0.0,0
2025-10-10 12:20:23.500,SG_002,strain_gauge,SPAN_2,126.1713614509804,5.105150607749551,126.27257810973856,23.773214999999993,0.04450088036199128,33229.767477952155,0.0,0.0,0
2025-10-10 12:20:26.500,SG_002,strain_gauge,SPAN_2,127.25870698039215,5.662676755956243,127.3821638498452,28.174430000000015,0.05068273556561211,40884.032754120075,0.0,0.0,0
2025-10-10 12:20:29.500,SG_002,strain_gauge,SPAN_2,128.02923694117646,5.511975920066159,128.14550974253683,25.534125000000003,0.001041723438915489,38736.89514282119,0.0,0.0,0
2025-10-10 12:20:32.500,SG_002,strain_gauge,SPAN_2,128.47476764705885,4.681246868251216,128.55835370179665,18.980131999999983,0.04052973194570202,27940.442107927567,0.0,0.0,0
2025-10-10 12:20:35.500,SG_002,strain_gauge,SPAN_2,129.26746582352942,4.690690776236356,129.35087505409146,25.188195000000007,-0.009837941085972461,28053.289446792754,0.0,0.0,0
2025-10-10 12:20:38.500,SG_002,strain_gauge,SPAN_2,127.7593000980392,5.004821561516803,127.85537086280334,25.188195000000007,-0.02615700651583574,31936.50454984494,0.0,0.0,0
2025-10-10 12:20:41.500,SG_002,strain_gauge,SPAN_2,127.35770029411765,4.9710443561841124,127.45277780910246,19.392725999999982,-0.0029233833484150007,31506.88453871614,0.0,0.0,0
2025-10-10 12:20:44.500,SG_002,strain_gauge,SPAN_2,127.508298,5.3642578552936,127.6188743891934,27.46789799999999,-0.03290538986425298,36688.45948105085,0.0,0.0,0
2025-10-10 12:20:47.500,SG_002,strain_gauge,SPAN_2,125.84822172549019,5.623652748089017,125.97134703749023,27.46789799999999,-0.0760606369230757,40322.47454463867,0.0,0.0,0
2025-10-10 12:20:50.500,SG_002,strain_gauge,SPAN_2,125.62272492156863,4.570016519039785,125.70419466708651,19.515770000000003,0.018180685701358956,26628.440004978052,0.0,0.0,0
2025-10-10 12:20:53.500,SG_002,strain_gauge,SPAN_2,125.31245766666666,4.622707208318648,125.39602250518456,22.773894,-0.0527914719456998,27246.01296564751,0.0,0.0,0
2025-10-10 12:20:56.500,SG_002,strain_gauge,SPAN_2,124.51123905882352,4.657560758923951,124.59661381334097,21.30684699999999,0.006963246696833188,27658.41208441202,0.0,0.0,0
2025-10-10 12:20:59.500,SG_002,strain_gauge,SPAN_2,123.96127517647058,5.768797173750846,124.09280492594365,26.362171999999987,-0.018029301538459823,42430.75156064158,0.0,0.0,0
2025-10-10 12:21:02.500,SG_002,strain_gauge,SPAN_2,122.74715388235295,4.845740628452615,122.8408912892043,21.169788999999994,-0.1012950986425334,29938.53285375134,0.0,0.0,0
2025-10-10 12:21:05.500,SG_002,strain_gauge,SPAN_2,122.21843435294116,5.050392442851943,122.32069339555471,19.709429000000014,0.041627429954752236,32520.741379190433,0.0,0.0,0
2025-10-10 12:21:08.500,SG_002,strain_gauge,SPAN_2,122.00536215686274,5.168196659677375,122.11263211157375,21.523848000000015,0.0020111043438929828,34055.57730920297,0.0,0.0,0
2025-10-10 12:21:11.500,SG_002,strain_gauge,SPAN_2,121.8456909607843,4.613830057261082,121.93130210476387,19.487960000000015,-0.006583905067872318,27141.470441539397,0.0,0.0,0
2025-10-10 12:21:14.500,SG_002,strain_gauge,SPAN_2,121.37646880392157,4.540460704910275,121.45970003122383,19.368746,0.03736523954751271,26285.123851363755,0.0,0.0,0
2025-10-10 12:21:17.500,SG_002,strain_gauge,SPAN_2,120.87700560784316,4.779021446775206,120.96959000623308,19.527224000000004,-0.09421347122171908,29119.783635640175,0.0,0.0,0
2025-10-10 12:21:20.500,SG_002,strain_gauge,SPAN_2,119.79532529411763,4.655825009124343,119.88399240673444,18.545547000000013,0.0074120056108602245,27637.800807374304,0.0,0.0,0
2025-10-10 12:21:23.500,SG_002,strain_gauge,SPAN_2,119.82399701960784,4.608254894299327,119.91084138855297,18.308327000000006,-0.055969257285066756,27075.916792812965,0.0,0.0,0
2025-10-10 12:21:26.500,SG_002,strain_gauge,SPAN_2,119.58297480392159,3.6337764511695325,119.6370899253054,16.332961999999995,0.06825335203619964,16835.52240376966,0.0,0.0,0
2025-10-10 12:21:29.500,SG_002,strain_gauge,SPAN_2,120.94713821568628,4.3280349496508,121.0230343248634,20.47944100000001,0.08380571538461488,23883.155319883474,0.0,0.0,0
2025-10-10 12:21:32.500,SG_002,strain_gauge,SPAN_2,121.23948103921569,5.540780375333806,121.363544955622,26.43638,-0.09711686135746506,39142.815138797385,0.0,0.0,0
2025-10-10 12:21:35.500,SG_002,strain_gauge,SPAN_2,119.66730352941178,5.714286796050704,119.80098643685298,26.43638,-0.08023911592760066,41632.668824087246,0.0,0.0,0
2025-10-10 12:21:38.500,SG_002,strain_gauge,SPAN_2,119.79423994117644,4.4266909305233195,119.87439796876049,20.644177999999997,0.0006726286877841427,24984.380557831202,0.0,0.0,0
2025-10-10 12:21:41.500,SG_002,strain_gauge,SPAN_2,120.1110386862745,5.361115451387121,120.22828125362491,25.740532,-0.007855248868778204,36645.48757595472,0.0,0.0,0
2025-10-10 12:21:44.500,SG_002,strain_gauge,SPAN_2,119.49773935294117,6.1742191290429655,119.65401465092798,26.815729000000005,-0.07230795502262331,48604.25186313611,0.0,0.0,0
2025-10-10 12:21:47.500,SG_002,strain_gauge,SPAN_2,120.24420133333334,6.26695616216717,120.4042050797961,32.77943099999999,0.10139266859728542,50075.292911619465,0.0,0.0,0
2025-10-10 12:21:50.500,SG_002,strain_gauge,SPAN_2,122.38136156862744,5.801909130570839,122.5161204364646,28.078771999999987,0.048248715113124,42919.24068823661,0.0,0.0,0
2025-10-10 12:21:53.500,SG_002,strain_gauge,SPAN_2,122.98528631372551,4.603684259761477,123.06973223174784,20.002214999999993,0.0541470175565626,27022.233673558854,0.0,0.0,0
2025-10-10 12:21:56.500,SG_002,strain_gauge,SPAN_2,124.37590027450983,5.144229625546184,124.48015417427796,20.39269399999999,0.04394269809954893,33740.45051144247,0.0,0.0,0
2025-10-10 12:21:59.500,SG_002,strain_gauge,SPAN_2,124.53330249019606,5.944429684729156,124.67231772072151,23.313850999999985,0.005060400000001035,45053.71145277869,0.0,0.0,0
2025-10-10 12:22:02.500,SG_002,strain_gauge,SPAN_2,124.75377066666665,5.314268315007705,124.8646907231913,23.48104099999999,0.07551250904977454,36007.84584796591,0.0,0.0,0
2025-10-10 12:22:05.500,SG_002,strain_gauge,SPAN_2,125.68870078431371,4.3616986909373,125.76287565321073,19.766440999999986,-0.007403394751130431,24256.129724918304,0.0,0.0,0
2025-10-10 12:22:08.500,SG_002,strain_gauge,SPAN_2,126.18249905882355,4.800751654690758,126.27200156398533,20.018597999999997,0.015174023076922094,29385.200973770457,0.0,0.0,0
2025-10-10 12:22:11.500,SG_002,strain_gauge,SPAN_2,126.23810705882356,5.246249569135972,126.34493713256542,20.972521999999998,0.044177575927603095,35091.996540615706,0.0,0.0,0
2025-10-10 12:22:14.500,SG_002,strain_gauge,SPAN_2,127.2543052745098,5.770718448897668,127.38252014219614,21.49625300000001,0.022385218642535416,42459.01905597108,0.0,0.0,0
2025-10-10 12:22:17.500,SG_002,strain_gauge,SPAN_2,127.18343741176471,6.007850514344858,127.32247754789316,25.203199000000012,0.028432398642536664,46020.19144846004,0.0,0.0,0
2025-10-10 12:22:20.500,SG_002,strain_gauge,SPAN_2,126.71470747058822,5.0953082212839815,126.81510238591756,20.414760999999984,-0.013603427873302716,33101.76148410225,0.0,0.0,0
2025-10-10 12:22:23.500,SG_002,strain_gauge,SPAN_2,127.32738723529411,5.521623252445087,127.44470978917437,27.203813999999994,0.026425424705883317,38872.612260976384,0.0,0.0,0
2025-10-10 12:22:26.500,SG_002,strain_gauge,SPAN_2,128.72611774509804,5.131968836779701,128.82637183457362,24.736503,0.022799444977376224,33579.80778063945,0.0,0.0,0
2025-10-10 12:22:29.500,SG_002,strain_gauge,SPAN_2,129.57350284313725,4.381153195159879,129.64609820411016,22.473964999999993,-0.012479741085971562,24472.99173231101,0.0,0.0,0
2025-10-10 12:22:32.500,SG_002,strain_gauge,SPAN_2,129.4094810980392,4.666877747123421,129.49195531804222,20.411705999999995,0.0009867224434393245,27769.178580909615,0.0,0.0,0
2025-10-10 12:22:35.500,SG_002,strain_gauge,SPAN_2,128.54755266666666,5.394081493081332,128.65845832933644,24.590792000000008,-0.015464478642532772,37097.54682135321,0.0,0.0,0
2025-10-10 12:22:38.500,SG_002,strain_gauge,SPAN_2,127.19003088235291,4.985516434128335,127.28578856137905,23.573825999999983,-0.04751414470588167,31690.601996578727,0.0,0.0,0
2025-10-10 12:22:41.500,SG_002,strain_gauge,SPAN_2,126.97620609803921,4.8358997907739125,127.06645621191335,19.851798000000002,0.0444147799095031,29817.056652669147,0.0,0.0,0
2025-10-10 12:22:44.500,SG_002,strain_gauge,SPAN_2,127.25433411764705,4.974833183344216,127.34963385538398,21.263182,-0.028223339909501162,31554.93063268099,0.0,0.0,0
2025-10-10 12:22:47.500,SG_002,strain_gauge,SPAN_2,125.97368923529413,4.512044510978032,126.0528846875371,17.336634000000004,-0.007520824253393409,25957.14572803491,0.0,0.0,0
2025-10-10 12:22:50.500,SG_002,strain_gauge,SPAN_2,125.55038707843136,4.891645540158963,125.64377704971704,25.671288000000004,-0.041078076832579156,30508.45001546028,0.0,0.0,0
2025-10-10 12:22:53.500,SG_002,strain_gauge,SPAN_2,124.90988292156864,5.267296995316115,125.01871564261046,26.233665000000002,0.03237431203619947,35374.13248700437,0.0,0.0,0
2025-10-10 12:22:56.500,SG_002,strain_gauge,SPAN_2,124.67940911764703,4.93276660445592,124.77503813906867,18.832228999999984,-0.015515544615383653,31023.537626895362,0.0,0.0,0
2025-10-10 12:22:59.500,SG_002,strain_gauge,SPAN_2,123.54226225490198,5.447651635746756,123.65995945025945,31.498527999999993,-0.09389110054298552,37838.05813917924,0.0,0.0,0
2025-10-10 12:23:02.500,SG_002,strain_gauge,SPAN_2,122.39068392156864,4.834370500868967,122.48425364641126,23.03155799999999,0.03731869981900506,29798.20112808188,0.0,0.0,0
2025-10-10 12:23:05.500,SG_002,strain_gauge,SPAN_2,122.20609113725487,5.100047571138895,122.31038053558929,17.624613999999994,0.02258144099547496,33163.36866554667,0.0,0.0,0
2025-10-10 12:23:08.500,SG_002,strain_gauge,SPAN_2,121.42843313725491,5.0260230653782525,121.53036645260228,20.82785299999999,-0.05348838633484047,32207.657513485614,0.0,0.0,0
2025-10-10 12:23:11.500,SG_002,strain_gauge,SPAN_2,121.08640733333334,4.439983998952067,121.16618736435697,20.291961999999998,0.07036612769230827,25134.658836461746,0.0,0.0,0
2025-10-10 12:23:14.500,SG_002,strain_gauge,SPAN_2,120.86899394117646,4.795065541796974,120.96220696382056,25.77825200000001,-0.05948746651583685,29315.633276414097,0.0,0.0,0
2025-10-10 12:23:17.500,SG_002,strain_gauge,SPAN_2,120.76718945098042,4.5696144918135815,120.85191759229907,17.354039,0.005071043529411132,26623.755169835684,0.0,0.0,0
2025-10-10 12:23:20.500,SG_002,strain_gauge,SPAN_2,120.29009078431373,5.295294041704571,120.40430338339125,22.435626999999997,-0.03622629638008935,35751.1772098427,0.0,0.0,0
2025-10-10 12:23:23.500,SG_002,strain_gauge,SPAN_2,120.46052288235295,5.465661330994666,120.58202715529052,22.435626999999997,0.07396009809954882,38088.65357604124,0.0,0.0,0
2025-10-10 12:23:26.500,SG_002,strain_gauge,SPAN_2,120.1122265490196,5.198575878344685,120.22246982996498,22.57201599999999,-0.07398871330316627,34457.1187327067,0.0,0.0,0
2025-10-10 12:23:29.500,SG_002,strain_gauge,SPAN_2,119.81558035294117,5.080365719850645,119.92112962466892,23.56316799999999,0.0694670143891409,32907.897705477786,0.0,0.0,0
2025-10-10 12:23:32.500,SG_002,strain_gauge,SPAN_2,119.4311118627451,5.854816159245755,119.57172415868199,26.064763999999997,-0.04370485040723829,43705.56212967062,0.0,0.0,0
2025-10-10 12:23:35.500,SG_002,strain_gauge,SPAN_2,119.02559723529411,5.496471257056712,119.14995433108847,24.987077999999997,0.038154728597286414,38519.27525655449,0.0,0.0,0
2025-10-10 12:23:38.500,SG_002,strain_gauge,SPAN_2,120.32820811764705,5.0742258730845355,120.43305434478796,20.156208000000007,0.027693042262444383,32828.40446912765,0.0,0.0,0
2025-10-10 12:23:41.500,SG_002,strain_gauge,SPAN_2,119.62100964705881,4.971920164944713,119.72226707433988,19.660127999999986,-0.08941339583710306,31517.987411394424,0.0,0.0,0
2025-10-10 12:23:44.500,SG_002,strain_gauge,SPAN_2,120.69467939215687,5.165091361474943,120.80298299710748,21.51533399999998,0.1415047092307702,34014.66518478841,0.0,0.0,0
2025-10-10 12:23:47.500,SG_002,strain_gauge,SPAN_2,121.77296917647058,4.784016987703934,121.8650650491948,18.91348999999998,-0.03599000108597156,29180.69363676576,0.0,0.0,0
2025-10-10 12:23:50.500,SG_002,strain_gauge,SPAN_2,121.57202952941175,4.013036666063664,121.63694773132657,17.543041999999986,-0.047618809592759874,20533.1906860435,0.0,0.0,0
2025-10-10 12:23:53.500,SG_002,strain_gauge,SPAN_2,121.40700625490194,4.9632050724553665,121.50642602116108,22.425423999999992,0.03472283493212726,31407.5908538395,0.0,0.0,0
2025-10-10 12:23:56.500,SG_002,strain_gauge,SPAN_2,123.53019203921569,4.8649798057815,123.62407651734254,25.180191000000008,0.10296748579185587,30176.736351093798,0.0,0.0,0
2025-10-10 12:23:59.500,SG_002,strain_gauge,SPAN_2,124.08841158823529,5.133651874723398,124.19247770892696,24.811474000000004,-0.04458919692307631,33601.8365028351,0.0,0.0,0
2025-10-10 12:24:02.500,SG_002,strain_gauge,SPAN_2,124.95770494117646,4.96886283082734,125.05452215828218,25.15603999999999,0.1026515363800904,31479.237235261295,0.0,0.0,0
2025-10-10 12:24:05.500,SG_002,strain_gauge,SPAN_2,125.86352919607842,5.421833849991009,125.97796579678884,25.237500999999995,-0.06631388235294039,37480.2599285581,0.0,0.0,0
2025-10-10 12:24:08.500,SG_002,strain_gauge,SPAN_2,125.78626266666664,5.3618007165072035,125.89824890964081,25.415653000000006,0.027061894298644588,36654.85632750987,0.0,0.0,0
2025-10-10 12:24:11.500,SG_002,strain_gauge,SPAN_2,126.12120323529412,5.245559397361165,126.22810412736227,24.750613,0.06398053239819033,35082.76407383614,0.0,0.0,0
2025-10-10 12:24:14.500,SG_002,strain_gauge,SPAN_2,127.46192249019607,4.868511947460745,127.55304520226031,24.750613,0.05027537266968506,30220.57094277422,0.0,0.0,0
2025-10-10 12:24:17.500,SG_002,strain_gauge,SPAN_2,127.41498270588235,4.079104773038006,127.47898123577204,16.518404999999987,-0.07255590180995279,21214.847080512347,0.0,0.0,0
2025-10-10 12:24:20.500,SG_002,strain_gauge,SPAN_2,126.28207070588235,4.070332864761256,126.34636574236966,17.680177,-0.04093211140271253,21123.70227819335,0.0,0.0,0
2025-10-10 12:24:23.500,SG_002,strain_gauge,SPAN_2,127.45863974509804,5.35836919562621,127.56901654929248,31.199923,0.0758599661538471,36607.953556710745,0.0,0.0,0
2025-10-10 12:24:26.500,SG_002,strain_gauge,SPAN_2,128.00205788235294,4.886127309235574,128.0934539304985,22.439549000000014,0.03149399819004589,30439.656104623526,0.0,0.0,0
2025-10-10 12:24:29.500,SG_002,strain_gauge,SPAN_2,128.52098564705884,4.961200543500598,128.61483057822244,25.270240000000015,0.02974523230769311,31382.226311859056,0.0,0.0,0
2025-10-10 12:24:32.500,SG_002,strain_gauge,SPAN_2,128.12782298039215,5.238636523483538,128.23277361950323,28.097399999999993,0.02336789040724019,34990.223597099,0.0,0.0,0
2025-10-10 12:24:35.500,SG_002,strain_gauge,SPAN_2,128.35930360784315,5.335032037318005,128.46795436988867,28.097399999999993,-0.06122536244343784,36289.77271999211,0.0,0.0,0
2025-10-10 12:24:38.500,SG_002,strain_gauge,SPAN_2,129.17069141176472,5.080479908330559,129.26860675523417,19.13045799999999,0.08627451719457008,32909.37702616187,0.0,0.0,0
2025-10-10 12:24:41.500,SG_002,strain_gauge,SPAN_2,129.14281501960784,5.415811495752415,129.2541007760354,20.47963199999998,0.0022731827149307386,37397.04305084311,0.0,0.0,0
2025-10-10 12:24:44.500,SG_002,strain_gauge,SPAN_2,126.99604578431374,4.6784776428461,127.08050447820254,23.949407000000008,-0.09899250108597125,27907.395144628772,0.0,0.0,0
2025-10-10 12:24:47.500,SG_002,strain_gauge,SPAN_2,125.96810629411767,4.425820226243313,126.04430812944727,20.335075999999987,-0.003977581809953155,24974.55296065612,0.0,0.0,0
2025-10-10 12:24:50.500,SG_002,strain_gauge,SPAN_2,125.90032449019607,5.191748515658364,126.00522784642179,25.28051099999999,-0.018482987873301878,34366.67212854704,0.0,0.0,0
2025-10-10 12:24:53.500,SG_002,strain_gauge,SPAN_2,124.810899627451,4.975289503261674,124.90808143830886,25.728413999999987,-0.04771934669683244,31560.719692613893,0.0,0.0,0
2025-10-10 12:24:56.500,SG_002,strain_gauge,SPAN_2,124.37552615686275,4.7794355267328985,124.46552377551113,20.666537000000005,0.03788445339366559,29124.830041600646,0.0,0.0,0
2025-10-10 12:24:59.500,SG_002,strain_gauge,SPAN_2,124.85045805882353,5.778993136435375,124.9815138358665,25.83310999999999,-0.02232567936651466,42580.87113048315,0.0,0.0,0
2025-10-10 12:25:02.500,SG_002,strain_gauge,SPAN_2,123.0327237254902,5.446066027109915,123.15083914050479,22.894145999999992,-0.0409664985520351,37816.03484384198,0.0,0.0,0
2025-10-10 12:25:05.500,SG_002,strain_gauge,SPAN_2,122.53249698039215,6.007418459154902,122.67678779557842,27.55519199999999,0.020170724705883176,46013.5725928287,0.0,0.0,0
2025-10-10 12:25:08.500,SG_002,strain_gauge,SPAN_2,121.4251837254902,6.2456393785229585,121.58255792279576,28.51946199999999,-0.03644784153846073,49735.214339359714,0.0,0.0,0
2025-10-10 12:25:11.500,SG_002,strain_gauge,SPAN_2,120.89614190196077,4.965384906459749,120.99606911693016,24.884434999999996,0.004933706425340539,31435.18526835531,0.0,0.0,0
2025-10-10 12:25:14.500,SG_002,strain_gauge,SPAN_2,121.20655584313725,4.669159988328843,121.29469387687806,20.133207999999996,0.03690260199095115,27796.345120679023,0.0,0.0,0
2025-10-10 12:25:17.500,SG_002,strain_gauge,SPAN_2,120.47820713725488,5.6015106225996,120.60580451417873,26.08152299999999,-0.0076233910407224725,40005.574600247586,0.0,0.0,0
2025-10-10 12:25:20.500,SG_002,strain_gauge,SPAN_2,120.46508019607842,5.928731000449853,120.6080270344938,25.149753000000004,0.04424497556561162,44816.060376511276,0.0,0.0,0
2025-10-10 12:25:23.500,SG_002,strain_gauge,SPAN_2,120.02137749019607,5.362793233473497,120.13878097075579,25.696262000000004,0.0012337276018115591,36668.427862861136,0.0,0.0,0
2025-10-10 12:25:26.500,SG_002,strain_gauge,SPAN_2,119.37251607843136,5.271683534099112,119.48658220706803,23.166161000000002,-0.02259163221719404,35433.07528670692,0.0,0.0,0
2025-10-10 12:25:29.500,SG_002,strain_gauge,SPAN_2,119.66848211764707,4.9515588451331345,119.76887243150853,19.825547999999998,0.06568704959276127,31260.367120940635,0.0,0.0,0
2025-10-10 12:25:32.500,SG_002,strain_gauge,SPAN_2,120.15855235294117,4.922391554725012,120.25735963065581,18.628622000000007,-0.019252636108596417,30893.17173798586,0.0,0.0,0
2025-10-10 12:25:35.500,SG_002,strain_gauge,SPAN_2,119.38329509803923,4.698869296479929,119.47392013429176,17.676880999999995,-0.010762572488687267,28151.20014838726,0.0,0.0,0
2025-10-10 12:25:38.500,SG_002,strain_gauge,SPAN_2,120.20244039215686,5.366461843013773,120.31982756129415,22.881699000000012,0.039358167782806965,36718.61370846654,0.0,0.0,0
2025-10-10 12:25:41.500,SG_002,strain_gauge,SPAN_2,122.02074339215683,6.135195185076909,122.17186413639533,23.738259,0.08176677791855343,47991.79044771337,0.0,0.0,0
2025-10-10 12:25:44.500,SG_002,strain_gauge,SPAN_2,122.82781176470587,5.1025352360555445,122.93167493192294,23.738259,-0.016361360090497955,33195.728939865236,0.0,0.0,0
2025-10-10 12:25:47.500,SG_002,strain_gauge,SPAN_2,121.48204566666669,4.326738274470711,121.55756254387812,19.283392000000006,-0.0682800627149308,23868.84672210647,0.0,0.0,0
2025-10-10 12:25:50.500,SG_002,strain_gauge,SPAN_2,120.81896521568628,4.792394146025985,120.91211297173686,19.104945,0.026741575475114288,29282.978104851758,0.0,0.0,0
2025-10-10 12:25:53.500,SG_002,strain_gauge,SPAN_2,121.57362064705882,5.467540413971971,121.69409631771936,23.28669699999999,0.05894687864253396,38114.84767748141,0.0,0.0,0
2025-10-10 12:25:56.500,SG_002,strain_gauge,SPAN_2,123.37033186274512,4.9868672708271715,123.46910546645049,27.249086000000005,0.022886356742083364,31707.777600480233,0.0,0.0,0
2025-10-10 12:25:59.500,SG_002,strain_gauge,SPAN_2,124.3416195882353,4.370844334152838,124.41691222775759,18.581745999999995,0.06667875574660753,24357.957246579852,0.0,0.0,0
2025-10-10 12:26:02.500,SG_002,strain_gauge,SPAN_2,124.82756015686273,5.150301937765526,124.93168242989589,23.609049000000013,-0.05496687122171814,33820.15281394296,0.0,0.0,0
2025-10-10 12:26:05.500,SG_002,strain_gauge,SPAN_2,125.14100488235295,5.032799016628953,125.24018333009204,23.609049000000013,0.0912091830769255,32294.559075771234,0.0,0.0,0
2025-10-10 12:26:08.500,SG_002,strain_gauge,SPAN_2,126.69653029411762,4.317283802655092,126.76862489827795,19.539511000000005,-0.03631040171945678,23764.647776651713,0.0,0.0,0
2025-10-10 12:26:11.500,SG_002,strain_gauge,SPAN_2,126.73973494117647,4.835109689079662,126.83012379125935,27.802321000000006,-0.026014078552035486,29807.314274425826,0.0,0.0,0
2025-10-10 12:26:14.500,SG_002,strain_gauge,SPAN_2,126.52915603921568,4.778624969975593,126.61759291058402,26.633877000000012,-0.019683507511309515,29114.952169684664,0.0,0.0,0
2025-10-10 12:26:17.500,SG_002,strain_gauge,SPAN_2,126.36468078431372,5.635726430867678,126.48783020248572,25.062076000000005,0.07055016262443467,40495.800814565184,0.0,0.0,0
2025-10-10 12:26:20.500,SG_002,strain_gauge,SPAN_2,127.28382245098041,5.919797799281477,127.4187126223807,23.641560000000013,0.017256794298643744,44681.107630081715,0.0,0.0,0
2025-10-10 12:26:23.500,SG_002,strain_gauge,SPAN_2,127.95669949019607,5.174638561134922,128.0592393844227,21.828462000000002,-0.03357671565610769,34140.527403940236,0.0,0.0,0
2025-10-10 12:26:26.500,SG_002,strain_gauge,SPAN_2,127.64952817647057,4.887458004959604,127.74122636039687,20.36557099999999,-0.07278213692307596,30456.238331560726,0.0,0.0,0
2025-10-10 12:26:29.500,SG_002,strain_gauge,SPAN_2,128.39045725490195,4.994251356908311,128.48565286131094,22.42730499999999,0.12810627728506824,31801.746935375148,0.0,0.0,0
2025-10-10 12:26:32.500,SG_002,strain_gauge,SPAN_2,128.32002992156862,4.508886928644061,128.39766941714296,18.364391999999995,-0.12428130588235144,25920.828202504017,0.0,0.0,0
2025-10-10 12:26:35.500,SG_002,strain_gauge,SPAN_2,127.76558705882354,4.98890399368739,127.86104323342188,26.306386000000003,0.029891933212668986,31733.68289924323,0.0,0.0,0
2025-10-10 12:26:38.500,SG_002,strain_gauge,SPAN_2,127.41959488235295,5.115652712092545,127.5202334035944,23.024753000000004,-0.03926955972850542,33366.62590519325,0.0,0.0,0
2025-10-10 12:26:41.500,SG_002,strain_gauge,SPAN_2,127.51271011764707,5.129949958956745,127.6138378881713,22.732042000000007,0.020970182081449292,33553.392891285395,0.0,0.0,0
2025-10-10 12:26:44.500,SG_002,strain_gauge,SPAN_2,126.21795329411765,5.151048798732423,126.32095937185403,22.49194200000001,-0.05064566742081327,33829.962251826495,0.0,0.0,0
2025-10-10 12:26:47.500,SG_002,strain_gauge,SPAN_2,124.93446176470586,5.775555486929105,125.06527382926215,22.881952999999996,-0.034613655475111596,42530.22750781104,0.0,0.0,0
2025-10-10 12:26:50.500,SG_002,strain_gauge,SPAN_2,125.21355341176472,5.489053526749961,125.3314521100749,24.139066999999997,0.010151516832579208,38415.37848989589,0.0,0.0,0
2025-10-10 12:26:53.500,SG_002,strain_gauge,SPAN_2,125.02039164705882,5.026644227752287,125.11942313413877,21.479947999999993,-0.03444265809954669,32215.61904530412,0.0,0.0,0
2025-10-10 12:26:56.500,SG_002,strain_gauge,SPAN_2,124.73133950980395,4.950600300933079,124.82762090794262,22.777173000000005,0.04964141538461522,31248.265257988332,0.0,0.0,0
2025-10-10 12:26:59.500,SG_002,strain_gauge,SPAN_2,123.76704980392157,4.489076093951372,123.84683802151933,19.06173000000001,-0.03373467122171815,25693.55032603927,0.0,0.0,0
2025-10-10 12:27:02.500,SG_002,strain_gauge,SPAN_2,123.31131437254903,4.095453065165928,123.37797255151288,17.32935099999999,-0.021169506606334015,21385.238156445666,0.0,0.0,0
2025-10-10 12:27:05.500,SG_002,strain_gauge,SPAN_2,123.20697454901958,4.479589127371076,123.28678692868631,18.146264999999985,0.0434899234389161,25585.066406327973,0.0,0.0,0
2025-10-10 12:27:08.500,SG_002,strain_gauge,SPAN_2,122.74595978431373,4.97064869620783,122.84459098397662,18.508248999999992,-0.06049105819004501,31501.86928791857,0.0,0.0,0
2025-10-10 12:27:11.500,SG_002,strain_gauge,SPAN_2,121.9756368431373,4.725849693808462,122.06535841018535,23.07018699999999,0.004077307692308347,28475.410543798662,0.0,0.0,0
2025-10-10 12:27:14.500,SG_002,strain_gauge,SPAN_2,121.54266303921568,5.247862681222911,121.65368469617134,28.003721999999996,0.03983806425339395,35113.579969239465,0.0,0.0,0
2025-10-10 12:27:17.500,SG_002,strain_gauge,SPAN_2,120.28068403921569,4.7512226461187606,120.37264822141584,24.852833000000004,-0.059911509592759815,28781.998707064486,0.0,0.0,0
2025-10-10 12:27:20.500,SG_002,strain_gauge,SPAN_2,120.51647874509804,5.3520966965661225,120.63293465175877,22.107497999999993,0.04556654108597313,36522.29728797734,0.0,0.0,0
2025-10-10 12:27:23.500,SG_002,strain_gauge,SPAN_2,121.64204947058822,5.314277397819068,121.7558047400459,22.107497999999993,-0.019978806515836174,36007.96893273753,0.0,0.0,0
2025-10-10 12:27:26.500,SG_002,strain_gauge,SPAN_2,120.9982514117647,4.368167770914972,121.07552849064015,16.533029,-0.05912766488687575,24328.13433544686,0.0,0.0,0
2025-10-10 12:27:29.500,SG_002,strain_gauge,SPAN_2,120.46990976470589,5.170725976214693,120.57865201834275,21.51833699999999,0.03766948868778333,34088.91907940427,0.0,0.0,0
2025-10-10 12:27:32.500,SG_002,strain_gauge,SPAN_2,120.22635205882351,4.9080135716441475,120.32452784514032,21.259986000000012,0.028575249773755425,30712.961454790006,0.0,0.0,0
2025-10-10 12:27:35.500,SG_002,strain_gauge,SPAN_2,120.64993127450978,4.7873757380027735,120.74301425549058,19.992096999999987,0.04614033583710408,29221.682232442432,0.0,0.0,0
2025-10-10 12:27:38.500,SG_002,strain_gauge,SPAN_2,120.57076823529412,5.2554225883916645,120.68300651402127,22.15866799999999,0.03199593257918601,35214.819892786094,0.0,0.0,0
2025-10-10 12:27:41.500,SG_002,strain_gauge,SPAN_2,120.70665770588235,4.843750386446692,120.80190021157452,18.120994999999994,0.014291190316743009,29913.945202908166,0.0,0.0,0
2025-10-10 12:27:44.500,SG_002,strain_gauge,SPAN_2,119.87736931372551,4.7178711960024104,119.96835226332585,19.763233999999997,-0.06365010244343851,28379.343493138247,0.0,0.0,0
2025-10-10 12:27:47.500,SG_002,strain_gauge,SPAN_2,120.1031676862745,5.051189258104085,120.20725900140755,22.593242000000004,0.02348979873303108,32531.003974512274,0.0,0.0,0
2025-10-10 12:27:50.500,SG_002,strain_gauge,SPAN_2,122.07736264705883,4.790188898585348,122.16946615561481,25.22419400000001,0.011873919095022275,29256.03484726615,0.0,0.0,0
2025-10-10 12:27:53.500,SG_002,strain_gauge,SPAN_2,122.6911092156863,4.049517592668299,122.75661013678571,16.327335000000005,0.03847175393665289,20908.205734995823,0.0,0.0,0
2025-10-10 12:27:56.500,SG_002,strain_gauge,SPAN_2,122.84117349019606,4.942734620385721,122.93862492358907,19.698806999999988,-0.05946209212669599,31149.047547638453,0.0,0.0,0
2025-10-10 12:27:59.500,SG_002,strain_gauge,SPAN_2,122.88538880392157,5.32174343090541,122.99831064623856,21.552289000000002,0.06748995529411768,36109.21525909072,0.0,0.0,0
2025-10-10 12:28:02.500,SG_002,strain_gauge,SPAN_2,124.05708819607844,4.27657234353565,124.12933413767915,19.072561000000007,-0.03404874389140048,23318.565537104852,0.0,0.0,0
2025-10-10 12:28:05.500,SG_002,strain_gauge,SPAN_2,124.65733515686276,3.8195522435299427,124.71469091222978,17.24698699999999,0.06025676633484273,18600.948659844635,0.0,0.0,0
2025-10-10 12:28:08.500,SG_002,strain_gauge,SPAN_2,124.58960911764704,4.636276241416267,124.67415243650682,20.53419600000001,-0.042228184524887365,27406.198168069204,0.0,0.0,0
2025-10-10 12:28:11.500,SG_002,strain_gauge,SPAN_2,124.73606521568628,4.6555579211978975,124.82121294216122,23.746449999999996,0.024839461719457577,27634.629935976318,0.0,0.0,0
2025-10-10 12:28:14.500,SG_002,strain_gauge,SPAN_2,126.32602413725488,5.310998113424352,126.43543017176493,23.746449999999996,0.03847613719457068,35963.543725016214,0.0,0.0,0
2025-10-10 12:28:17.500,SG_002,strain_gauge,SPAN_2,126.74634411764706,4.761716000759827,126.83400608439501,20.45811900000001,-0.031062848054297845,28909.272571662495,0.0,0.0,0
2025-10-10 12:28:20.500,SG_002,strain_gauge,SPAN_2,127.18888550980394,4.643109887785006,127.27194644370454,19.441823,0.017485239547511713,27487.04852330979,0.0,0.0,0
2025-10-10 12:28:23.500,SG_002,strain_gauge,SPAN_2,127.6128654509804,4.867220092792371,127.70383218033454,22.464698999999996,-0.01643847475113079,30204.53507539425,0.0,0.0,0
2025-10-10 12:28:26.500,SG_002,strain_gauge,SPAN_2,128.57456225490196,5.150222091694209,128.675649416504,24.174239999999998,0.004125511131222969,33819.104182063216,0.0,0.0,0
2025-10-10 12:28:29.500,SG_002,strain_gauge,SPAN_2,128.88109929411763,5.213527542335275,128.9844396292463,25.439265000000006,0.009028874208145618,34655.60852922783,0.0,0.0,0
2025-10-10 12:28:32.500,SG_002,strain_gauge,SPAN_2,129.3747945490196,4.906751895382469,129.46598625173033,23.879849000000007,-0.02464014805429764,30697.173057620308,0.0,0.0,0
2025-10-10 12:28:35.500,SG_002,strain_gauge,SPAN_2,128.47593225490198,4.859419270140816,128.56599902645752,17.238106999999985,-0.02999713918551876,30107.793444845276,0.0,0.0,0
2025-10-10 12:28:38.500,SG_002,strain_gauge,SPAN_2,128.45449937254904,5.3971680059631435,128.5656123012294,21.767779999999988,-0.037832320633483435,37140.01366785502,0.0,0.0,0
2025-10-10 12:28:41.500,SG_002,strain_gauge,SPAN_2,128.45340760784313,5.121742190544353,128.55347452101756,21.767779999999988,0.08162001638009143,33446.10990966263,0.0,0.0,0
2025-10-10 12:28:44.500,SG_002,strain_gauge,SPAN_2,127.08850772549019,5.168220992612389,127.19149173063818,22.820121999999998,-0.10146638859728424,34055.89799131122,0.0,0.0,0
2025-10-10 12:28:47.500,SG_002,strain_gauge,SPAN_2,124.87132774509804,4.800845294623995,124.96177289288286,20.59740699999999,-0.004978302352940692,29386.34731721453,0.0,0.0,0
2025-10-10 12:28:50.500,SG_002,strain_gauge,SPAN_2,125.64077445098037,5.028102279344025,125.73937448293327,23.30675099999999,0.05326954090497844,32234.31097771933,0.0,0.0,0
2025-10-10 12:28:53.500,SG_002,strain_gauge,SPAN_2,125.1191897254902,4.781823955093867,125.20874221910458,19.846891,-0.06546866805429784,29153.946430324675,0.0,0.0,0
2025-10-10 12:28:56.500,SG_002,strain_gauge,SPAN_2,124.87798425490195,4.301175333735953,124.95058348634814,19.77013699999999,-0.013915659185518974,23587.6392957117,0.0,0.0,0
2025-10-10 12:28:59.500,SG_002,strain_gauge,SPAN_2,123.97513874509805,4.983657140341967,124.07330441527543,24.891126,-0.04355845773755498,31666.969077913873,0.0,0.0,0
2025-10-10 12:29:02.500,SG_002,strain_gauge,SPAN_2,123.37563660784313,5.191542749425283,123.48267632200314,24.58200099999999,-0.060724523710406715,34363.94805186554,0.0,0.0,0
2025-10-10 12:29:05.500,SG_002,strain_gauge,SPAN_2,123.24459896078432,5.088243787590041,123.34753238869037,24.168431999999996,0.004224989411766847,33010.03667348452,0.0,0.0,0
2025-10-10 12:29:08.500,SG_002,strain_gauge,SPAN_2,122.66049952941175,4.5804161864268655,122.7443154713536,22.592491999999993,-0.04191927058823549,26749.770862123565,0.0,0.0,0
2025-10-10 12:29:11.500,SG_002,strain_gauge,SPAN_2,121.76090631372551,4.59333170351963,121.8458177474882,19.977673999999993,-0.04955856805429717,26900.837576662143,0.0,0.0,0
2025-10-10 12:29:14.500,SG_002,strain_gauge,SPAN_2,120.82715480392156,5.2047549973902445,120.93700693512054,21.896305999999996,-0.08133464244343631,34539.08009314487,0.0,0.0,0
2025-10-10 12:29:17.500,SG_002,strain_gauge,SPAN_2,120.70798568627451,4.475690366910752,120.78930760718275,19.19300700000001,0.024170446244345126,25540.550432083564,0.0,0.0,0
2025-10-10 12:29:20.500,SG_002,strain_gauge,SPAN_2,121.23952833333335,4.468707333825096,121.3202415919767,20.35898300000001,-0.029732320452488102,25460.9151751123,0.0,0.0,0
2025-10-10 12:29:23.500,SG_002,strain_gauge,SPAN_2,118.52816501960784,4.680270398815768,118.61872249130961,19.094419000000016,-0.03505980597284852,27928.787032689663,0.0,0.0,0
2025-10-10 12:29:26.500,SG_002,strain_gauge,SPAN_2,119.47206321568628,5.971937319929124,119.61830390686556,27.321901999999994,0.09819154425339578,45471.64507528186,0.0,0.0,0
2025-10-10 12:29:29.500,SG_002,strain_gauge,SPAN_2,120.10767647058823,4.987488629147305,120.20915624049445,21.243695000000002,-0.00922321321267065,31715.679602988912,0.0,0.0,0
2025-10-10 12:29:32.500,SG_002,strain_gauge,SPAN_2,119.59338064705884,4.550823297639524,119.67823782539028,19.261011999999994,0.04136923447963947,26405.240675081805,0.0,0.0,0
2025-10-10 12:29:35.500,SG_002,strain_gauge,SPAN_2,120.30212645098038,5.0691427853714535,120.40678548146336,22.967611000000005,0.060202870045250115,32762.665937566413,0.0,0.0,0
2025-10-10 12:29:38.500,SG_002,strain_gauge,SPAN_2,121.07255339215688,5.131959445398,121.17913921434346,22.967611000000005,0.007323557737557254,33579.684880242436,0.0,0.0,0
2025-10-10 12:29:41.500,SG_002,strain_gauge,SPAN_2,121.68925547058824,5.058910023203055,121.79230539118102,18.251785999999996,0.09163384199095069,32630.52754415201,0.0,0.0,0
2025-10-10 12:29:44.500,SG_002,strain_gauge,SPAN_2,122.47142454901962,5.221517010016845,122.58050203035212,22.076179999999994,-0.03783874886877714,34761.905854516444,0.0,0.0,0
2025-10-10 12:29:47.500,SG_002,strain_gauge,SPAN_2,121.08142278431373,4.63919691603518,121.16852350588833,20.167742000000004,-0.011742962805428872,27440.73873283167,0.0,0.0,0
2025-10-10 12:29:50.500,SG_002,strain_gauge,SPAN_2,121.84285201960783,5.106105742719511,121.94770060254667,23.031470999999996,0.0050076808144794835,33242.20271618729,0.0,0.0,0
2025-10-10 12:29:53.500,SG_002,strain_gauge,SPAN_2,122.6800590588235,5.545005358397661,122.80285457224828,26.85670599999999,0.0866855552036215,39202.53264143993,0.0,0.0,0
2025-10-10 12:29:56.500,SG_002,strain_gauge,SPAN_2,124.55442592156864,5.117037355946543,124.6574332913641,22.074022,0.04276957312217209,33384.690910244295,0.0,0.0,0
