t_center,sensor_id,sensor_type,span_id,f_rms,fft_centroid,fft_entropy,fft_dominant,label_rule
2025-10-10 12:00:02.500,ACC_101,accelerometer_rms,SPAN_1,0.08470617529075657,-0.0017204106244560395,-0.9106897268136659,0.8461538461538461,0
2025-10-10 12:00:05.500,ACC_101,accelerometer_rms,SPAN_1,0.13716616135428525,0.30417229335151846,0.11929158480178657,0.2307692307692307,0
2025-10-10 12:00:08.500,ACC_101,accelerometer_rms,SPAN_1,0.2427503148536438,1.5221105160914656,-0.22419942625114328,0.46153846153846156,0
2025-10-10 12:00:11.500,ACC_101,accelerometer_rms,SPAN_1,0.3609955038945444,0.379838129772247,1.0238202196074169,-0.5384615384615385,0
2025-10-10 12:00:14.500,ACC_101,accelerometer_rms,SPAN_1,0.4351348455853793,-1.3906023579809674,-0.5639334992976242,-0.6923076923076924,0
2025-10-10 12:00:17.500,ACC_101,accelerometer_rms,SPAN_1,0.49339955202478264,-0.3741948408103168,0.2861226012471986,-0.23076923076923078,0
2025-10-10 12:00:20.500,ACC_101,accelerometer_rms,SPAN_1,0.6133861700441995,-0.004203409030331097,-0.3802473255146329,0.0,0
2025-10-10 12:00:23.500,ACC_101,accelerometer_rms,SPAN_1,0.7352228726628796,1.2576533618321524,0.030127965087511782,0.9230769230769231,0
2025-10-10 12:00:26.500,ACC_101,accelerometer_rms,SPAN_1,0.6748889038996598,-0.04640178044664447,-0.43356498309265856,0.9230769230769231,0
2025-10-10 12:00:29.500,ACC_101,accelerometer_rms,SPAN_1,0.7412869695433839,-0.26236908890125343,0.8723627557313662,-0.23076923076923078,0
2025-10-10 12:00:32.500,ACC_101,accelerometer_rms,SPAN_1,0.7099361777242816,0.6995570838639953,1.1475365697129394,0.07692307692307701,0
2025-10-10 12:00:35.500,ACC_101,accelerometer_rms,SPAN_1,0.6480945051638356,0.5814155230928583,0.3247575831052938,0.3076923076923077,0
2025-10-10 12:00:38.500,ACC_101,accelerometer_rms,SPAN_1,0.652263115449464,0.08879323133897898,-0.13902553459346045,0.6923076923076924,0
2025-10-10 12:00:41.500,ACC_101,accelerometer_rms,SPAN_1,0.579493932886401,0.29484348588615233,0.8852461606897414,0.07692307692307701,0
2025-10-10 12:00:44.500,ACC_101,accelerometer_rms,SPAN_1,0.4612660463688817,-0.250761000337877,-1.0186559011697023,0.15384615384615385,0
2025-10-10 12:00:47.500,ACC_101,accelerometer_rms,SPAN_1,0.3789368202977485,-0.615975725170981,0.8271686711257233,0.3076923076923077,0
2025-10-10 12:00:50.500,ACC_101,accelerometer_rms,SPAN_1,0.33809041768211207,-0.012976505685921392,0.13971253605755704,1.0000000000000002,0
2025-10-10 12:00:53.500,ACC_101,accelerometer_rms,SPAN_1,0.15319981303551433,0.27844093073725806,-0.13566280067368047,0.6153846153846154,0
2025-10-10 12:00:56.500,ACC_101,accelerometer_rms,SPAN_1,0.10922454520174413,0.7747197270634345,-0.6969086882555854,-0.6153846153846154,0
2025-10-10 12:00:59.500,ACC_101,accelerometer_rms,SPAN_1,-0.06397219873135097,0.8502559185223075,0.00027797073077038967,-0.5384615384615385,0
2025-10-10 12:01:02.500,ACC_101,accelerometer_rms,SPAN_1,-0.18854269973839127,1.015527652978132,-0.004858541356423956,0.9230769230769231,0
2025-10-10 12:01:05.500,ACC_101,accelerometer_rms,SPAN_1,-0.23010960090513957,0.0382078828128803,-0.641719179653567,0.15384615384615385,0
2025-10-10 12:01:08.500,ACC_101,accelerometer_rms,SPAN_1,-0.2443488190134737,-0.32864164765916243,-0.6052629808401574,-0.6153846153846154,0
2025-10-10 12:01:11.500,ACC_101,accelerometer_rms,SPAN_1,-0.3954667706599682,0.16493777233419155,-0.06935078598455041,0.6153846153846154,0
2025-10-10 12:01:14.500,ACC_101,accelerometer_rms,SPAN_1,-0.4904831299176164,0.2370094024957852,-0.2998081616783313,0.0,0
2025-10-10 12:01:17.500,ACC_101,accelerometer_rms,SPAN_1,-0.4988732124526179,0.6670122454653696,0.3377653745062524,0.9230769230769231,0
2025-10-10 12:01:20.500,ACC_101,accelerometer_rms,SPAN_1,-0.6429003576199204,0.9014379299749857,-0.485736120733906,0.9230769230769231,0
2025-10-10 12:01:23.500,ACC_101,accelerometer_rms,SPAN_1,-0.6665714730670238,-0.39880857972818007,-0.5879749040829986,0.7692307692307692,0
2025-10-10 12:01:26.500,ACC_101,accelerometer_rms,SPAN_1,-0.6420645469280528,-0.4799978398938885,-0.030835614797074886,0.38461538461538475,0
2025-10-10 12:01:29.500,ACC_101,accelerometer_rms,SPAN_1,-0.7121061657013518,0.584328636026868,0.09599620682056266,0.5384615384615384,0
2025-10-10 12:01:32.500,ACC_101,accelerometer_rms,SPAN_1,-0.7496532882452067,-0.06353276151053325,-0.17823556078268185,-0.3076923076923077,0
2025-10-10 12:01:35.500,ACC_101,accelerometer_rms,SPAN_1,-0.7273082085301678,1.2047545858402071,0.12101950538104396,-0.38461538461538464,0
2025-10-10 12:01:38.500,ACC_101,accelerometer_rms,SPAN_1,-0.638369039490084,0.7529505933639283,0.13760818528365013,0.7692307692307692,0
2025-10-10 12:01:41.500,ACC_101,accelerometer_rms,SPAN_1,-0.5734939936242781,0.1232471076184154,0.12606373837000842,-0.15384615384615385,0
2025-10-10 12:01:44.500,ACC_101,accelerometer_rms,SPAN_1,-0.5349931234303998,-0.5569636117614741,-0.44991508903904043,-0.38461538461538464,0
2025-10-10 12:01:47.500,ACC_101,accelerometer_rms,SPAN_1,-0.4570007824597068,-0.6261915524498726,-0.9595481907240959,-0.38461538461538464,0
2025-10-10 12:01:50.500,ACC_101,accelerometer_rms,SPAN_1,-0.3262719674976084,-0.43276478890319775,-1.8031606408166707,0.38461538461538475,0
2025-10-10 12:01:53.500,ACC_101,accelerometer_rms,SPAN_1,-0.23863238283961585,0.0860542910810162,0.5066527496458207,0.2307692307692307,0
2025-10-10 12:01:56.500,ACC_101,accelerometer_rms,SPAN_1,-0.1399855021218173,-1.8335313158771807,-0.03298905287181369,-0.6153846153846154,0
2025-10-10 12:01:59.500,ACC_101,accelerometer_rms,SPAN_1,-0.01373641514200852,-1.685814346062701,-1.6171291005707074,-0.6153846153846154,0
2025-10-10 12:02:02.500,ACC_101,accelerometer_rms,SPAN_1,0.03979043372659965,-1.4118484972580205,-0.28025220053199135,-0.7692307692307693,0
2025-10-10 12:02:05.500,ACC_101,accelerometer_rms,SPAN_1,0.25806879524381476,0.20822292734313036,-1.0942070706011722,0.3076923076923077,0
2025-10-10 12:02:08.500,ACC_101,accelerometer_rms,SPAN_1,0.3698952280548558,-0.3875298269915813,-0.312073446214944,-0.8461538461538461,0
2025-10-10 12:02:11.500,ACC_101,accelerometer_rms,SPAN_1,0.5010663356464412,0.09864886346450258,-0.4559655355153401,-0.23076923076923078,0
2025-10-10 12:02:14.500,ACC_101,accelerometer_rms,SPAN_1,0.5111388059937394,0.873944216765044,0.6043896092398231,1.0000000000000002,0
2025-10-10 12:02:17.500,ACC_101,accelerometer_rms,SPAN_1,0.5532927989713988,-1.027767580138012,-0.5805473195756488,-0.6923076923076924,0
2025-10-10 12:02:20.500,ACC_101,accelerometer_rms,SPAN_1,0.6864928893616015,-0.9958045773724038,0.0014035219200366563,-0.3076923076923077,0
2025-10-10 12:02:23.500,ACC_101,accelerometer_rms,SPAN_1,0.5839986064132249,-0.8479834684597574,0.22673367075902434,-0.38461538461538464,0
2025-10-10 12:02:26.500,ACC_101,accelerometer_rms,SPAN_1,0.5804054794116316,-1.545654569790592,0.14541464456881714,-0.7692307692307693,0
2025-10-10 12:02:29.500,ACC_101,accelerometer_rms,SPAN_1,0.6621624682846754,-0.5345142516595269,-0.03245680238363993,0.3076923076923077,0
2025-10-10 12:02:32.500,ACC_101,accelerometer_rms,SPAN_1,0.6235946960724759,0.630333698491391,-0.28732344317912134,0.2307692307692307,0
2025-10-10 12:02:35.500,ACC_101,accelerometer_rms,SPAN_1,0.570315379787524,-0.5987133321568343,-2.1425876789203233,-0.6923076923076924,0
2025-10-10 12:02:38.500,ACC_101,accelerometer_rms,SPAN_1,0.5616245337201217,-0.8660201408456241,0.5852160793687804,-0.6923076923076924,0
2025-10-10 12:02:41.500,ACC_101,accelerometer_rms,SPAN_1,0.5483737093363333,-0.4659666580807974,-0.09159604541388713,-0.15384615384615385,0
2025-10-10 12:02:44.500,ACC_101,accelerometer_rms,SPAN_1,0.5434221007386036,-0.40406656143426084,-0.595718531779759,-0.3076923076923077,0
2025-10-10 12:02:47.500,ACC_101,accelerometer_rms,SPAN_1,0.4325631794230112,-0.5832894583764534,-0.13968153954306894,0.07692307692307701,0
2025-10-10 12:02:50.500,ACC_101,accelerometer_rms,SPAN_1,0.33147855063794024,0.20484950174055647,-0.0008544005202843515,0.5384615384615384,0
2025-10-10 12:02:53.500,ACC_101,accelerometer_rms,SPAN_1,0.25349623199095406,0.2589205985350807,0.1973923627630143,-0.5384615384615385,0
2025-10-10 12:02:56.500,ACC_101,accelerometer_rms,SPAN_1,0.2150975876076489,1.1434677046255781,0.57988888420324,0.07692307692307701,0
2025-10-10 12:02:59.500,ACC_101,accelerometer_rms,SPAN_1,0.00335720043476987,-0.25157100039674946,-0.1709388000063957,0.0,0
2025-10-10 12:03:02.500,ACC_101,accelerometer_rms,SPAN_1,-0.21005535750735976,1.184746159929747,-0.7057097280606606,0.6923076923076924,0
2025-10-10 12:03:05.500,ACC_101,accelerometer_rms,SPAN_1,-0.23071331548465407,0.8896444757939934,-0.21473222693864732,-0.38461538461538464,0
2025-10-10 12:03:08.500,ACC_101,accelerometer_rms,SPAN_1,-0.39032740945146943,0.09083564209458175,0.17572300758026763,-0.15384615384615385,0
2025-10-10 12:03:11.500,ACC_101,accelerometer_rms,SPAN_1,-0.5210265449397091,0.24021660363112102,0.5474657388526016,-0.6153846153846154,0
2025-10-10 12:03:14.500,ACC_101,accelerometer_rms,SPAN_1,-0.5536877826231319,0.9860594890070217,-0.6843560064399549,-0.38461538461538464,0
2025-10-10 12:03:17.500,ACC_101,accelerometer_rms,SPAN_1,-0.5283429970901272,0.39144798811109216,0.3265082948921812,0.9230769230769231,0
2025-10-10 12:03:20.500,ACC_101,accelerometer_rms,SPAN_1,-0.5752772887552556,0.13854292202444812,0.9498494482237648,-0.46153846153846156,0
2025-10-10 12:03:23.500,ACC_101,accelerometer_rms,SPAN_1,-0.6436325953621018,0.18961394316752847,-0.26218526981514617,0.2307692307692307,0
2025-10-10 12:03:26.500,ACC_101,accelerometer_rms,SPAN_1,-0.6997018498729742,0.15843122790245262,-0.027080533359058356,-0.07692307692307701,0
2025-10-10 12:03:29.500,ACC_101,accelerometer_rms,SPAN_1,-0.6284531969119157,-0.28029778324760235,-0.8769605988033716,0.38461538461538475,0
2025-10-10 12:03:32.500,ACC_101,accelerometer_rms,SPAN_1,-0.5821359430313515,0.4427643234986587,0.173592738961616,0.38461538461538475,0
2025-10-10 12:03:35.500,ACC_101,accelerometer_rms,SPAN_1,-0.6883923456983063,-0.9361528568445988,0.6156106920867628,-0.23076923076923078,0
2025-10-10 12:03:38.500,ACC_101,accelerometer_rms,SPAN_1,-0.6698337952027923,-1.4755867884089862,-1.4479515392102484,0.07692307692307701,0
2025-10-10 12:03:41.500,ACC_101,accelerometer_rms,SPAN_1,-0.6090940367605809,-0.06156443355691292,-0.6474447581487288,0.07692307692307701,0
2025-10-10 12:03:44.500,ACC_101,accelerometer_rms,SPAN_1,-0.4964652530751923,0.3188435891596947,0.581352796389644,0.7692307692307692,0
2025-10-10 12:03:47.500,ACC_101,accelerometer_rms,SPAN_1,-0.4076328319387176,-1.3312151898780549,1.314844867755493,-0.46153846153846156,0
2025-10-10 12:03:50.500,ACC_101,accelerometer_rms,SPAN_1,-0.26756511528965454,-1.4245208779473233,0.5549228157371913,-0.8461538461538461,0
2025-10-10 12:03:53.500,ACC_101,accelerometer_rms,SPAN_1,-0.09963696964594766,-0.14077005703476436,0.17899438320019137,0.07692307692307701,0
2025-10-10 12:03:56.500,ACC_101,accelerometer_rms,SPAN_1,-0.02326987243551905,0.32930995022188064,0.8401998291372674,0.15384615384615385,0
2025-10-10 12:03:59.500,ACC_101,accelerometer_rms,SPAN_1,0.028831277348325732,0.4920379278295503,-0.43204109874416063,0.38461538461538475,0
2025-10-10 12:04:02.500,ACC_101,accelerometer_rms,SPAN_1,0.09029549289445894,0.5044317815612492,0.46383710017541074,0.7692307692307692,0
2025-10-10 12:04:05.500,ACC_101,accelerometer_rms,SPAN_1,0.21081057894844266,0.04150748909717255,0.29249251474163157,-0.8461538461538461,0
2025-10-10 12:04:08.500,ACC_101,accelerometer_rms,SPAN_1,0.2918309281295127,-0.9157382909591093,-2.217738151610009,-0.46153846153846156,0
2025-10-10 12:04:11.500,ACC_101,accelerometer_rms,SPAN_1,0.46510006112638125,-1.693655380757167,-0.08437269875992,-0.38461538461538464,0
2025-10-10 12:04:14.500,ACC_101,accelerometer_rms,SPAN_1,0.5347422650333525,-1.144246042813926,-1.762524121625081,-0.38461538461538464,0
2025-10-10 12:04:17.500,ACC_101,accelerometer_rms,SPAN_1,0.6773880819228786,-0.05717288610720328,0.13796523735053595,0.15384615384615385,0
2025-10-10 12:04:20.500,ACC_101,accelerometer_rms,SPAN_1,0.7334868402349717,0.6259299156951342,-0.5432432762561828,0.8461538461538461,0
2025-10-10 12:04:23.500,ACC_101,accelerometer_rms,SPAN_1,0.7892142157948469,-0.19521783808319318,0.37101476013337537,0.07692307692307701,0
2025-10-10 12:04:26.500,ACC_101,accelerometer_rms,SPAN_1,0.7549548599251977,-0.7190592930357522,1.2209010759291024,-0.46153846153846156,0
2025-10-10 12:04:29.500,ACC_101,accelerometer_rms,SPAN_1,0.7817508529414617,0.022148541387706652,-0.6968701792208271,0.9230769230769231,0
2025-10-10 12:04:32.500,ACC_101,accelerometer_rms,SPAN_1,0.8089200913308338,0.9339716497579874,-0.6435221201932185,0.15384615384615385,0
2025-10-10 12:04:35.500,ACC_101,accelerometer_rms,SPAN_1,0.6976716419210632,0.32628118267000195,-0.013627168862947672,-0.07692307692307701,0
2025-10-10 12:04:38.500,ACC_101,accelerometer_rms,SPAN_1,0.6692960862563798,0.5795834341519015,-0.8409010905401907,-0.15384615384615385,0
2025-10-10 12:04:41.500,ACC_101,accelerometer_rms,SPAN_1,0.5050466220540729,0.7031234538990558,0.14414081030765696,0.9230769230769231,0
2025-10-10 12:04:44.500,ACC_101,accelerometer_rms,SPAN_1,0.4408712637127212,1.1319300928148162,0.43423828587340757,0.6923076923076924,0
2025-10-10 12:04:47.500,ACC_101,accelerometer_rms,SPAN_1,0.4124979148334208,-0.4963629224711286,-0.9457500534566925,0.07692307692307701,0
2025-10-10 12:04:50.500,ACC_101,accelerometer_rms,SPAN_1,0.2565900237601907,-0.2127640822677881,0.6569222979979902,0.0,0
2025-10-10 12:04:53.500,ACC_101,accelerometer_rms,SPAN_1,0.192675091935325,0.21529164722466626,1.192925217511246,-0.38461538461538464,0
2025-10-10 12:04:56.500,ACC_101,accelerometer_rms,SPAN_1,0.1651786928607301,-0.47016570956035686,1.0525528154974757,-0.5384615384615385,0
2025-10-10 12:04:59.500,ACC_101,accelerometer_rms,SPAN_1,0.004595000665026557,-1.2410360055616834,0.35154532091359036,-0.5384615384615385,0
2025-10-10 12:05:02.500,ACC_101,accelerometer_rms,SPAN_1,-0.17412944051041912,-1.032786465262672,-0.7033590566624832,-0.07692307692307701,0
2025-10-10 12:05:05.500,ACC_101,accelerometer_rms,SPAN_1,-0.2114234491794741,0.8485041871742443,-0.37175186006216093,-0.15384615384615385,0
2025-10-10 12:05:08.500,ACC_101,accelerometer_rms,SPAN_1,-0.3381297189983253,0.8835019260628081,-0.008204695206603435,-0.8461538461538461,0
2025-10-10 12:05:11.500,ACC_101,accelerometer_rms,SPAN_1,-0.5349045241204363,-0.9907949118625832,0.11916445295405202,-0.6153846153846154,0
2025-10-10 12:05:14.500,ACC_101,accelerometer_rms,SPAN_1,-0.48774140483429346,-1.465249647154825,-0.020257517839048382,-0.6153846153846154,0
2025-10-10 12:05:17.500,ACC_101,accelerometer_rms,SPAN_1,-0.46332349443642035,-0.8583161995775617,-0.4713311330364362,-0.5384615384615385,0
2025-10-10 12:05:20.500,ACC_101,accelerometer_rms,SPAN_1,-0.5325981088291555,-0.18217482894444648,0.11417675381047086,-0.46153846153846156,0
2025-10-10 12:05:23.500,ACC_101,accelerometer_rms,SPAN_1,-0.618915228693233,-0.020894966552479393,0.37961772577825015,-0.5384615384615385,0
2025-10-10 12:05:26.500,ACC_101,accelerometer_rms,SPAN_1,-0.6718270267716719,1.193639078341339,-0.061852138976546796,1.0000000000000002,0
2025-10-10 12:05:29.500,ACC_101,accelerometer_rms,SPAN_1,-0.7141113051116171,1.5443527419955925,0.017562870178165692,1.0000000000000002,0
2025-10-10 12:05:32.500,ACC_101,accelerometer_rms,SPAN_1,-0.8184311758637121,-0.8932619603498352,-0.14193259662075536,-0.15384615384615385,0
2025-10-10 12:05:35.500,ACC_101,accelerometer_rms,SPAN_1,-0.6613696894507964,-2.2597863689179163,-1.9066556525228315,-0.7692307692307693,0
2025-10-10 12:05:38.500,ACC_101,accelerometer_rms,SPAN_1,-0.5263304372850305,0.4894757673243986,-0.6955411776687065,-0.3076923076923077,0
2025-10-10 12:05:41.500,ACC_101,accelerometer_rms,SPAN_1,-0.5483414901319184,0.8008109609611567,-0.6366385341616324,0.6153846153846154,0
2025-10-10 12:05:44.500,ACC_101,accelerometer_rms,SPAN_1,-0.5338390984192459,0.5123437198094546,0.2822034153421401,0.9230769230769231,0
2025-10-10 12:05:47.500,ACC_101,accelerometer_rms,SPAN_1,-0.5041892841793587,0.15555733055043364,1.0888616624758372,-0.38461538461538464,0
2025-10-10 12:05:50.500,ACC_101,accelerometer_rms,SPAN_1,-0.39751812678036713,-0.15874103903522296,0.003538646678645573,-0.8461538461538461,0
2025-10-10 12:05:53.500,ACC_101,accelerometer_rms,SPAN_1,-0.14989581799968077,-1.2749284893078114,-0.7142918718684651,-0.3076923076923077,0
2025-10-10 12:05:56.500,ACC_101,accelerometer_rms,SPAN_1,-0.04627451702543344,-0.39807640004863337,-0.5185965716417188,0.2307692307692307,0
2025-10-10 12:05:59.500,ACC_101,accelerometer_rms,SPAN_1,-0.004188897481475791,-0.5163061681352211,0.4862329211900444,-0.46153846153846156,0
2025-10-10 12:06:02.500,ACC_101,accelerometer_rms,SPAN_1,0.11006725253679579,0.08598371107103411,0.7546716567201942,0.6923076923076924,0
2025-10-10 12:06:05.500,ACC_101,accelerometer_rms,SPAN_1,0.12109815860335779,0.9544276827974674,0.7541619043898825,0.46153846153846156,0
2025-10-10 12:06:08.500,ACC_101,accelerometer_rms,SPAN_1,0.2806411180156783,-0.30752425674585976,-0.5147167445702253,0.5384615384615384,0
2025-10-10 12:06:11.500,ACC_101,accelerometer_rms,SPAN_1,0.3745520063297832,0.23682311337639528,0.06689009795769103,0.5384615384615384,0
2025-10-10 12:06:14.500,ACC_101,accelerometer_rms,SPAN_1,0.5408394018274864,-0.05012380336803744,0.046982009938675934,-0.6923076923076924,0
2025-10-10 12:06:17.500,ACC_101,accelerometer_rms,SPAN_1,0.5884872444126192,-0.8636420929902114,0.506296634414977,-0.5384615384615385,0
2025-10-10 12:06:20.500,ACC_101,accelerometer_rms,SPAN_1,0.5017194576789501,-0.7600642521828643,0.26963863037967595,-0.3076923076923077,0
2025-10-10 12:06:23.500,ACC_101,accelerometer_rms,SPAN_1,0.6091437447670469,0.9084869951766994,0.42319298501854,0.6153846153846154,0
2025-10-10 12:06:26.500,ACC_101,accelerometer_rms,SPAN_1,0.6750277815788178,1.6924377908825874,-0.7131286483430412,0.9230769230769231,0
2025-10-10 12:06:29.500,ACC_101,accelerometer_rms,SPAN_1,0.5959215958983565,0.3922868128268154,-0.19861864083411043,0.9230769230769231,0
2025-10-10 12:06:32.500,ACC_101,accelerometer_rms,SPAN_1,0.6631579174587974,0.37402210317393525,-0.1899213608849069,0.5384615384615384,0
2025-10-10 12:06:35.500,ACC_101,accelerometer_rms,SPAN_1,0.6847843302992274,0.43597969378222556,-0.06275253969391946,0.15384615384615385,0
2025-10-10 12:06:38.500,ACC_101,accelerometer_rms,SPAN_1,0.5963627507274301,-0.37455777818003927,0.5339010611268376,0.46153846153846156,0
2025-10-10 12:06:41.500,ACC_101,accelerometer_rms,SPAN_1,0.5822106352254579,0.0977526934091691,0.8308273192834965,-0.15384615384615385,0
2025-10-10 12:06:44.500,ACC_101,accelerometer_rms,SPAN_1,0.5028840536668492,0.20209579493998409,1.2980191962431995,-0.15384615384615385,0
2025-10-10 12:06:47.500,ACC_101,accelerometer_rms,SPAN_1,0.4192797549152751,0.8537175004396099,0.4390100265283853,1.0000000000000002,0
2025-10-10 12:06:50.500,ACC_101,accelerometer_rms,SPAN_1,0.36112091274865843,0.5238464711842825,0.6862736159583565,1.0000000000000002,0
2025-10-10 12:06:53.500,ACC_101,accelerometer_rms,SPAN_1,0.1774573295820957,-0.17260163631939293,-0.9316119507368077,0.8461538461538461,0
2025-10-10 12:06:56.500,ACC_101,accelerometer_rms,SPAN_1,0.022276063580723957,0.45892013898170736,-0.01365284122539684,0.6923076923076924,0
2025-10-10 12:06:59.500,ACC_101,accelerometer_rms,SPAN_1,-0.010848366713653903,0.540464920171556,-0.08901753592997858,0.7692307692307692,0
2025-10-10 12:07:02.500,ACC_101,accelerometer_rms,SPAN_1,-0.18377581245300376,0.8920086705103158,-0.3666121715780011,0.7692307692307692,0
2025-10-10 12:07:05.500,ACC_101,accelerometer_rms,SPAN_1,-0.2406581363477265,0.7126602477575756,-0.8956169123175026,-0.15384615384615385,0
2025-10-10 12:07:08.500,ACC_101,accelerometer_rms,SPAN_1,-0.27246819479667417,0.6291069008317117,-0.9886364667437946,-0.46153846153846156,0
2025-10-10 12:07:11.500,ACC_101,accelerometer_rms,SPAN_1,-0.36369486459547207,0.8387626731025669,0.5071474063392785,0.07692307692307701,0
2025-10-10 12:07:14.500,ACC_101,accelerometer_rms,SPAN_1,-0.3560931725878029,0.35917400179370407,0.3266251802667131,0.9230769230769231,0
2025-10-10 12:07:17.500,ACC_101,accelerometer_rms,SPAN_1,-0.5397936987928494,-0.9492689793435066,0.45981751557350814,-0.8461538461538461,0
2025-10-10 12:07:20.500,ACC_101,accelerometer_rms,SPAN_1,-0.7262326993319456,-0.41938704558946266,-0.7470977463939162,0.8461538461538461,0
2025-10-10 12:07:23.500,ACC_101,accelerometer_rms,SPAN_1,-0.8127145656299203,0.1327024417924889,0.2291024911162061,0.9230769230769231,0
2025-10-10 12:07:26.500,ACC_101,accelerometer_rms,SPAN_1,-0.7461619448605772,-0.09899319763752513,-0.19386306220715244,0.07692307692307701,0
2025-10-10 12:07:29.500,ACC_101,accelerometer_rms,SPAN_1,-0.7860179072466076,-0.6814085238452355,0.458324670233449,-0.46153846153846156,0
2025-10-10 12:07:32.500,ACC_101,accelerometer_rms,SPAN_1,-0.6979559233493685,-1.0078118867433696,-0.2933160899734159,-0.15384615384615385,0
2025-10-10 12:07:35.500,ACC_101,accelerometer_rms,SPAN_1,-0.6289251173235921,-0.8007880767214409,-0.4156593674171114,-0.3076923076923077,0
2025-10-10 12:07:38.500,ACC_101,accelerometer_rms,SPAN_1,-0.667354861206347,-0.8146029293172795,0.5277420322833561,-0.46153846153846156,0
2025-10-10 12:07:41.500,ACC_101,accelerometer_rms,SPAN_1,-0.6158298673448225,-0.008459796768174955,0.49063736561784665,-0.46153846153846156,0
2025-10-10 12:07:44.500,ACC_101,accelerometer_rms,SPAN_1,-0.4707652381121961,0.1427463883315356,0.19169953036190207,0.7692307692307692,0
2025-10-10 12:07:47.500,ACC_101,accelerometer_rms,SPAN_1,-0.4149936055398737,-0.25569239053701454,-0.14727547073088315,0.5384615384615384,0
2025-10-10 12:07:50.500,ACC_101,accelerometer_rms,SPAN_1,-0.4613458305634479,0.4073889769264055,1.0588367349980805,0.7692307692307692,0
2025-10-10 12:07:53.500,ACC_101,accelerometer_rms,SPAN_1,-0.29716490400651685,0.07009127678850338,0.7140297697079181,-0.38461538461538464,0
2025-10-10 12:07:56.500,ACC_101,accelerometer_rms,SPAN_1,-0.22235296961236917,1.1811282464909367,0.7664377906526539,0.6923076923076924,0
2025-10-10 12:07:59.500,ACC_101,accelerometer_rms,SPAN_1,-0.021350339586246093,-0.5738306724927085,-0.41030620467711243,-0.46153846153846156,0
2025-10-10 12:08:02.500,ACC_101,accelerometer_rms,SPAN_1,0.14686642159977195,-0.08654928648967486,0.9611815818227466,-0.8461538461538461,0
2025-10-10 12:08:05.500,ACC_101,accelerometer_rms,SPAN_1,0.24085759936883008,0.3588864500337456,-0.8399410603912116,0.8461538461538461,0
2025-10-10 12:08:08.500,ACC_101,accelerometer_rms,SPAN_1,0.24811133384816048,0.3943431378707003,-0.5755396653603317,-0.6153846153846154,0
2025-10-10 12:08:11.500,ACC_101,accelerometer_rms,SPAN_1,0.32394085531897027,-0.10482027714097474,-0.8849874096257742,0.07692307692307701,0
2025-10-10 12:08:14.500,ACC_101,accelerometer_rms,SPAN_1,0.5035764554078672,-0.7100976098718377,-0.92210544239397,-0.38461538461538464,0
2025-10-10 12:08:17.500,ACC_101,accelerometer_rms,SPAN_1,0.8645539664282941,-0.10756041841206401,1.9981451804027965,-0.38461538461538464,1
2025-10-10 12:08:20.500,ACC_101,accelerometer_rms,SPAN_1,6.6910262104052425,-5.328722235031397,-13.072501468931481,-0.8461538461538461,1
2025-10-10 12:08:23.500,ACC_101,accelerometer_rms,SPAN_1,9.154760466058619,-0.45925894744178186,0.4282724333936333,-0.7692307692307693,1
2025-10-10 12:08:26.500,ACC_101,accelerometer_rms,SPAN_1,9.141069378970139,0.581092580137964,0.6660640751799186,0.7692307692307692,1
2025-10-10 12:08:29.500,ACC_101,accelerometer_rms,SPAN_1,9.002318319733726,0.6322964237530176,-0.09518188039881989,0.6153846153846154,1
2025-10-10 12:08:32.500,ACC_101,accelerometer_rms,SPAN_1,8.920342143520275,0.6961753651865984,-1.494669466017356,-0.23076923076923078,1
2025-10-10 12:08:35.500,ACC_101,accelerometer_rms,SPAN_1,9.022214535554475,0.6461548415635776,0.6789501331261367,0.46153846153846156,1
2025-10-10 12:08:38.500,ACC_101,accelerometer_rms,SPAN_1,9.267809332776967,-0.8521904506171354,-1.008922197545186,-0.7692307692307693,1
2025-10-10 12:08:41.500,ACC_101,accelerometer_rms,SPAN_1,9.291464873381829,-1.6931073785343502,-1.8535484978628705,-0.8461538461538461,1
2025-10-10 12:08:44.500,ACC_101,accelerometer_rms,SPAN_1,8.943849691675453,0.9505634568829303,-0.5728490829943491,0.5384615384615384,1
2025-10-10 12:08:47.500,ACC_101,accelerometer_rms,SPAN_1,8.76458822644741,-0.2790183003511367,0.7205571347337238,0.6923076923076924,1
2025-10-10 12:08:50.500,ACC_101,accelerometer_rms,SPAN_1,8.885383289847898,-1.3020591497374219,-0.15060166758276905,-0.5384615384615385,1
2025-10-10 12:08:53.500,ACC_101,accelerometer_rms,SPAN_1,8.672850577327264,-0.8323858496799378,0.3211241579967,-0.6153846153846154,1
2025-10-10 12:08:56.500,ACC_101,accelerometer_rms,SPAN_1,8.729693489880589,-0.3110239074111751,0.5070260463003292,0.6923076923076924,1
2025-10-10 12:08:59.500,ACC_101,accelerometer_rms,SPAN_1,6.373914651969815,-5.2138648621535575,-12.392720896828743,-0.8461538461538461,1
2025-10-10 12:09:02.500,ACC_101,accelerometer_rms,SPAN_1,0.2145826028619331,0.14547455249276336,2.3358511032255462,-0.3076923076923077,1
2025-10-10 12:09:05.500,ACC_101,accelerometer_rms,SPAN_1,-0.1972049888311105,-0.5927124893626392,0.3810731399262101,-0.15384615384615385,0
2025-10-10 12:09:08.500,ACC_101,accelerometer_rms,SPAN_1,-0.27384890313219773,-0.8560337819402877,-0.5600803205889496,0.0,0
2025-10-10 12:09:11.500,ACC_101,accelerometer_rms,SPAN_1,-0.42306744449634354,-0.941329842680907,-0.056651686703949926,0.0,0
2025-10-10 12:09:14.500,ACC_101,accelerometer_rms,SPAN_1,-0.43742719914842193,-1.0502972148086887,1.0349172667223927,-0.46153846153846156,0
2025-10-10 12:09:17.500,ACC_101,accelerometer_rms,SPAN_1,-0.574097343097892,-0.05107894223052399,-1.8041694835928868,0.7692307692307692,0
2025-10-10 12:09:20.500,ACC_101,accelerometer_rms,SPAN_1,-0.5937353783896412,0.5009969448828413,-1.553976548379311,0.8461538461538461,0
2025-10-10 12:09:23.500,ACC_101,accelerometer_rms,SPAN_1,-0.607935442530871,0.47431917930219847,0.488109154405375,0.9230769230769231,0
2025-10-10 12:09:26.500,ACC_101,accelerometer_rms,SPAN_1,-0.6493278591136689,-0.3784050123783492,-0.0020468738439774503,-0.5384615384615385,0
2025-10-10 12:09:29.500,ACC_101,accelerometer_rms,SPAN_1,-0.6898199608241422,-0.6921689149814466,-0.055976267038440414,-0.23076923076923078,0
2025-10-10 12:09:32.500,ACC_101,accelerometer_rms,SPAN_1,-0.6662996141572223,2.4628453261834533,-0.6769051384574863,1.0000000000000002,0
2025-10-10 12:09:35.500,ACC_101,accelerometer_rms,SPAN_1,-0.6795558478755874,1.6955425452073258,-0.9189971737731263,0.8461538461538461,0
2025-10-10 12:09:38.500,ACC_101,accelerometer_rms,SPAN_1,-0.6848779899631611,-0.8960364381771064,-0.15992174658833144,-0.7692307692307693,0
2025-10-10 12:09:41.500,ACC_101,accelerometer_rms,SPAN_1,-0.5914036596813164,-0.9417317261989172,-0.7361705596436102,-0.7692307692307693,0
2025-10-10 12:09:44.500,ACC_101,accelerometer_rms,SPAN_1,-0.4628005048932095,-0.7096302910111255,0.007345852672170491,-0.38461538461538464,0
2025-10-10 12:09:47.500,ACC_101,accelerometer_rms,SPAN_1,-0.35198026640780145,-0.24133116898762236,-0.0681847731831516,0.38461538461538475,0
2025-10-10 12:09:50.500,ACC_101,accelerometer_rms,SPAN_1,-0.30139928682285844,0.5763872174199884,-0.024495593175468518,0.46153846153846156,0
2025-10-10 12:09:53.500,ACC_101,accelerometer_rms,SPAN_1,-0.19895861566193856,1.6703476951522758,-0.7425230811930166,0.9230769230769231,0
2025-10-10 12:09:56.500,ACC_101,accelerometer_rms,SPAN_1,-0.15472257779465684,1.469595522380261,-0.3304807908898623,0.6923076923076924,0
2025-10-10 12:09:59.500,ACC_101,accelerometer_rms,SPAN_1,-0.013926733327728065,0.22952898627958232,0.27030126321621,0.3076923076923077,0
2025-10-10 12:10:02.500,ACC_101,accelerometer_rms,SPAN_1,0.08715576968810197,0.4343966316940084,-0.4447485483277934,-0.07692307692307701,0
2025-10-10 12:10:05.500,ACC_101,accelerometer_rms,SPAN_1,0.11176266997373234,0.041829649670401474,0.6773323355645916,0.6153846153846154,0
2025-10-10 12:10:08.500,ACC_101,accelerometer_rms,SPAN_1,0.3224106955450044,0.05006174136545184,0.5501417094888627,-0.8461538461538461,0
2025-10-10 12:10:11.500,ACC_101,accelerometer_rms,SPAN_1,0.3967842637889587,0.4672770818687501,-1.2785519514610315,-0.46153846153846156,0
2025-10-10 12:10:14.500,ACC_101,accelerometer_rms,SPAN_1,0.4522755162602717,-0.8275444754828961,-0.7898198538031156,-0.15384615384615385,0
2025-10-10 12:10:17.500,ACC_101,accelerometer_rms,SPAN_1,0.5138834494488187,-0.0014102808673803334,-0.23029352439939815,-0.3076923076923077,0
2025-10-10 12:10:20.500,ACC_101,accelerometer_rms,SPAN_1,0.5291773317762737,0.5702724848282174,0.5496513544633201,0.7692307692307692,0
2025-10-10 12:10:23.500,ACC_101,accelerometer_rms,SPAN_1,0.6896584361294196,-0.03336085164873555,0.47854322989362075,0.6153846153846154,0
2025-10-10 12:10:26.500,ACC_101,accelerometer_rms,SPAN_1,0.7353600547831147,0.5749179867232156,-0.7043070957319506,0.6153846153846154,0
2025-10-10 12:10:29.500,ACC_101,accelerometer_rms,SPAN_1,0.6813711428698218,0.9319588866473373,0.22336982514216536,-0.15384615384615385,0
2025-10-10 12:10:32.500,ACC_101,accelerometer_rms,SPAN_1,0.6729387389102156,0.3168271726772664,-1.5581054556841891,0.46153846153846156,0
2025-10-10 12:10:35.500,ACC_101,accelerometer_rms,SPAN_1,0.6764352846564105,0.42193210178292323,1.6489635614914564,0.8461538461538461,0
2025-10-10 12:10:38.500,ACC_101,accelerometer_rms,SPAN_1,0.662610542797544,-0.3108263361799224,0.10931731130133526,0.0,0
2025-10-10 12:10:41.500,ACC_101,accelerometer_rms,SPAN_1,0.5952284620296924,-0.8578524648983792,0.4931961177239271,-0.6923076923076924,0
2025-10-10 12:10:44.500,ACC_101,accelerometer_rms,SPAN_1,0.5036357722508112,-0.737536311305773,0.26900304906280154,-0.3076923076923077,0
2025-10-10 12:10:47.500,ACC_101,accelerometer_rms,SPAN_1,0.42811481207798985,0.16829148519251874,-0.3497658567816363,-0.3076923076923077,0
2025-10-10 12:10:50.500,ACC_101,accelerometer_rms,SPAN_1,0.33918711212888275,0.9162384400859146,-0.41472324282365025,0.2307692307692307,0
2025-10-10 12:10:53.500,ACC_101,accelerometer_rms,SPAN_1,0.3007808306483835,0.655835113858418,-1.5040040410308542,0.6153846153846154,0
2025-10-10 12:10:56.500,ACC_101,accelerometer_rms,SPAN_1,0.24325398391239988,0.7738560074686838,-0.361255533996339,0.9230769230769231,0
2025-10-10 12:10:59.500,ACC_101,accelerometer_rms,SPAN_1,-0.01029770212758889,0.5664430829959372,0.473600300494466,-0.15384615384615385,0
2025-10-10 12:11:02.500,ACC_101,accelerometer_rms,SPAN_1,-0.13489490093915377,1.0733596609593592,-1.1186038869509554,0.46153846153846156,0
2025-10-10 12:11:05.500,ACC_101,accelerometer_rms,SPAN_1,-0.2572016199290522,1.1298088678754163,-0.08142330576500181,0.46153846153846156,0
2025-10-10 12:11:08.500,ACC_101,accelerometer_rms,SPAN_1,-0.23447392210440868,0.25843156269118894,0.19528875619940436,-0.15384615384615385,0
2025-10-10 12:11:11.500,ACC_101,accelerometer_rms,SPAN_1,-0.3556440917262641,-0.470684846087735,0.3697943746128097,-0.15384615384615385,0
2025-10-10 12:11:14.500,ACC_101,accelerometer_rms,SPAN_1,-0.4831113246298574,-0.5084392927751933,0.9295714836386443,-0.6923076923076924,0
2025-10-10 12:11:17.500,ACC_101,accelerometer_rms,SPAN_1,-0.5319741423862944,0.0004838821053392152,-0.3018228947065135,0.07692307692307701,0
2025-10-10 12:11:20.500,ACC_101,accelerometer_rms,SPAN_1,-0.5421044592927542,0.07356481049969676,-0.6129593555980742,1.0000000000000002,0
2025-10-10 12:11:23.500,ACC_101,accelerometer_rms,SPAN_1,-0.6099171266264946,0.3078165327199308,0.3288003802566484,0.8461538461538461,0
2025-10-10 12:11:26.500,ACC_101,accelerometer_rms,SPAN_1,-0.6580252169970366,0.15993754246651024,-0.7607100963831672,-0.38461538461538464,0
2025-10-10 12:11:29.500,ACC_101,accelerometer_rms,SPAN_1,-0.7457040382084903,-0.2040569452714616,1.2982152155381639,-0.15384615384615385,0
2025-10-10 12:11:32.500,ACC_101,accelerometer_rms,SPAN_1,-0.7385626460640062,0.6244868990463925,-0.0428190621630284,-0.15384615384615385,0
2025-10-10 12:11:35.500,ACC_101,accelerometer_rms,SPAN_1,-0.6820223743273566,0.6209836239365539,0.060324827236247665,-0.07692307692307701,0
2025-10-10 12:11:38.500,ACC_101,accelerometer_rms,SPAN_1,-0.6839339973612416,0.07024391343725947,1.0755295227871868,-0.15384615384615385,0
2025-10-10 12:11:41.500,ACC_101,accelerometer_rms,SPAN_1,-0.6616636299663831,-0.3410913813241431,-0.92063866754337,-0.15384615384615385,0
2025-10-10 12:11:44.500,ACC_101,accelerometer_rms,SPAN_1,-0.5964315397824798,-0.1530720837235004,0.9072173674841073,-0.38461538461538464,0
2025-10-10 12:11:47.500,ACC_101,accelerometer_rms,SPAN_1,-0.4396478616160053,-0.10194518810716134,0.5032241678003236,0.0,0
2025-10-10 12:11:50.500,ACC_101,accelerometer_rms,SPAN_1,-0.38771283412187346,0.28505230715137597,0.6213438160657194,0.7692307692307692,0
2025-10-10 12:11:53.500,ACC_101,accelerometer_rms,SPAN_1,-0.2165753000772321,-0.4443152225589497,-0.45698337678548123,-0.46153846153846156,0
2025-10-10 12:11:56.500,ACC_101,accelerometer_rms,SPAN_1,-0.08214459568602057,0.08326381768892625,-0.3666230171370927,0.0,0
2025-10-10 12:11:59.500,ACC_101,accelerometer_rms,SPAN_1,-0.027773237578299213,-0.6519884344298392,0.1273409200337088,-0.7692307692307693,0
2025-10-10 12:12:02.500,ACC_101,accelerometer_rms,SPAN_1,0.049629770658985044,0.11272496463387313,-0.6294374047093765,-0.07692307692307701,0
2025-10-10 12:12:05.500,ACC_101,accelerometer_rms,SPAN_1,0.13506949290194747,-1.4079905335292546,0.03642613725369164,-0.6153846153846154,0
2025-10-10 12:12:08.500,ACC_101,accelerometer_rms,SPAN_1,0.31273228992730345,-0.7789458679433312,0.010734794454773055,-0.3076923076923077,0
2025-10-10 12:12:11.500,ACC_101,accelerometer_rms,SPAN_1,0.5080106451787603,-0.03180664868156625,1.3914457396245457,0.2307692307692307,0
2025-10-10 12:12:14.500,ACC_101,accelerometer_rms,SPAN_1,0.6101918380842616,0.28796658098627037,1.5230250171022575,0.3076923076923077,0
2025-10-10 12:12:17.500,ACC_101,accelerometer_rms,SPAN_1,0.6014007500131546,0.686106829312289,-2.035427003953931,0.3076923076923077,0
2025-10-10 12:12:20.500,ACC_101,accelerometer_rms,SPAN_1,0.6085284116937738,1.0916532407597381,-0.004229656753065625,0.6923076923076924,0
2025-10-10 12:12:23.500,ACC_101,accelerometer_rms,SPAN_1,0.7333438016722883,-0.12940506870551283,-0.5540880212947713,-0.15384615384615385,0
2025-10-10 12:12:26.500,ACC_101,accelerometer_rms,SPAN_1,0.739414129179954,0.179077386490207,-0.21974789732891922,0.3076923076923077,0
2025-10-10 12:12:29.500,ACC_101,accelerometer_rms,SPAN_1,0.5750060375504301,-0.1689597301818573,-0.9203687782443454,-0.8461538461538461,0
2025-10-10 12:12:32.500,ACC_101,accelerometer_rms,SPAN_1,0.5696066223780496,0.7626297471664433,0.5795625238670035,0.7692307692307692,0
2025-10-10 12:12:35.500,ACC_101,accelerometer_rms,SPAN_1,0.7161192982649613,0.2155468098727078,-0.45517667608106593,-0.07692307692307701,0
2025-10-10 12:12:38.500,ACC_101,accelerometer_rms,SPAN_1,0.5885276284306408,-0.4380869837093868,0.7391728054812369,-0.07692307692307701,0
2025-10-10 12:12:41.500,ACC_101,accelerometer_rms,SPAN_1,0.580313182099824,-1.146708349632707,1.1744547530834593,-0.15384615384615385,0
2025-10-10 12:12:44.500,ACC_101,accelerometer_rms,SPAN_1,0.5387179401866077,-1.0108448596643136,-0.16259013376289613,-0.6923076923076924,0
2025-10-10 12:12:47.500,ACC_101,accelerometer_rms,SPAN_1,0.4224130345907346,-0.5577768263160859,0.43780974634561876,-0.7692307692307693,0
2025-10-10 12:12:50.500,ACC_101,accelerometer_rms,SPAN_1,0.41319468656002506,0.3222857369102641,1.0127964582625737,-0.15384615384615385,0
2025-10-10 12:12:53.500,ACC_101,accelerometer_rms,SPAN_1,0.313465279714693,0.15698569729884662,-0.292803194351264,0.38461538461538475,0
2025-10-10 12:12:56.500,ACC_101,accelerometer_rms,SPAN_1,0.17066368381781993,-0.6895254656911722,-0.10078559887629446,0.3076923076923077,0
2025-10-10 12:12:59.500,ACC_101,accelerometer_rms,SPAN_1,0.056814042574165016,-1.1740692624377815,-1.3611576558950669,-0.38461538461538464,0
2025-10-10 12:13:02.500,ACC_101,accelerometer_rms,SPAN_1,-0.17097785873931637,-0.8534605663418873,-0.8722840277929431,0.07692307692307701,0
2025-10-10 12:13:05.500,ACC_101,accelerometer_rms,SPAN_1,-0.23203410248858053,0.6878673415625327,-1.5995547164810002,0.46153846153846156,0
2025-10-10 12:13:08.500,ACC_101,accelerometer_rms,SPAN_1,-0.32903339698016915,-0.02136567682015403,-0.4849572631864914,-0.8461538461538461,0
2025-10-10 12:13:11.500,ACC_101,accelerometer_rms,SPAN_1,-0.4289491347174825,-0.1913745151260684,0.016638575622776177,0.07692307692307701,0
2025-10-10 12:13:14.500,ACC_101,accelerometer_rms,SPAN_1,-0.5009440954591021,0.09315723293563362,0.25733466320020343,0.38461538461538475,0
2025-10-10 12:13:17.500,ACC_101,accelerometer_rms,SPAN_1,-0.580552163148416,-0.25493290955413833,-0.5247219498155301,0.38461538461538475,0
2025-10-10 12:13:20.500,ACC_101,accelerometer_rms,SPAN_1,-0.6343554503386146,0.19001494046928435,-0.19401689314121626,-0.3076923076923077,0
2025-10-10 12:13:23.500,ACC_101,accelerometer_rms,SPAN_1,-0.6248820096150012,-0.3271939997086253,-0.26761657864387717,0.6923076923076924,0
2025-10-10 12:13:26.500,ACC_101,accelerometer_rms,SPAN_1,-0.6793561287186375,-1.1025284662333248,-0.49509871251787807,-0.15384615384615385,0
2025-10-10 12:13:29.500,ACC_101,accelerometer_rms,SPAN_1,-0.739500748845282,-0.002331536904490974,0.03000371014901808,-0.3076923076923077,0
2025-10-10 12:13:32.500,ACC_101,accelerometer_rms,SPAN_1,-0.7381649505054063,-0.13129352941415676,1.00031813171646,0.6923076923076924,0
2025-10-10 12:13:35.500,ACC_101,accelerometer_rms,SPAN_1,-0.7353519645547728,0.7011745839109546,-0.37321502110456645,0.46153846153846156,0
2025-10-10 12:13:38.500,ACC_101,accelerometer_rms,SPAN_1,-0.7105417448996056,1.1199180628715428,-0.2990849560336876,0.6153846153846154,0
2025-10-10 12:13:41.500,ACC_101,accelerometer_rms,SPAN_1,-0.7171952080330464,-0.15862848738720906,0.03626795541346392,0.2307692307692307,0
2025-10-10 12:13:44.500,ACC_101,accelerometer_rms,SPAN_1,-0.44744568049919314,-2.3059048511455607,-1.9080041126238574,-0.8461538461538461,0
2025-10-10 12:13:47.500,ACC_101,accelerometer_rms,SPAN_1,-0.28230130495624145,-0.14138045701113583,-0.998218569249083,-0.6153846153846154,0
2025-10-10 12:13:50.500,ACC_101,accelerometer_rms,SPAN_1,-0.27093328673405886,0.717097135070912,-0.5023520778630981,0.5384615384615384,0
2025-10-10 12:13:53.500,ACC_101,accelerometer_rms,SPAN_1,-0.13529910148859572,0.3709819898657111,0.7536429605931243,0.3076923076923077,0
2025-10-10 12:13:56.500,ACC_101,accelerometer_rms,SPAN_1,-0.06666638332998187,0.9224452692488098,0.2913340576528604,0.6923076923076924,0
2025-10-10 12:13:59.500,ACC_101,accelerometer_rms,SPAN_1,-0.024268196676222424,0.7297085117791168,-0.1660312320806168,0.46153846153846156,0
2025-10-10 12:14:02.500,ACC_101,accelerometer_rms,SPAN_1,0.04720944972202859,0.17171933734472142,-1.07233825969286,0.2307692307692307,0
2025-10-10 12:14:05.500,ACC_101,accelerometer_rms,SPAN_1,0.16900919856488758,0.007933642200612514,0.08892039157925555,-0.23076923076923078,0
2025-10-10 12:14:08.500,ACC_101,accelerometer_rms,SPAN_1,0.30040583977861934,0.17208692432752656,-0.16531226194639634,-0.6153846153846154,0
2025-10-10 12:14:11.500,ACC_101,accelerometer_rms,SPAN_1,0.4033500856981199,0.027966687534328617,0.596047278903498,-0.15384615384615385,0
2025-10-10 12:14:14.500,ACC_101,accelerometer_rms,SPAN_1,0.47442543876123033,-0.3077999184703016,0.532613241619165,-0.46153846153846156,0
2025-10-10 12:14:17.500,ACC_101,accelerometer_rms,SPAN_1,0.5496001707187219,0.6554118482940676,0.6957486023910767,0.07692307692307701,0
2025-10-10 12:14:20.500,ACC_101,accelerometer_rms,SPAN_1,0.6613384905601303,0.14830336257349794,0.466499102851812,0.6153846153846154,0
2025-10-10 12:14:23.500,ACC_101,accelerometer_rms,SPAN_1,0.7284377471918518,1.6451208397453747,-1.2434494322544258,0.38461538461538475,0
2025-10-10 12:14:26.500,ACC_101,accelerometer_rms,SPAN_1,0.7515526273902365,0.9502776570245688,-1.1072129492386606,0.8461538461538461,0
2025-10-10 12:14:29.500,ACC_101,accelerometer_rms,SPAN_1,0.6897643873242508,-0.22878386311414686,0.6415813839459092,0.8461538461538461,0
2025-10-10 12:14:32.500,ACC_101,accelerometer_rms,SPAN_1,0.6445626960376849,-0.4483318635855048,0.7112235117259482,-0.07692307692307701,0
2025-10-10 12:14:35.500,ACC_101,accelerometer_rms,SPAN_1,0.7776436656776922,0.4016924758490275,-0.787825764634002,0.38461538461538475,0
2025-10-10 12:14:38.500,ACC_101,accelerometer_rms,SPAN_1,0.7067486652281993,-0.03353981151020356,0.00853646426797187,0.07692307692307701,0
2025-10-10 12:14:41.500,ACC_101,accelerometer_rms,SPAN_1,0.6573280736314476,0.20984725325184966,0.14485746713772263,0.15384615384615385,0
2025-10-10 12:14:44.500,ACC_101,accelerometer_rms,SPAN_1,0.4960517836183009,-0.8361838452467419,-0.1727342609969155,-0.8461538461538461,0
2025-10-10 12:14:47.500,ACC_101,accelerometer_rms,SPAN_1,0.3501554983845986,-0.590547902275325,-0.019986733927773156,0.07692307692307701,0
2025-10-10 12:14:50.500,ACC_101,accelerometer_rms,SPAN_1,0.26298464258853027,0.2981869732880907,-0.6289426019201652,0.0,0
2025-10-10 12:14:53.500,ACC_101,accelerometer_rms,SPAN_1,0.22367790427382128,-0.08520650458137904,-1.6242248365568637,0.0,0
2025-10-10 12:14:56.500,ACC_101,accelerometer_rms,SPAN_1,0.1618762882935615,0.4997560671854977,-0.32609635664862024,0.38461538461538475,0
2025-10-10 12:14:59.500,ACC_101,accelerometer_rms,SPAN_1,0.1505130837082228,-0.050866525029111334,1.4161103548809653,0.07692307692307701,0
2025-10-10 12:15:02.500,ACC_101,accelerometer_rms,SPAN_1,-0.06544043637306071,-0.4268602710925787,0.25629522649597997,-0.23076923076923078,0
2025-10-10 12:15:05.500,ACC_101,accelerometer_rms,SPAN_1,-0.1958923214374787,0.25974964162503394,1.5142010880087566,0.15384615384615385,0
2025-10-10 12:15:08.500,ACC_101,accelerometer_rms,SPAN_1,-0.2914326492592713,0.0039047452803649394,0.5415755214858691,0.0,0
2025-10-10 12:15:11.500,ACC_101,accelerometer_rms,SPAN_1,-0.4481456269231451,-0.22901168966552288,-0.5444148490116948,-0.6153846153846154,0
2025-10-10 12:15:14.500,ACC_101,accelerometer_rms,SPAN_1,-0.6478385148326168,-0.020897198165564335,0.7022692137265111,0.6153846153846154,0
2025-10-10 12:15:17.500,ACC_101,accelerometer_rms,SPAN_1,-0.6514001677584179,-0.7774920535487827,-0.7231551504202791,-0.07692307692307701,0
2025-10-10 12:15:20.500,ACC_101,accelerometer_rms,SPAN_1,-0.705329737646833,-0.35346452886325647,0.37507797683789973,-0.38461538461538464,0
2025-10-10 12:15:23.500,ACC_101,accelerometer_rms,SPAN_1,-0.7627385791015736,1.449942886508978,-0.6224979839136283,0.6923076923076924,0
2025-10-10 12:15:26.500,ACC_101,accelerometer_rms,SPAN_1,-0.7402195478362389,-0.6097094956946966,-1.6899067719684997,-0.38461538461538464,0
2025-10-10 12:15:29.500,ACC_101,accelerometer_rms,SPAN_1,-0.8465998699837146,-0.7485629972840616,-0.40350713214804074,-0.6153846153846154,0
2025-10-10 12:15:32.500,ACC_101,accelerometer_rms,SPAN_1,-0.6803914358900384,-0.6438180815788839,-1.6082605277050326,0.07692307692307701,0
2025-10-10 12:15:35.500,ACC_101,accelerometer_rms,SPAN_1,-0.61719132396686,-0.6294415372850393,-0.2239751807566466,0.38461538461538475,0
2025-10-10 12:15:38.500,ACC_101,accelerometer_rms,SPAN_1,-0.5420884798963431,-0.7348010508631271,1.0595210773402277,-0.46153846153846156,0
2025-10-10 12:15:41.500,ACC_101,accelerometer_rms,SPAN_1,-0.5785583518246181,-0.4075106646366215,0.4799596153762395,-0.5384615384615385,0
2025-10-10 12:15:44.500,ACC_101,accelerometer_rms,SPAN_1,-0.6322846762649575,-0.11956035064308106,0.8448240196744229,0.7692307692307692,0
2025-10-10 12:15:47.500,ACC_101,accelerometer_rms,SPAN_1,-0.49316216407200775,1.0161534755651633,0.02398634443195729,-0.46153846153846156,0
2025-10-10 12:15:50.500,ACC_101,accelerometer_rms,SPAN_1,-0.37122755817403047,0.10646917318005089,-0.9637478637286184,-0.3076923076923077,0
2025-10-10 12:15:53.500,ACC_101,accelerometer_rms,SPAN_1,-0.3447661751230649,-0.6938155840072318,0.06791763756291262,-0.15384615384615385,0
2025-10-10 12:15:56.500,ACC_101,accelerometer_rms,SPAN_1,-0.21516872211012722,0.6927079633082234,0.09314585440491477,0.38461538461538475,0
2025-10-10 12:15:59.500,ACC_101,accelerometer_rms,SPAN_1,0.00010370818277878045,-0.19567006421986224,1.2422665857635509,-0.8461538461538461,0
2025-10-10 12:16:02.500,ACC_101,accelerometer_rms,SPAN_1,0.16610432865235872,0.3605897098607497,-2.0007624304532503,0.38461538461538475,0
2025-10-10 12:16:05.500,ACC_101,accelerometer_rms,SPAN_1,0.2263790634952466,1.1055475128900378,0.9931114264186207,0.6153846153846154,0
2025-10-10 12:16:08.500,ACC_101,accelerometer_rms,SPAN_1,0.27686609028742526,0.7919776053407568,-0.1675669325313378,-0.23076923076923078,0
2025-10-10 12:16:11.500,ACC_101,accelerometer_rms,SPAN_1,0.4522735309472356,-0.8254854792163221,-0.9631372677506728,-0.7692307692307693,0
2025-10-10 12:16:14.500,ACC_101,accelerometer_rms,SPAN_1,0.5195152495038663,-0.22376336063313765,0.5781134559549951,0.7692307692307692,0
2025-10-10 12:16:17.500,ACC_101,accelerometer_rms,SPAN_1,0.5003340310840582,-0.9092549077569922,0.6943485171032826,-0.7692307692307693,0
2025-10-10 12:16:20.500,ACC_101,accelerometer_rms,SPAN_1,0.5059865820554588,-0.831014297525354,0.14708360080185598,0.07692307692307701,0
2025-10-10 12:16:23.500,ACC_101,accelerometer_rms,SPAN_1,0.6727893302568722,-0.33275874437814246,0.15209360331768204,0.15384615384615385,0
2025-10-10 12:16:26.500,ACC_101,accelerometer_rms,SPAN_1,0.6797799477599769,-1.6238295173387411,-0.37930878183827993,-0.38461538461538464,0
2025-10-10 12:16:29.500,ACC_101,accelerometer_rms,SPAN_1,0.60055273890184,0.47280533325337304,1.251687178328987,-0.46153846153846156,0
2025-10-10 12:16:32.500,ACC_101,accelerometer_rms,SPAN_1,0.7083127468116661,-0.07298739880277909,-1.6125043634534066,-0.5384615384615385,0
2025-10-10 12:16:35.500,ACC_101,accelerometer_rms,SPAN_1,0.6565510115749192,-0.8782941182353954,-0.9910334202660153,0.7692307692307692,0
2025-10-10 12:16:38.500,ACC_101,accelerometer_rms,SPAN_1,0.6292592123681722,0.5202724311479193,1.137875032124917,0.8461538461538461,0
2025-10-10 12:16:41.500,ACC_101,accelerometer_rms,SPAN_1,0.5356763672108296,-0.33649461098421013,-0.5848959117114785,-0.8461538461538461,0
2025-10-10 12:16:44.500,ACC_101,accelerometer_rms,SPAN_1,0.5044054690454816,-0.8579639769812409,0.17637067719688476,-0.46153846153846156,0
2025-10-10 12:16:47.500,ACC_101,accelerometer_rms,SPAN_1,0.4263172409915435,-0.7021585944060637,-0.8374386311799337,-0.8461538461538461,0
2025-10-10 12:16:50.500,ACC_101,accelerometer_rms,SPAN_1,0.4139841936341631,0.04062742819134014,0.5399494317318505,-0.6153846153846154,0
2025-10-10 12:16:53.500,ACC_101,accelerometer_rms,SPAN_1,0.3349593516724236,-1.605755007609033,-1.6193802550826912,-0.8461538461538461,0
2025-10-10 12:16:56.500,ACC_101,accelerometer_rms,SPAN_1,-0.02007615370388533,-0.930013554861598,-0.4852496928294124,0.6153846153846154,0
2025-10-10 12:16:59.500,ACC_101,accelerometer_rms,SPAN_1,-0.08902956489272555,0.7686114194820179,-0.6453539766586105,0.5384615384615384,0
2025-10-10 12:17:02.500,ACC_101,accelerometer_rms,SPAN_1,-0.09484891405483847,-0.07945604607594622,0.49707472702740785,-0.38461538461538464,0
2025-10-10 12:17:05.500,ACC_101,accelerometer_rms,SPAN_1,-0.24961946940110324,-0.5726733325205341,-1.5176257382407288,-0.3076923076923077,0
2025-10-10 12:17:08.500,ACC_101,accelerometer_rms,SPAN_1,-0.37470183259854484,-1.3183079731532643,-0.2848224167984144,-0.38461538461538464,0
2025-10-10 12:17:11.500,ACC_101,accelerometer_rms,SPAN_1,-0.4438866244521825,-0.3892759398953312,-0.10606356923330498,-0.5384615384615385,0
2025-10-10 12:17:14.500,ACC_101,accelerometer_rms,SPAN_1,-0.5135590273711057,-0.13541949897347652,-0.6546811590102529,0.5384615384615384,0
2025-10-10 12:17:17.500,ACC_101,accelerometer_rms,SPAN_1,-0.5757385716327399,-0.3088397071864413,0.4718664674940312,0.07692307692307701,0
2025-10-10 12:17:20.500,ACC_101,accelerometer_rms,SPAN_1,-0.5895564667480541,0.25468981477105745,-0.15355284756003468,0.6923076923076924,0
2025-10-10 12:17:23.500,ACC_101,accelerometer_rms,SPAN_1,-0.6428472900425591,0.07396613975017696,-0.48537635375108745,0.0,0
2025-10-10 12:17:26.500,ACC_101,accelerometer_rms,SPAN_1,-0.7072014140782565,-0.026728037862139904,0.26597237527538964,0.2307692307692307,0
2025-10-10 12:17:29.500,ACC_101,accelerometer_rms,SPAN_1,-0.6976358579604799,-0.6047123017468408,0.2925547385661685,0.07692307692307701,0
2025-10-10 12:17:32.500,ACC_101,accelerometer_rms,SPAN_1,-0.7662437416197455,0.3440175683444524,0.009525820417691074,0.3076923076923077,0
2025-10-10 12:17:35.500,ACC_101,accelerometer_rms,SPAN_1,-0.6462102548527348,0.070363723593817,-2.9290423470640725,0.15384615384615385,0
2025-10-10 12:17:38.500,ACC_101,accelerometer_rms,SPAN_1,-0.6537282814206932,0.3893319643205697,0.4555626077191252,0.15384615384615385,0
2025-10-10 12:17:41.500,ACC_101,accelerometer_rms,SPAN_1,-0.588736216505845,0.9002986414392784,-0.4649953539639004,0.38461538461538475,0
2025-10-10 12:17:44.500,ACC_101,accelerometer_rms,SPAN_1,-0.5373313979938326,-0.10473881741955611,-0.6188268312571996,0.07692307692307701,0
2025-10-10 12:17:47.500,ACC_101,accelerometer_rms,SPAN_1,-0.41408377160183146,-0.8027134627241035,0.7480439862247493,0.46153846153846156,0
2025-10-10 12:17:50.500,ACC_101,accelerometer_rms,SPAN_1,-0.3932947888886473,0.3532437248916996,-1.4603680731828277,1.0000000000000002,0
2025-10-10 12:17:53.500,ACC_101,accelerometer_rms,SPAN_1,-0.21551309237947355,-0.7498447822665941,-0.5956646636265948,-0.8461538461538461,0
2025-10-10 12:17:56.500,ACC_101,accelerometer_rms,SPAN_1,-0.06531724723927805,-0.257371182011071,-0.01061003318589963,-0.7692307692307693,0
2025-10-10 12:17:59.500,ACC_101,accelerometer_rms,SPAN_1,0.12451457056652115,-0.5335129280893963,-0.14222888081774954,-0.46153846153846156,0
2025-10-10 12:18:02.500,ACC_101,accelerometer_rms,SPAN_1,0.1089417922385439,-0.9800723933864453,0.2772726479695537,-0.7692307692307693,0
2025-10-10 12:18:05.500,ACC_101,accelerometer_rms,SPAN_1,0.21342697775631575,-0.24695189488337332,0.10179521710801885,-0.6923076923076924,0
2025-10-10 12:18:08.500,ACC_101,accelerometer_rms,SPAN_1,0.330622705240055,1.2666048825220317,-2.3940610551223225,0.6923076923076924,0
2025-10-10 12:18:11.500,ACC_101,accelerometer_rms,SPAN_1,0.4682286492070162,0.5212814957084356,0.4634639612277013,0.15384615384615385,0
2025-10-10 12:18:14.500,ACC_101,accelerometer_rms,SPAN_1,0.464925308601935,-1.1045200772668233,-0.8451432640141333,-0.5384615384615385,0
2025-10-10 12:18:17.500,ACC_101,accelerometer_rms,SPAN_1,0.4800923361701426,-0.6471133194856108,-0.35044082018315503,0.3076923076923077,0
2025-10-10 12:18:20.500,ACC_101,accelerometer_rms,SPAN_1,0.5558110607570871,0.5547138103679726,-0.06485173222192726,0.6153846153846154,0
2025-10-10 12:18:23.500,ACC_101,accelerometer_rms,SPAN_1,0.6505689117368713,0.05379891112832957,-0.3621719206972975,0.5384615384615384,0
2025-10-10 12:18:26.500,ACC_101,accelerometer_rms,SPAN_1,0.6635271661393656,0.623635087268446,0.6747763573522786,-0.07692307692307701,0
2025-10-10 12:18:29.500,ACC_101,accelerometer_rms,SPAN_1,0.6974046821945762,0.7366895412628357,-0.7082336164500702,0.0,0
2025-10-10 12:18:32.500,ACC_101,accelerometer_rms,SPAN_1,0.707710205319473,0.3905073444643453,0.9172810098581695,0.3076923076923077,0
2025-10-10 12:18:35.500,ACC_101,accelerometer_rms,SPAN_1,0.6512890533229876,0.510385027885471,0.7871436528467143,0.8461538461538461,0
2025-10-10 12:18:38.500,ACC_101,accelerometer_rms,SPAN_1,0.5879880042375647,0.34036223137127725,0.6098155490406676,0.2307692307692307,0
2025-10-10 12:18:41.500,ACC_101,accelerometer_rms,SPAN_1,0.49542308337923885,-0.24782478698671787,-0.6000685664484525,-0.46153846153846156,0
2025-10-10 12:18:44.500,ACC_101,accelerometer_rms,SPAN_1,0.40721324625322786,-1.5209955983678456,0.14537141957600783,-0.6923076923076924,0
2025-10-10 12:18:47.500,ACC_101,accelerometer_rms,SPAN_1,0.33974503466440675,-0.10768336178077687,0.689529197122465,-0.5384615384615385,0
2025-10-10 12:18:50.500,ACC_101,accelerometer_rms,SPAN_1,0.30223676759156654,0.1756865228800288,-0.1993885252478538,1.0000000000000002,0
2025-10-10 12:18:53.500,ACC_101,accelerometer_rms,SPAN_1,0.17147073295307919,-1.0456268651117726,0.37845427107805824,-0.6923076923076924,0
2025-10-10 12:18:56.500,ACC_101,accelerometer_rms,SPAN_1,0.08397835179780713,0.33043408657514184,0.04505083064601481,0.8461538461538461,0
2025-10-10 12:18:59.500,ACC_101,accelerometer_rms,SPAN_1,0.04873253367106392,-0.024474065586192945,-0.42014927004850205,-0.6153846153846154,0
2025-10-10 12:19:02.500,ACC_101,accelerometer_rms,SPAN_1,-0.12731320835877305,-0.4733044585598773,0.3004130789073664,-0.5384615384615385,0
2025-10-10 12:19:05.500,ACC_101,accelerometer_rms,SPAN_1,-0.2748334812993899,0.3977270444840464,-0.10328698507530608,1.0000000000000002,0
2025-10-10 12:19:08.500,ACC_101,accelerometer_rms,SPAN_1,-0.37951329587867205,-0.5414687385569231,-0.1219900185302073,-0.3076923076923077,0
2025-10-10 12:19:11.500,ACC_101,accelerometer_rms,SPAN_1,-0.44374896448686857,-0.4865881716885844,-0.5046471754655056,0.15384615384615385,0
2025-10-10 12:19:14.500,ACC_101,accelerometer_rms,SPAN_1,-0.48074409514089916,0.09872447111132264,-0.6361747908012769,-0.5384615384615385,0
2025-10-10 12:19:17.500,ACC_101,accelerometer_rms,SPAN_1,-0.5412085789080311,0.39291250867078975,-0.5594981564395064,-0.6923076923076924,0
2025-10-10 12:19:20.500,ACC_101,accelerometer_rms,SPAN_1,-0.6731778823141287,-0.8000018276171021,-0.46036960467613713,0.6923076923076924,0
2025-10-10 12:19:23.500,ACC_101,accelerometer_rms,SPAN_1,-0.691529304984959,-0.662652899436474,0.35305147568786316,0.6153846153846154,0
2025-10-10 12:19:26.500,ACC_101,accelerometer_rms,SPAN_1,-0.7632131910275106,-0.6923789272162528,-1.2846441953697068,-0.6923076923076924,0
2025-10-10 12:19:29.500,ACC_101,accelerometer_rms,SPAN_1,-0.6729960999285535,-0.6692430719542928,0.770104684747515,-0.38461538461538464,0
2025-10-10 12:19:32.500,ACC_101,accelerometer_rms,SPAN_1,-0.5889762906036659,-0.6616528712958584,-0.11222509296736292,-0.07692307692307701,0
2025-10-10 12:19:35.500,ACC_101,accelerometer_rms,SPAN_1,-0.6141235904807851,0.2206638758396381,-0.3370693043105345,0.9230769230769231,0
2025-10-10 12:19:38.500,ACC_101,accelerometer_rms,SPAN_1,-0.6353603771402776,0.18875654255339958,0.21887450336017014,-0.6923076923076924,0
2025-10-10 12:19:41.500,ACC_101,accelerometer_rms,SPAN_1,-0.5319264220958781,0.6452122594657143,1.0458608406536312,0.46153846153846156,0
2025-10-10 12:19:44.500,ACC_101,accelerometer_rms,SPAN_1,-0.5607908895133965,0.2637993984276454,-0.8073840050783093,-0.38461538461538464,0
2025-10-10 12:19:47.500,ACC_101,accelerometer_rms,SPAN_1,-0.4697962514041121,-1.2287771283915665,-0.2642160351584938,-0.15384615384615385,0
2025-10-10 12:19:50.500,ACC_101,accelerometer_rms,SPAN_1,-0.37995277603363214,-0.7039669260289295,0.37647018346681854,-0.7692307692307693,0
2025-10-10 12:19:53.500,ACC_101,accelerometer_rms,SPAN_1,-0.3115831247280262,0.04009140547499135,-1.3957793592189396,0.6923076923076924,0
2025-10-10 12:19:56.500,ACC_101,accelerometer_rms,SPAN_1,-0.1174165941000772,-0.1114075442263966,0.07318030432446843,-0.6153846153846154,0
2025-10-10 12:19:59.500,ACC_101,accelerometer_rms,SPAN_1,-0.029923352311231256,0.36368210666275463,0.6347626828906526,0.6153846153846154,0
2025-10-10 12:20:02.500,ACC_101,accelerometer_rms,SPAN_1,0.11719459435463996,-0.41406010328349124,0.021358422175614424,0.46153846153846156,0
2025-10-10 12:20:05.500,ACC_101,accelerometer_rms,SPAN_1,0.21958324932585224,-0.6802000946849616,0.45545281658893794,-0.6153846153846154,0
2025-10-10 12:20:08.500,ACC_101,accelerometer_rms,SPAN_1,0.26771144085179893,-0.14059547730760905,0.6808872474114263,-0.38461538461538464,0
2025-10-10 12:20:11.500,ACC_101,accelerometer_rms,SPAN_1,0.37693442132999416,0.11679637176726855,-0.15882343533802737,0.2307692307692307,0
2025-10-10 12:20:14.500,ACC_101,accelerometer_rms,SPAN_1,0.5142258755274791,0.4481808890262146,-0.5204811837938986,0.15384615384615385,0
2025-10-10 12:20:17.500,ACC_101,accelerometer_rms,SPAN_1,0.5530420403543997,1.6843520179636862,-0.8503074085535912,0.6153846153846154,0
2025-10-10 12:20:20.500,ACC_101,accelerometer_rms,SPAN_1,0.6153281483092882,1.475185237052978,-2.285063451676634,0.8461538461538461,0
2025-10-10 12:20:23.500,ACC_101,accelerometer_rms,SPAN_1,0.6713410765221083,0.35003530272988476,0.46024118267331027,0.7692307692307692,0
2025-10-10 12:20:26.500,ACC_101,accelerometer_rms,SPAN_1,0.6629421515830263,0.0652186012835762,0.28331863700728643,-0.6923076923076924,0
2025-10-10 12:20:29.500,ACC_101,accelerometer_rms,SPAN_1,0.7090531030251359,0.7281315251909725,0.24748491165607048,0.2307692307692307,0
2025-10-10 12:20:32.500,ACC_101,accelerometer_rms,SPAN_1,0.6338439778833761,-0.13693841780377453,0.466686723534883,-0.6923076923076924,0
2025-10-10 12:20:35.500,ACC_101,accelerometer_rms,SPAN_1,0.5433139662315452,0.22828504826763038,1.3133460537887693,1.0000000000000002,0
2025-10-10 12:20:38.500,ACC_101,accelerometer_rms,SPAN_1,0.5872014598762867,0.9939325549950246,0.27305134038789414,-0.07692307692307701,0
2025-10-10 12:20:41.500,ACC_101,accelerometer_rms,SPAN_1,0.5169287369214035,0.5550574506724838,-0.03722626145934118,-0.23076923076923078,0
2025-10-10 12:20:44.500,ACC_101,accelerometer_rms,SPAN_1,0.6246868546782749,-0.6139722656400217,-0.9142360283449181,-0.23076923076923078,0
2025-10-10 12:20:47.500,ACC_101,accelerometer_rms,SPAN_1,0.45791014234895006,-1.226816164603287,-0.4982419754233472,-0.8461538461538461,0
2025-10-10 12:20:50.500,ACC_101,accelerometer_rms,SPAN_1,0.24627164296218235,0.5610597007847408,0.05177331360548097,-0.15384615384615385,0
2025-10-10 12:20:53.500,ACC_101,accelerometer_rms,SPAN_1,0.2858797791078576,0.04912963789541726,-0.20176253967741148,-0.7692307692307693,0
2025-10-10 12:20:56.500,ACC_101,accelerometer_rms,SPAN_1,0.21225448873765934,-1.0229920039819567,-0.6864002477193321,-0.5384615384615385,0
2025-10-10 12:20:59.500,ACC_101,accelerometer_rms,SPAN_1,-0.03848463546911295,-0.9638201007995627,0.28462145444138676,-0.5384615384615385,0
2025-10-10 12:21:02.500,ACC_101,accelerometer_rms,SPAN_1,-0.1688686596551627,0.7287453505660452,0.9961424951807065,0.7692307692307692,0
2025-10-10 12:21:05.500,ACC_101,accelerometer_rms,SPAN_1,-0.1523221820229504,0.7754679889508358,-0.4130595854906473,0.9230769230769231,0
2025-10-10 12:21:08.500,ACC_101,accelerometer_rms,SPAN_1,-0.19904276084018618,0.032776285777096695,0.26009763485003223,1.0000000000000002,0
2025-10-10 12:21:11.500,ACC_101,accelerometer_rms,SPAN_1,-0.35812256706711454,0.18241682746017263,0.9355679858292182,-0.6153846153846154,0
2025-10-10 12:21:14.500,ACC_101,accelerometer_rms,SPAN_1,-0.44703765360017045,0.038394320925838735,1.2671460451970618,0.15384615384615385,0
2025-10-10 12:21:17.500,ACC_101,accelerometer_rms,SPAN_1,-0.5649956785486632,0.1773703913145243,1.6126494173665111,0.8461538461538461,0
2025-10-10 12:21:20.500,ACC_101,accelerometer_rms,SPAN_1,-0.5269614929609183,-0.17487357235848391,0.6399429608290554,0.2307692307692307,0
2025-10-10 12:21:23.500,ACC_101,accelerometer_rms,SPAN_1,-0.6546745347811481,-0.11953971064424324,-1.453655521105331,0.15384615384615385,0
2025-10-10 12:21:26.500,ACC_101,accelerometer_rms,SPAN_1,-0.722219437840334,0.38373193132581807,0.2830840610161592,1.0000000000000002,0
2025-10-10 12:21:29.500,ACC_101,accelerometer_rms,SPAN_1,-0.7195997829241852,-0.3304097078081944,0.8606401591080204,0.07692307692307701,0
2025-10-10 12:21:32.500,ACC_101,accelerometer_rms,SPAN_1,-0.6304553092769177,-1.288660415641242,-0.5525697654971612,-0.5384615384615385,0
2025-10-10 12:21:35.500,ACC_101,accelerometer_rms,SPAN_1,-0.6663511457977338,-0.4726331431268462,0.6294543756507364,-0.5384615384615385,0
2025-10-10 12:21:38.500,ACC_101,accelerometer_rms,SPAN_1,-0.6505154342333936,-0.3669255227204965,1.286411614110264,-0.7692307692307693,0
2025-10-10 12:21:41.500,ACC_101,accelerometer_rms,SPAN_1,-0.5891554015998761,-0.9011373117340107,-0.13447724284883483,-0.5384615384615385,0
2025-10-10 12:21:44.500,ACC_101,accelerometer_rms,SPAN_1,-0.602694770155847,0.008851041447432572,-0.588725040139877,-0.7692307692307693,0
2025-10-10 12:21:47.500,ACC_101,accelerometer_rms,SPAN_1,-0.48640134560130277,0.6499030201531356,0.3044700909469466,0.38461538461538475,0
2025-10-10 12:21:50.500,ACC_101,accelerometer_rms,SPAN_1,-0.38173040044719003,-0.3133605848332198,-0.8393308879643152,-0.46153846153846156,0
2025-10-10 12:21:53.500,ACC_101,accelerometer_rms,SPAN_1,-0.23664382842858003,-0.593828927090403,1.3193050232800445,-0.23076923076923078,0
2025-10-10 12:21:56.500,ACC_101,accelerometer_rms,SPAN_1,-0.17977882292386818,-1.7030647533389214,-1.08192727824861,-0.23076923076923078,0
2025-10-10 12:21:59.500,ACC_101,accelerometer_rms,SPAN_1,-0.048409332842464785,-1.1183552024744634,0.38898360710270935,-0.23076923076923078,0
2025-10-10 12:22:02.500,ACC_101,accelerometer_rms,SPAN_1,0.04365804050483961,0.35490077120894303,0.4113129071510055,0.2307692307692307,0
2025-10-10 12:22:05.500,ACC_101,accelerometer_rms,SPAN_1,0.19692140057119453,-0.7656323742458672,-0.30799821602454863,-0.6153846153846154,0
2025-10-10 12:22:08.500,ACC_101,accelerometer_rms,SPAN_1,0.3404053183580789,-0.5689993661834759,0.8983310545334107,0.6923076923076924,0
2025-10-10 12:22:11.500,ACC_101,accelerometer_rms,SPAN_1,0.4945510416317005,0.3563418639199781,0.14356642155478358,0.6923076923076924,0
2025-10-10 12:22:14.500,ACC_101,accelerometer_rms,SPAN_1,0.490885996906997,-0.5441003042356813,-0.9884585570727934,0.15384615384615385,0
2025-10-10 12:22:17.500,ACC_101,accelerometer_rms,SPAN_1,0.5620963113780889,-0.9728891940261559,-0.15661318008990974,-0.8461538461538461,0
2025-10-10 12:22:20.500,ACC_101,accelerometer_rms,SPAN_1,0.6978871684439382,1.235810192446477,-0.9667018903019495,0.9230769230769231,0
2025-10-10 12:22:23.500,ACC_101,accelerometer_rms,SPAN_1,0.7056686610074266,0.24135618935942682,0.25677188418507524,-0.7692307692307693,0
2025-10-10 12:22:26.500,ACC_101,accelerometer_rms,SPAN_1,0.7619413142186616,-0.5858590193651896,0.5723018012614749,0.07692307692307701,0
2025-10-10 12:22:29.500,ACC_101,accelerometer_rms,SPAN_1,0.643515997504117,0.06582777784609006,0.6145038505785108,-0.8461538461538461,0
2025-10-10 12:22:32.500,ACC_101,accelerometer_rms,SPAN_1,0.6494395981000254,-0.878306305590721,-0.04386642089210582,-0.8461538461538461,0
2025-10-10 12:22:35.500,ACC_101,accelerometer_rms,SPAN_1,0.6485542377275855,-0.8856839443211041,-0.14301090840863043,-0.8461538461538461,0
2025-10-10 12:22:38.500,ACC_101,accelerometer_rms,SPAN_1,0.5153800804660201,0.22665630672968043,0.5417469424409298,-0.46153846153846156,0
2025-10-10 12:22:41.500,ACC_101,accelerometer_rms,SPAN_1,0.6451317531018026,0.3270619292255303,-0.11826944016078227,1.0000000000000002,0
2025-10-10 12:22:44.500,ACC_101,accelerometer_rms,SPAN_1,0.6757075140515171,0.40945725739534655,0.3079513030162711,1.0000000000000002,0
2025-10-10 12:22:47.500,ACC_101,accelerometer_rms,SPAN_1,0.4207073071428088,-0.3596777142866702,0.5695766862642769,0.0,0
2025-10-10 12:22:50.500,ACC_101,accelerometer_rms,SPAN_1,0.3027434576244968,-0.23359773185635196,0.36939715532537926,0.07692307692307701,0
2025-10-10 12:22:53.500,ACC_101,accelerometer_rms,SPAN_1,0.2926730464865344,0.9940006349363509,-0.6351898815738244,0.7692307692307692,0
2025-10-10 12:22:56.500,ACC_101,accelerometer_rms,SPAN_1,0.16082336101314998,1.827912952679481,-1.103326364862032,0.7692307692307692,0
2025-10-10 12:22:59.500,ACC_101,accelerometer_rms,SPAN_1,0.1296002610109486,-0.437924850879299,-0.9780577626309741,-0.5384615384615385,0
2025-10-10 12:23:02.500,ACC_101,accelerometer_rms,SPAN_1,-0.06817095463232457,-1.5223080259802133,-1.198114636880818,-0.6153846153846154,0
2025-10-10 12:23:05.500,ACC_101,accelerometer_rms,SPAN_1,-0.18188560384702535,-0.5841457006275178,0.040082720439801184,-0.38461538461538464,0
2025-10-10 12:23:08.500,ACC_101,accelerometer_rms,SPAN_1,-0.2978695562205652,-0.7217950053650366,0.24479816687140762,0.0,0
2025-10-10 12:23:11.500,ACC_101,accelerometer_rms,SPAN_1,-0.4735734479092351,0.5954634449924451,-0.3208315076441116,0.2307692307692307,0
2025-10-10 12:23:14.500,ACC_101,accelerometer_rms,SPAN_1,-0.6153872341453576,0.6646392972726181,-0.22688986624514512,0.9230769230769231,0
2025-10-10 12:23:17.500,ACC_101,accelerometer_rms,SPAN_1,-0.6625789822575296,0.5314320347291581,-1.1787981353773789,0.0,0
2025-10-10 12:23:20.500,ACC_101,accelerometer_rms,SPAN_1,-0.5964704174013724,0.6528081285202552,-0.5633618113229573,0.6153846153846154,0
2025-10-10 12:23:23.500,ACC_101,accelerometer_rms,SPAN_1,-0.6599167055780135,0.6669247013218391,-2.040033580788761,-0.15384615384615385,0
2025-10-10 12:23:26.500,ACC_101,accelerometer_rms,SPAN_1,-0.6760151799181143,-0.24130840099483172,-0.0044810037702686075,-0.07692307692307701,0
2025-10-10 12:23:29.500,ACC_101,accelerometer_rms,SPAN_1,-0.6807478710378176,1.0953791176619712,-1.0053681863137345,0.38461538461538475,0
2025-10-10 12:23:32.500,ACC_101,accelerometer_rms,SPAN_1,-0.6277840158159519,0.9666001383286923,0.33931164762225546,0.2307692307692307,0
2025-10-10 12:23:35.500,ACC_101,accelerometer_rms,SPAN_1,-0.5779318799001223,0.7568990208880314,0.9065203677798832,0.8461538461538461,0
2025-10-10 12:23:38.500,ACC_101,accelerometer_rms,SPAN_1,-0.7304356242004839,-0.7329398529823216,1.1165517802804195,-0.8461538461538461,0
2025-10-10 12:23:41.500,ACC_101,accelerometer_rms,SPAN_1,-0.6529306644856685,-1.1614401026802852,-0.4809605411502913,-0.5384615384615385,0
2025-10-10 12:23:44.500,ACC_101,accelerometer_rms,SPAN_1,-0.5470885617489807,-0.9115127568211765,0.4440032149636374,0.07692307692307701,0
2025-10-10 12:23:47.500,ACC_101,accelerometer_rms,SPAN_1,-0.39181488743061127,0.14579126088501307,0.8361442711787169,1.0000000000000002,0
2025-10-10 12:23:50.500,ACC_101,accelerometer_rms,SPAN_1,-0.32123212717520133,0.9812442693593837,-0.47416244125635837,-0.15384615384615385,0
2025-10-10 12:23:53.500,ACC_101,accelerometer_rms,SPAN_1,-0.23484651595925124,-1.1303070221420621,-1.6921665272686195,-0.38461538461538464,0
2025-10-10 12:23:56.500,ACC_101,accelerometer_rms,SPAN_1,-0.08509183675238662,-0.4330048370895133,-0.6623340307610828,0.07692307692307701,0
2025-10-10 12:23:59.500,ACC_101,accelerometer_rms,SPAN_1,0.008435708332484044,-0.19845441434543445,0.24147232615758046,0.07692307692307701,0
2025-10-10 12:24:02.500,ACC_101,accelerometer_rms,SPAN_1,0.09601593547559414,0.254711370896563,-1.0445084613361966,0.15384615384615385,0
2025-10-10 12:24:05.500,ACC_101,accelerometer_rms,SPAN_1,0.11855771082182225,0.6693514892612218,0.3909896525414991,0.15384615384615385,0
2025-10-10 12:24:08.500,ACC_101,accelerometer_rms,SPAN_1,0.18612434894036053,-0.546935309246237,0.384962421652905,-0.8461538461538461,0
2025-10-10 12:24:11.500,ACC_101,accelerometer_rms,SPAN_1,0.3634518844785377,0.22166527149889642,-1.4140530708755137,-0.23076923076923078,0
2025-10-10 12:24:14.500,ACC_101,accelerometer_rms,SPAN_1,0.445017428090053,-0.618237951861559,-0.16026228578815419,0.0,0
2025-10-10 12:24:17.500,ACC_101,accelerometer_rms,SPAN_1,0.49536539553255643,0.7113870878121947,-0.6121637791963963,0.38461538461538475,0
2025-10-10 12:24:20.500,ACC_101,accelerometer_rms,SPAN_1,0.4540454746123296,0.9048477749421268,0.5540010545300026,0.3076923076923077,0
2025-10-10 12:24:23.500,ACC_101,accelerometer_rms,SPAN_1,0.5928595917728418,0.07770711412337093,0.17661461614623128,-0.15384615384615385,0
2025-10-10 12:24:26.500,ACC_101,accelerometer_rms,SPAN_1,0.6317622254264257,-0.6734144805583553,0.5302133651913156,-0.15384615384615385,0
2025-10-10 12:24:29.500,ACC_101,accelerometer_rms,SPAN_1,0.66785641656568,-1.0586872425810152,0.7780341642149917,-0.6923076923076924,0
2025-10-10 12:24:32.500,ACC_101,accelerometer_rms,SPAN_1,0.7622644402460791,0.7146843380642368,0.6836569974053147,-0.07692307692307701,0
2025-10-10 12:24:35.500,ACC_101,accelerometer_rms,SPAN_1,0.741398200588502,0.6045695275918049,0.5595452129801529,-0.38461538461538464,0
2025-10-10 12:24:38.500,ACC_101,accelerometer_rms,SPAN_1,0.6169248602233547,0.3618547348414464,0.6524551743950457,0.38461538461538475,0
2025-10-10 12:24:41.500,ACC_101,accelerometer_rms,SPAN_1,0.5019129766776818,0.4275166039128082,0.43427425747005305,-0.8461538461538461,0
2025-10-10 12:24:44.500,ACC_101,accelerometer_rms,SPAN_1,0.4710199190600764,0.8668392075210575,-0.7018253980058232,0.6923076923076924,0
2025-10-10 12:24:47.500,ACC_101,accelerometer_rms,SPAN_1,0.4115804139181673,0.7631693333633699,0.5877527275850055,-0.7692307692307693,0
2025-10-10 12:24:50.500,ACC_101,accelerometer_rms,SPAN_1,0.2832321586161442,0.39132189500132936,-2.3654284549278874,0.15384615384615385,0
2025-10-10 12:24:53.500,ACC_101,accelerometer_rms,SPAN_1,0.26459450828370024,-0.6382139472120636,-0.08034297199144683,-0.7692307692307693,0
2025-10-10 12:24:56.500,ACC_101,accelerometer_rms,SPAN_1,0.1632886973035267,-0.04153821321575799,0.4408030581640606,0.46153846153846156,0
2025-10-10 12:24:59.500,ACC_101,accelerometer_rms,SPAN_1,0.021486225295798626,0.7132649873503388,-0.8877527843282694,-0.07692307692307701,0
2025-10-10 12:25:02.500,ACC_101,accelerometer_rms,SPAN_1,-0.016842345082235553,0.12216729317110185,0.2547724821282508,-0.07692307692307701,0
2025-10-10 12:25:05.500,ACC_101,accelerometer_rms,SPAN_1,-0.1469607126690926,-0.4846526897823065,1.2058890958376396,-0.15384615384615385,0
2025-10-10 12:25:08.500,ACC_101,accelerometer_rms,SPAN_1,-0.2507383370015595,-0.4280773414530447,-0.8093376179905759,-0.6923076923076924,0
2025-10-10 12:25:11.500,ACC_101,accelerometer_rms,SPAN_1,-0.3942547379377992,-1.0661890918495227,-0.8446963405254525,-0.5384615384615385,0
2025-10-10 12:25:14.500,ACC_101,accelerometer_rms,SPAN_1,-0.48952021424133174,-1.014326953937189,0.1121364600051609,-0.6923076923076924,0
2025-10-10 12:25:17.500,ACC_101,accelerometer_rms,SPAN_1,-0.505945359399014,0.4455230273854943,-0.032126383607395274,0.38461538461538475,0
2025-10-10 12:25:20.500,ACC_101,accelerometer_rms,SPAN_1,-0.5682215811523524,-0.6207499383858996,0.18024695724702658,-0.6923076923076924,0
2025-10-10 12:25:23.500,ACC_101,accelerometer_rms,SPAN_1,-0.5699220047921228,-0.061563679265076554,0.20748584960236352,0.7692307692307692,0
2025-10-10 12:25:26.500,ACC_101,accelerometer_rms,SPAN_1,-0.5394049481189598,-0.23144124123862891,0.11674344540393035,-0.3076923076923077,0
2025-10-10 12:25:29.500,ACC_101,accelerometer_rms,SPAN_1,-0.636285537355094,0.004847827081377636,0.32473135137360964,0.3076923076923077,0
2025-10-10 12:25:32.500,ACC_101,accelerometer_rms,SPAN_1,-0.7699154299422174,0.26082332019401205,-0.4592960630795463,0.3076923076923077,0
2025-10-10 12:25:35.500,ACC_101,accelerometer_rms,SPAN_1,-0.6161297627389521,-0.07562585370837638,1.1939454487160404,-0.15384615384615385,0
2025-10-10 12:25:38.500,ACC_101,accelerometer_rms,SPAN_1,-0.5486669142751951,1.2459298577417193,-0.5210587057201864,0.7692307692307692,0
2025-10-10 12:25:41.500,ACC_101,accelerometer_rms,SPAN_1,-0.5633126092310914,0.3633032689850942,0.8892944886853974,-0.23076923076923078,0
2025-10-10 12:25:44.500,ACC_101,accelerometer_rms,SPAN_1,-0.4775026956297714,-1.062844999053126,0.6159934850663298,0.3076923076923077,0
2025-10-10 12:25:47.500,ACC_101,accelerometer_rms,SPAN_1,-0.4076161483331878,-0.6693398635409565,-0.23101833439305147,-0.07692307692307701,0
2025-10-10 12:25:50.500,ACC_101,accelerometer_rms,SPAN_1,-0.3452445939699831,0.48492338513869837,0.023933331617818937,0.6153846153846154,0
2025-10-10 12:25:53.500,ACC_101,accelerometer_rms,SPAN_1,-0.23312355419195674,-0.11531848674125954,0.8409073497549682,0.5384615384615384,0
2025-10-10 12:25:56.500,ACC_101,accelerometer_rms,SPAN_1,-0.0914500393977159,0.3252805368569334,-1.9138191568627074,0.5384615384615384,0
2025-10-10 12:25:59.500,ACC_101,accelerometer_rms,SPAN_1,0.04371215975631881,-0.22395651032922242,0.8184433541084016,-0.23076923076923078,0
2025-10-10 12:26:02.500,ACC_101,accelerometer_rms,SPAN_1,0.18247724273564173,0.9684909651070658,0.6579504224025442,1.0000000000000002,0
2025-10-10 12:26:05.500,ACC_101,accelerometer_rms,SPAN_1,0.1482888943427195,1.4155305137546512,-0.8408618617392503,0.46153846153846156,0
2025-10-10 12:26:08.500,ACC_101,accelerometer_rms,SPAN_1,0.2698283630462671,0.07710559701114633,-2.508654596749468,-0.23076923076923078,0
2025-10-10 12:26:11.500,ACC_101,accelerometer_rms,SPAN_1,0.4232511894181791,-0.158868008184016,-1.0768346017597412,0.8461538461538461,0
2025-10-10 12:26:14.500,ACC_101,accelerometer_rms,SPAN_1,0.5659269410036873,-0.34806661193459465,0.584238731795777,-0.38461538461538464,0
2025-10-10 12:26:17.500,ACC_101,accelerometer_rms,SPAN_1,0.5802808388547592,-0.778978817169545,-0.5234194257720243,-0.8461538461538461,0
2025-10-10 12:26:20.500,ACC_101,accelerometer_rms,SPAN_1,0.5286549509141133,-1.382281356483701,1.0875658524010798,-0.6153846153846154,0
2025-10-10 12:26:23.500,ACC_101,accelerometer_rms,SPAN_1,0.6734116106163626,-1.708163488710785,-0.20062254948480912,-0.46153846153846156,0
2025-10-10 12:26:26.500,ACC_101,accelerometer_rms,SPAN_1,0.7428948540769186,0.9322264540240222,-0.5569169243014886,-0.38461538461538464,0
2025-10-10 12:26:29.500,ACC_101,accelerometer_rms,SPAN_1,0.621188026858382,-0.17927785819969091,0.6411725151930134,-0.5384615384615385,0
2025-10-10 12:26:32.500,ACC_101,accelerometer_rms,SPAN_1,0.6931572374063237,-0.595692883275524,-0.3496446013235938,-0.8461538461538461,0
2025-10-10 12:26:35.500,ACC_101,accelerometer_rms,SPAN_1,0.7559612069223914,-0.8059939291827328,-0.39802488705912853,0.15384615384615385,0
2025-10-10 12:26:38.500,ACC_101,accelerometer_rms,SPAN_1,0.7638253567760825,-0.7734070859742044,-0.4103253432698007,-0.7692307692307693,0
2025-10-10 12:26:41.500,ACC_101,accelerometer_rms,SPAN_1,0.6438531754389151,-1.3500448081540835,-0.55545235892692,-0.7692307692307693,0
2025-10-10 12:26:44.500,ACC_101,accelerometer_rms,SPAN_1,0.4398906706198338,-0.7314916150177257,-0.1689166437678106,-0.6153846153846154,0
2025-10-10 12:26:47.500,ACC_101,accelerometer_rms,SPAN_1,0.3976977031552078,0.1807521849022355,-0.41324296564333274,-0.6153846153846154,0
2025-10-10 12:26:50.500,ACC_101,accelerometer_rms,SPAN_1,0.3156220865982202,-0.5377272808090451,-0.558161741402372,0.15384615384615385,0
2025-10-10 12:26:53.500,ACC_101,accelerometer_rms,SPAN_1,0.24247821022959445,0.5348074286027382,1.018855060111393,-0.3076923076923077,0
2025-10-10 12:26:56.500,ACC_101,accelerometer_rms,SPAN_1,0.12018197118742933,0.16814314644579267,-0.3261701739006888,0.6153846153846154,0
2025-10-10 12:26:59.500,ACC_101,accelerometer_rms,SPAN_1,0.009542835822891102,0.6076489939148682,0.6737387514317471,-0.15384615384615385,0
2025-10-10 12:27:02.500,ACC_101,accelerometer_rms,SPAN_1,-0.034267500459673195,0.24862413342170558,0.5768561611036135,-0.07692307692307701,0
2025-10-10 12:27:05.500,ACC_101,accelerometer_rms,SPAN_1,-0.11736264409349101,1.1918158955042262,-0.12898287390083643,0.7692307692307692,0
2025-10-10 12:27:08.500,ACC_101,accelerometer_rms,SPAN_1,-0.23985498483483503,0.8228315291447789,-0.023379846356076962,1.0000000000000002,0
2025-10-10 12:27:11.500,ACC_101,accelerometer_rms,SPAN_1,-0.33194986105169033,1.3223251010245123,0.6130799770690329,0.9230769230769231,0
2025-10-10 12:27:14.500,ACC_101,accelerometer_rms,SPAN_1,-0.4350770754523019,0.9053116456216529,0.42615219461287623,-0.8461538461538461,0
2025-10-10 12:27:17.500,ACC_101,accelerometer_rms,SPAN_1,-0.5949027311887511,1.2308990459210367,0.39619218289324143,0.6923076923076924,0
2025-10-10 12:27:20.500,ACC_101,accelerometer_rms,SPAN_1,-0.7280466699709106,0.07380841901081937,0.35344056534616347,-0.3076923076923077,0
2025-10-10 12:27:23.500,ACC_101,accelerometer_rms,SPAN_1,-0.7547821817669703,-0.2072592555204145,-0.6064731192563909,0.15384615384615385,0
2025-10-10 12:27:26.500,ACC_101,accelerometer_rms,SPAN_1,-0.7998810048821798,-0.15318214897666266,0.7473773918501609,-0.15384615384615385,0
2025-10-10 12:27:29.500,ACC_101,accelerometer_rms,SPAN_1,-0.6761659052723571,-0.2954382476695825,-0.27571189392061163,0.15384615384615385,0
2025-10-10 12:27:32.500,ACC_101,accelerometer_rms,SPAN_1,-0.7213205220676363,0.46377443781166927,-0.06636931930841782,-0.6153846153846154,0
2025-10-10 12:27:35.500,ACC_101,accelerometer_rms,SPAN_1,-0.7181532256592676,1.167120692988642,-1.2539890175246076,1.0000000000000002,0
2025-10-10 12:27:38.500,ACC_101,accelerometer_rms,SPAN_1,-0.5668590121876258,0.985098862343692,-0.5587665906103025,0.6153846153846154,0
2025-10-10 12:27:41.500,ACC_101,accelerometer_rms,SPAN_1,-0.4841348594232289,0.7630455335566823,-0.19731410967428273,1.0000000000000002,0
2025-10-10 12:27:44.500,ACC_101,accelerometer_rms,SPAN_1,-0.4923601319581572,1.637564604508423,0.4285981865540132,1.0000000000000002,0
2025-10-10 12:27:47.500,ACC_101,accelerometer_rms,SPAN_1,-0.4902538507160725,0.4602054392555207,-0.17444269904263338,1.0000000000000002,0
2025-10-10 12:27:50.500,ACC_101,accelerometer_rms,SPAN_1,-0.2556062062018648,-0.1714066405497654,0.8370127816198961,-0.6153846153846154,0
2025-10-10 12:27:53.500,ACC_101,accelerometer_rms,SPAN_1,-0.3271083434564102,0.08936288055733158,-0.270653957599678,0.38461538461538475,0
2025-10-10 12:27:56.500,ACC_101,accelerometer_rms,SPAN_1,-0.10008663958772995,-1.3056434466339804,-1.3851323444849062,-0.8461538461538461,0
2025-10-10 12:27:59.500,ACC_101,accelerometer_rms,SPAN_1,-0.004801023701930019,-1.6804613191374302,-0.8722259466347241,-0.46153846153846156,0
2025-10-10 12:28:02.500,ACC_101,accelerometer_rms,SPAN_1,0.0838563743492759,-0.47256478134444246,0.3772917611580618,-0.07692307692307701,0
2025-10-10 12:28:05.500,ACC_101,accelerometer_rms,SPAN_1,0.2684909592569538,1.894577776679377,-0.45324084213836724,0.8461538461538461,0
2025-10-10 12:28:08.500,ACC_101,accelerometer_rms,SPAN_1,0.39266824604666967,0.9764941492487772,-0.08420871044488061,0.9230769230769231,0
2025-10-10 12:28:11.500,ACC_101,accelerometer_rms,SPAN_1,0.468940449966805,0.4545846137100429,0.7166315785294635,0.9230769230769231,0
2025-10-10 12:28:14.500,ACC_101,accelerometer_rms,SPAN_1,0.4350602595259232,-1.0239096241011667,-0.9856989424955394,0.38461538461538475,0
2025-10-10 12:28:17.500,ACC_101,accelerometer_rms,SPAN_1,0.5579198554780195,0.03934596063459275,0.7498605894460357,0.0,0
2025-10-10 12:28:20.500,ACC_101,accelerometer_rms,SPAN_1,0.590641664471318,1.4616840166307687,-1.87564560021629,-0.07692307692307701,0
2025-10-10 12:28:23.500,ACC_101,accelerometer_rms,SPAN_1,0.6277582899805699,0.8074256460527127,-0.2891177672510242,0.0,0
2025-10-10 12:28:26.500,ACC_101,accelerometer_rms,SPAN_1,0.6286668955992407,0.3477369499598288,-0.7472768203453387,0.2307692307692307,0
2025-10-10 12:28:29.500,ACC_101,accelerometer_rms,SPAN_1,0.6507061757166874,0.8467054847371519,-0.3372498019833737,1.0000000000000002,0
2025-10-10 12:28:32.500,ACC_101,accelerometer_rms,SPAN_1,0.6850834428729649,0.7608433379249855,-0.4712821366409499,0.15384615384615385,0
2025-10-10 12:28:35.500,ACC_101,accelerometer_rms,SPAN_1,0.5757248240516679,1.565155718003817,-0.8883306675602142,0.07692307692307701,0
2025-10-10 12:28:38.500,ACC_101,accelerometer_rms,SPAN_1,0.5852713190799969,0.12633644553586298,-0.21656853022198036,0.07692307692307701,0
2025-10-10 12:28:41.500,ACC_101,accelerometer_rms,SPAN_1,0.5944535333845258,-0.33491352335261976,1.2702948340984892,1.0000000000000002,0
2025-10-10 12:28:44.500,ACC_101,accelerometer_rms,SPAN_1,0.47294060105434077,-0.8130955139513706,-0.592065217707599,-0.8461538461538461,0
2025-10-10 12:28:47.500,ACC_101,accelerometer_rms,SPAN_1,0.3501749903703296,-0.4149015727760177,-0.7884246909584605,0.5384615384615384,0
2025-10-10 12:28:50.500,ACC_101,accelerometer_rms,SPAN_1,0.354181427970032,0.5739721245644523,-0.9986511145730461,0.3076923076923077,0
2025-10-10 12:28:53.500,ACC_101,accelerometer_rms,SPAN_1,0.2979514035581928,1.2977077955052372,-3.0247737734031617,0.7692307692307692,0
2025-10-10 12:28:56.500,ACC_101,accelerometer_rms,SPAN_1,0.1998297571249484,0.7608321164721079,0.6070172298470793,0.2307692307692307,0
2025-10-10 12:28:59.500,ACC_101,accelerometer_rms,SPAN_1,0.09141190728897751,0.570663124130063,0.9272475901942205,0.0,0
2025-10-10 12:29:02.500,ACC_101,accelerometer_rms,SPAN_1,-0.027800575092910302,0.941553180626265,-0.32935445646422795,1.0000000000000002,0
2025-10-10 12:29:05.500,ACC_101,accelerometer_rms,SPAN_1,-0.2346964511151765,-0.06273936546659364,0.042988935189676454,0.6153846153846154,0
2025-10-10 12:29:08.500,ACC_101,accelerometer_rms,SPAN_1,-0.2735030368140088,0.3490431189450736,0.7196775229773309,0.7692307692307692,0
2025-10-10 12:29:11.500,ACC_101,accelerometer_rms,SPAN_1,-0.36803111885167045,-0.27440950788927154,-0.2524968799870539,-0.8461538461538461,0
2025-10-10 12:29:14.500,ACC_101,accelerometer_rms,SPAN_1,-0.40735706313238146,-0.140377511897485,0.2016901701905487,0.6153846153846154,0
2025-10-10 12:29:17.500,ACC_101,accelerometer_rms,SPAN_1,-0.5187822848922402,-0.1706787777411243,0.3587123164482167,-0.46153846153846156,0
2025-10-10 12:29:20.500,ACC_101,accelerometer_rms,SPAN_1,-0.6395191225118175,1.3371331909956086,0.39666234177735576,0.0,0
2025-10-10 12:29:23.500,ACC_101,accelerometer_rms,SPAN_1,-0.7356647070796389,0.9143472088115484,-0.257590367182556,0.7692307692307692,0
2025-10-10 12:29:26.500,ACC_101,accelerometer_rms,SPAN_1,-0.7370576611188352,0.18154662812537609,0.4498917264159479,-0.07692307692307701,0
2025-10-10 12:29:29.500,ACC_101,accelerometer_rms,SPAN_1,-0.6308950584323341,0.39020834442127483,0.052671430043928276,-0.23076923076923078,0
2025-10-10 12:29:32.500,ACC_101,accelerometer_rms,SPAN_1,-0.666545414815427,-1.0469310788021613,-0.601480283220079,-0.23076923076923078,0
2025-10-10 12:29:35.500,ACC_101,accelerometer_rms,SPAN_1,-0.6523372697733887,-0.1220933864691717,0.1297246768219296,-0.5384615384615385,0
2025-10-10 12:29:38.500,ACC_101,accelerometer_rms,SPAN_1,-0.6317276001904961,1.1106197742996458,-0.39792325975551,0.07692307692307701,0
2025-10-10 12:29:41.500,ACC_101,accelerometer_rms,SPAN_1,-0.6365815757582326,0.4446399109772824,-0.26953293098708087,0.2307692307692307,0
2025-10-10 12:29:44.500,ACC_101,accelerometer_rms,SPAN_1,-0.5018916524449301,-0.44763021989874036,1.6071026382316391,-0.23076923076923078,0
2025-10-10 12:29:47.500,ACC_101,accelerometer_rms,SPAN_1,-0.46355120909321956,-0.7197578228548638,0.05045225713717605,-0.3076923076923077,0
2025-10-10 12:29:50.500,ACC_101,accelerometer_rms,SPAN_1,-0.3409076654305611,0.19594572306320063,1.050665806668294,-0.46153846153846156,0
2025-10-10 12:29:53.500,ACC_101,accelerometer_rms,SPAN_1,-0.2354099230308056,0.6698788590396478,0.18958751236563937,1.0000000000000002,0
2025-10-10 12:29:56.500,ACC_101,accelerometer_rms,SPAN_1,-0.16896087168111928,-0.0004838821053392152,-0.11591514471457054,-0.8461538461538461,0
2025-10-10 12:00:02.500,ACC_102,accelerometer_rms,SPAN_2,0.10889357227402062,-1.426645836464542,-0.6921255045699034,-0.38461538461538464,0
2025-10-10 12:00:05.500,ACC_102,accelerometer_rms,SPAN_2,0.06036746942828503,-0.8568552893943981,-1.4172280188451118,-0.38461538461538464,0
2025-10-10 12:00:08.500,ACC_102,accelerometer_rms,SPAN_2,0.27750309806748413,0.03932330179662407,-0.394321872815727,-0.15384615384615385,0
2025-10-10 12:00:11.500,ACC_102,accelerometer_rms,SPAN_2,0.45148407262094664,0.2698710808111586,-0.8379495002045241,0.38461538461538475,0
2025-10-10 12:00:14.500,ACC_102,accelerometer_rms,SPAN_2,0.38591363646982807,-0.3677691864277374,-0.4917573790316928,-0.23076923076923078,0
2025-10-10 12:00:17.500,ACC_102,accelerometer_rms,SPAN_2,0.36852434889708835,-0.26312840254083303,-0.29080436552632877,-0.23076923076923078,0
2025-10-10 12:00:20.500,ACC_102,accelerometer_rms,SPAN_2,0.5248127898531703,-0.22150853931171635,0.34765765808119364,-0.3076923076923077,0
2025-10-10 12:00:23.500,ACC_102,accelerometer_rms,SPAN_2,0.6555755994162493,-0.1147051509171287,-0.480673669050349,-0.6153846153846154,0
2025-10-10 12:00:26.500,ACC_102,accelerometer_rms,SPAN_2,0.7537271057787267,0.461743997121367,0.31953717788514674,0.46153846153846156,0
2025-10-10 12:00:29.500,ACC_102,accelerometer_rms,SPAN_2,0.7129602692654446,0.6930234540084883,1.2096879316462188,0.6153846153846154,0
2025-10-10 12:00:32.500,ACC_102,accelerometer_rms,SPAN_2,0.6831126095074441,-0.9986778041583945,-0.05694434098418738,-0.38461538461538464,0
2025-10-10 12:00:35.500,ACC_102,accelerometer_rms,SPAN_2,0.6551670647334525,-1.0541643285612847,-0.19277120343108006,-0.3076923076923077,0
2025-10-10 12:00:38.500,ACC_102,accelerometer_rms,SPAN_2,0.6123347779790188,0.00707771344312802,-1.3368790597148945,-0.38461538461538464,0
2025-10-10 12:00:41.500,ACC_102,accelerometer_rms,SPAN_2,0.6441845603718118,-0.6968095879424139,0.5157952154743249,0.5384615384615384,0
2025-10-10 12:00:44.500,ACC_102,accelerometer_rms,SPAN_2,0.5753478238845592,-0.6117922501488084,0.32662911023317615,-0.07692307692307701,0
2025-10-10 12:00:47.500,ACC_102,accelerometer_rms,SPAN_2,0.44369697888473864,-1.3328077313135245,-0.27420087997865267,-0.7692307692307693,0
2025-10-10 12:00:50.500,ACC_102,accelerometer_rms,SPAN_2,0.22762817972174904,-1.0413418306707058,-1.418005925499353,-0.7692307692307693,0
2025-10-10 12:00:53.500,ACC_102,accelerometer_rms,SPAN_2,0.13383522860276104,-0.19147278273414867,0.4049061689588345,-0.7692307692307693,0
2025-10-10 12:00:56.500,ACC_102,accelerometer_rms,SPAN_2,0.07522605755212157,0.5619750774924246,0.27356014081791813,0.8461538461538461,0
2025-10-10 12:00:59.500,ACC_102,accelerometer_rms,SPAN_2,0.08896093303317966,0.37559260633689295,-0.7312209593599253,0.0,0
2025-10-10 12:01:02.500,ACC_102,accelerometer_rms,SPAN_2,0.03577521520632844,0.8513092309071839,-0.019282773533842244,0.3076923076923077,0
2025-10-10 12:01:05.500,ACC_102,accelerometer_rms,SPAN_2,-0.19992037309382,1.0385974951499544,-0.875609509191171,0.38461538461538475,0
2025-10-10 12:01:08.500,ACC_102,accelerometer_rms,SPAN_2,-0.3547952945851615,1.207587943699888,0.8152308650579151,0.38461538461538475,0
2025-10-10 12:01:11.500,ACC_102,accelerometer_rms,SPAN_2,-0.40378151564713693,1.0064006169840973,-0.41114041100799004,0.15384615384615385,0
2025-10-10 12:01:14.500,ACC_102,accelerometer_rms,SPAN_2,-0.36526787348873746,0.2397945326012664,-0.6067914459161265,0.6153846153846154,0
2025-10-10 12:01:17.500,ACC_102,accelerometer_rms,SPAN_2,-0.4098287758270916,0.006561996989578151,-0.006074022247996236,0.2307692307692307,0
2025-10-10 12:01:20.500,ACC_102,accelerometer_rms,SPAN_2,-0.5227991899324335,0.27915195513564955,0.7797060803710353,-0.6923076923076924,0
2025-10-10 12:01:23.500,ACC_102,accelerometer_rms,SPAN_2,-0.6269419478696461,-0.0408744291677556,-0.10934688901685972,0.3076923076923077,0
2025-10-10 12:01:26.500,ACC_102,accelerometer_rms,SPAN_2,-0.6864542913609395,0.42787060548753375,1.0199150217674529,0.6923076923076924,0
2025-10-10 12:01:29.500,ACC_102,accelerometer_rms,SPAN_2,-0.634285511481505,1.1237221306198262,-0.16314873718366144,0.9230769230769231,0
2025-10-10 12:01:32.500,ACC_102,accelerometer_rms,SPAN_2,-0.6426664659871629,0.3077124131806778,1.0146580871740154,0.0,0
2025-10-10 12:01:35.500,ACC_102,accelerometer_rms,SPAN_2,-0.6076703952204959,0.3582426093021534,-0.5947599352104893,0.7692307692307692,0
2025-10-10 12:01:38.500,ACC_102,accelerometer_rms,SPAN_2,-0.46107441914789515,0.8589454387934279,-0.1336173710063305,-0.6153846153846154,0
2025-10-10 12:01:41.500,ACC_102,accelerometer_rms,SPAN_2,-0.5048654949840983,-0.7166318947177638,0.4065086635650859,-0.5384615384615385,0
2025-10-10 12:01:44.500,ACC_102,accelerometer_rms,SPAN_2,-0.5740338152338628,-0.7164140908206115,-0.12395094201246423,-0.3076923076923077,0
2025-10-10 12:01:47.500,ACC_102,accelerometer_rms,SPAN_2,-0.5088531857299086,-1.2183334859437644,0.5840225134884608,-0.8461538461538461,0
2025-10-10 12:01:50.500,ACC_102,accelerometer_rms,SPAN_2,-0.3366449557303905,-1.2956523081581903,-1.2403931604257767,-0.6153846153846154,0
2025-10-10 12:01:53.500,ACC_102,accelerometer_rms,SPAN_2,-0.21420606134782635,-0.6273605926678836,0.48025683029399385,-0.3076923076923077,0
2025-10-10 12:01:56.500,ACC_102,accelerometer_rms,SPAN_2,-0.13351034769811296,-1.2153053435021266,-0.07495288757162721,-0.38461538461538464,0
2025-10-10 12:01:59.500,ACC_102,accelerometer_rms,SPAN_2,-0.00010370818277828803,0.4947549022434366,-0.03151622849144672,0.15384615384615385,0
2025-10-10 12:02:02.500,ACC_102,accelerometer_rms,SPAN_2,0.10688804453721781,0.13643676441877878,0.5152563838703881,-0.46153846153846156,0
2025-10-10 12:02:05.500,ACC_102,accelerometer_rms,SPAN_2,0.15712571807219577,-0.34299326932419677,0.6500345715110233,-0.6923076923076924,0
2025-10-10 12:02:08.500,ACC_102,accelerometer_rms,SPAN_2,0.24475183651516894,-1.9818291678994135,-0.9983584646139017,-0.7692307692307693,0
2025-10-10 12:02:11.500,ACC_102,accelerometer_rms,SPAN_2,0.3660026950324373,-0.5882894403375853,1.2527035638469184,-0.8461538461538461,0
2025-10-10 12:02:14.500,ACC_102,accelerometer_rms,SPAN_2,0.3511617297779482,0.4476341881717042,0.6847910631352281,0.2307692307692307,0
2025-10-10 12:02:17.500,ACC_102,accelerometer_rms,SPAN_2,0.42841511961748474,-0.19161595448029636,0.11708600937507535,0.15384615384615385,0
2025-10-10 12:02:20.500,ACC_102,accelerometer_rms,SPAN_2,0.5415973557628648,-0.13482515464373865,0.16595070630531866,0.5384615384615384,0
2025-10-10 12:02:23.500,ACC_102,accelerometer_rms,SPAN_2,0.6541476610251884,0.11737552476595609,-0.9224646301599645,0.7692307692307692,0
2025-10-10 12:02:26.500,ACC_102,accelerometer_rms,SPAN_2,0.7548100042818,-0.03054351699214595,0.016058117656329186,0.5384615384615384,0
2025-10-10 12:02:29.500,ACC_102,accelerometer_rms,SPAN_2,0.74463397705266,-0.3899311363307194,1.1256710876434284,-0.23076923076923078,0
2025-10-10 12:02:32.500,ACC_102,accelerometer_rms,SPAN_2,0.6861630176812635,-0.6537100825724292,0.25718878332066003,-0.3076923076923077,0
2025-10-10 12:02:35.500,ACC_102,accelerometer_rms,SPAN_2,0.6041444599103113,0.2605599596186365,-0.321320846547454,0.7692307692307692,0
2025-10-10 12:02:38.500,ACC_102,accelerometer_rms,SPAN_2,0.5977131521525296,0.5983831979273196,-0.7366984206320891,0.5384615384615384,0
2025-10-10 12:02:41.500,ACC_102,accelerometer_rms,SPAN_2,0.5656384013324938,0.1294189685689022,-0.11536868408302543,-0.46153846153846156,0
2025-10-10 12:02:44.500,ACC_102,accelerometer_rms,SPAN_2,0.5010742229695944,-0.2692617874446969,0.20353090321193118,-0.38461538461538464,0
2025-10-10 12:02:47.500,ACC_102,accelerometer_rms,SPAN_2,0.4496476510678358,-0.7781070102043454,-0.653316479212368,-0.15384615384615385,0
2025-10-10 12:02:50.500,ACC_102,accelerometer_rms,SPAN_2,0.33632829419696,-0.46751193519330747,0.533820597345958,-0.46153846153846156,0
2025-10-10 12:02:53.500,ACC_102,accelerometer_rms,SPAN_2,0.24096159532354536,0.04964389669107663,0.5276100943294878,0.07692307692307701,0
2025-10-10 12:02:56.500,ACC_102,accelerometer_rms,SPAN_2,0.13029800221509558,-0.8458545800805639,-0.33310697398269107,-0.46153846153846156,0
2025-10-10 12:02:59.500,ACC_102,accelerometer_rms,SPAN_2,0.036878944996467426,-0.22552569302704928,0.003967871067147919,-0.6923076923076924,0
2025-10-10 12:03:02.500,ACC_102,accelerometer_rms,SPAN_2,-0.13101321106036745,-0.3248684367680188,0.1522688303233956,-0.46153846153846156,0
2025-10-10 12:03:05.500,ACC_102,accelerometer_rms,SPAN_2,-0.1707843233158176,-1.123207967207342,-0.4517480698954712,0.07692307692307701,0
2025-10-10 12:03:08.500,ACC_102,accelerometer_rms,SPAN_2,-0.28524060159156184,-0.4072750506677137,0.04629544521390541,-0.3076923076923077,0
2025-10-10 12:03:11.500,ACC_102,accelerometer_rms,SPAN_2,-0.43876293981497383,-0.07650405559131071,-0.8707393132823438,0.6153846153846154,0
2025-10-10 12:03:14.500,ACC_102,accelerometer_rms,SPAN_2,-0.5396545898592364,1.15380399355203,-0.27605389375073675,0.7692307692307692,0
2025-10-10 12:03:17.500,ACC_102,accelerometer_rms,SPAN_2,-0.4900634579011909,-0.7384259385865043,0.7010520611460871,-0.6923076923076924,0
2025-10-10 12:03:20.500,ACC_102,accelerometer_rms,SPAN_2,-0.46675893798501494,-0.7810368606711223,-0.23153093584979492,0.0,0
2025-10-10 12:03:23.500,ACC_102,accelerometer_rms,SPAN_2,-0.5888726839104996,-0.2681750972044286,0.07147106787102171,-0.23076923076923078,0
2025-10-10 12:03:26.500,ACC_102,accelerometer_rms,SPAN_2,-0.7055217280060063,-0.4694114011483479,0.6242489468677288,0.6923076923076924,0
2025-10-10 12:03:29.500,ACC_102,accelerometer_rms,SPAN_2,-0.7556458954398703,-0.0012338087977885948,0.9343516023997548,-0.38461538461538464,0
2025-10-10 12:03:32.500,ACC_102,accelerometer_rms,SPAN_2,-0.6479595091324949,-0.6640632018460333,0.07730399635749295,-0.23076923076923078,0
2025-10-10 12:03:35.500,ACC_102,accelerometer_rms,SPAN_2,-0.5584103553350129,-0.5261374358218416,-0.5976188911979827,-0.15384615384615385,0
2025-10-10 12:03:38.500,ACC_102,accelerometer_rms,SPAN_2,-0.5345698416683212,0.7351001897299776,0.615277009744618,0.7692307692307692,0
2025-10-10 12:03:41.500,ACC_102,accelerometer_rms,SPAN_2,-0.5531630797015281,0.4119875651656154,-0.572337917919163,-0.6153846153846154,0
2025-10-10 12:03:44.500,ACC_102,accelerometer_rms,SPAN_2,-0.5889125774794798,-0.4366550477400717,0.19386282141791097,-0.3076923076923077,0
2025-10-10 12:03:47.500,ACC_102,accelerometer_rms,SPAN_2,-0.4348734978441913,0.30541467631670505,1.0816972745237112,0.9230769230769231,0
2025-10-10 12:03:50.500,ACC_102,accelerometer_rms,SPAN_2,-0.3090458088302974,1.0005131769701476,-0.3471054057538498,0.9230769230769231,0
2025-10-10 12:03:53.500,ACC_102,accelerometer_rms,SPAN_2,-0.1910491665515104,0.6775622017434141,0.4743718268707141,0.46153846153846156,0
2025-10-10 12:03:56.500,ACC_102,accelerometer_rms,SPAN_2,-0.10863455424438333,1.3409538178294285,-0.2804131526928885,-0.23076923076923078,0
2025-10-10 12:03:59.500,ACC_102,accelerometer_rms,SPAN_2,-0.05577899928952937,0.47248878320720206,-0.8720310607538523,0.6153846153846154,0
2025-10-10 12:04:02.500,ACC_102,accelerometer_rms,SPAN_2,0.13931918096358345,0.3430986626151115,0.346797732595389,0.9230769230769231,0
2025-10-10 12:04:05.500,ACC_102,accelerometer_rms,SPAN_2,0.22162844846678673,-0.5619278615335519,-0.2790058841613063,-0.6923076923076924,0
2025-10-10 12:04:08.500,ACC_102,accelerometer_rms,SPAN_2,0.2209508438765582,-0.617070834303193,-1.118950855283533,0.07692307692307701,0
2025-10-10 12:04:11.500,ACC_102,accelerometer_rms,SPAN_2,0.3868204400931808,-0.5084773758279256,-0.17877910613008655,1.0000000000000002,0
2025-10-10 12:04:14.500,ACC_102,accelerometer_rms,SPAN_2,0.5394418790819278,-0.7846944783442996,-0.13963035491224537,-0.7692307692307693,0
2025-10-10 12:04:17.500,ACC_102,accelerometer_rms,SPAN_2,0.6182637476375888,0.5563018244035625,0.1319182204182629,1.0000000000000002,0
2025-10-10 12:04:20.500,ACC_102,accelerometer_rms,SPAN_2,0.5014659019668637,0.15456522650515775,1.1001236819560856,0.38461538461538475,0
2025-10-10 12:04:23.500,ACC_102,accelerometer_rms,SPAN_2,0.5761502477361156,-0.8559219377227756,-0.17904785778197024,-0.8461538461538461,0
2025-10-10 12:04:26.500,ACC_102,accelerometer_rms,SPAN_2,0.707968824475085,-0.3497053872293933,-0.03919264765171339,-0.46153846153846156,0
2025-10-10 12:04:29.500,ACC_102,accelerometer_rms,SPAN_2,0.6780577605058344,0.08359573002884939,0.46042376129055745,-0.3076923076923077,0
2025-10-10 12:04:32.500,ACC_102,accelerometer_rms,SPAN_2,0.7365255075620548,0.8022144715702574,0.5073657513573252,0.15384615384615385,0
2025-10-10 12:04:35.500,ACC_102,accelerometer_rms,SPAN_2,0.6421527283366331,0.25775032260197756,0.8898409150761445,-0.6153846153846154,0
2025-10-10 12:04:38.500,ACC_102,accelerometer_rms,SPAN_2,0.6102965200806584,0.5903514025371854,0.4216495184757189,-0.46153846153846156,0
2025-10-10 12:04:41.500,ACC_102,accelerometer_rms,SPAN_2,0.5506443414040284,0.22653413416763793,-0.26041822464499664,0.46153846153846156,0
2025-10-10 12:04:44.500,ACC_102,accelerometer_rms,SPAN_2,0.4551595389669872,0.5304947326651432,0.3156724623668142,-0.23076923076923078,0
2025-10-10 12:04:47.500,ACC_102,accelerometer_rms,SPAN_2,0.380536000781382,0.21414535496526169,-0.010925657529861499,0.7692307692307692,0
2025-10-10 12:04:50.500,ACC_102,accelerometer_rms,SPAN_2,0.2935039656838367,-0.23892796068108238,0.6361847149923864,0.15384615384615385,0
2025-10-10 12:04:53.500,ACC_102,accelerometer_rms,SPAN_2,0.19960574426902228,-0.3948930664140496,-0.4003424498085234,0.15384615384615385,0
2025-10-10 12:04:56.500,ACC_102,accelerometer_rms,SPAN_2,0.1434009577318165,0.240027797764037,0.06302042404919493,-0.23076923076923078,0
2025-10-10 12:04:59.500,ACC_102,accelerometer_rms,SPAN_2,-0.07077010191595409,-0.5994135915083425,1.166910640562763,-0.23076923076923078,0
2025-10-10 12:05:02.500,ACC_102,accelerometer_rms,SPAN_2,-0.13026608230788073,-0.35476395278034945,-0.9867758455859426,-0.23076923076923078,0
2025-10-10 12:05:05.500,ACC_102,accelerometer_rms,SPAN_2,-0.18446350399473163,0.15063641373623915,-0.11975878894145578,-0.23076923076923078,0
2025-10-10 12:05:08.500,ACC_102,accelerometer_rms,SPAN_2,-0.181808527009099,-0.38956369877629515,-0.10118632801524696,-0.7692307692307693,0
2025-10-10 12:05:11.500,ACC_102,accelerometer_rms,SPAN_2,-0.421256514844429,-0.2181044022604844,-0.5852221233350702,-0.8461538461538461,0
2025-10-10 12:05:14.500,ACC_102,accelerometer_rms,SPAN_2,-0.524794499886132,0.791325899104355,0.1550910571293084,0.7692307692307692,0
2025-10-10 12:05:17.500,ACC_102,accelerometer_rms,SPAN_2,-0.5598388643499319,-0.3395173705098239,0.05992376710594239,-0.07692307692307701,0
2025-10-10 12:05:20.500,ACC_102,accelerometer_rms,SPAN_2,-0.699636027130213,0.19033714179752648,0.408115927371713,-0.23076923076923078,0
2025-10-10 12:05:23.500,ACC_102,accelerometer_rms,SPAN_2,-0.7366827978672399,-0.10658934447837674,-0.13193110049067178,-0.38461538461538464,0
2025-10-10 12:05:26.500,ACC_102,accelerometer_rms,SPAN_2,-0.7341386714545699,-0.7348077167746955,-0.9275334801129899,-0.5384615384615385,0
2025-10-10 12:05:29.500,ACC_102,accelerometer_rms,SPAN_2,-0.6908784526463188,1.3263239116024717,-0.7128994189988195,0.9230769230769231,0
2025-10-10 12:05:32.500,ACC_102,accelerometer_rms,SPAN_2,-0.6725117122944106,1.4283532431931276,0.23539154929356998,1.0000000000000002,0
2025-10-10 12:05:35.500,ACC_102,accelerometer_rms,SPAN_2,-0.6734750465732385,0.1359011770507363,0.03269654965816341,0.8461538461538461,0
2025-10-10 12:05:38.500,ACC_102,accelerometer_rms,SPAN_2,-0.6897403234495919,0.3690513077430664,-0.15915116324424516,-0.46153846153846156,0
2025-10-10 12:05:41.500,ACC_102,accelerometer_rms,SPAN_2,-0.586050129343708,-0.8098043215940215,-1.6240135935088047,-0.3076923076923077,0
2025-10-10 12:05:44.500,ACC_102,accelerometer_rms,SPAN_2,-0.42199642476072785,-0.6112672034355627,-0.5887413852694711,-0.3076923076923077,0
2025-10-10 12:05:47.500,ACC_102,accelerometer_rms,SPAN_2,-0.36685081325920144,-0.6613049122561863,-0.2086521571663105,-0.07692307692307701,0
2025-10-10 12:05:50.500,ACC_102,accelerometer_rms,SPAN_2,-0.3343016358492854,0.3256621529080947,0.5818597975991593,0.6153846153846154,0
2025-10-10 12:05:53.500,ACC_102,accelerometer_rms,SPAN_2,-0.30783026088167775,-0.667323335452766,-0.12832948568058875,-0.8461538461538461,0
2025-10-10 12:05:56.500,ACC_102,accelerometer_rms,SPAN_2,-0.10571666073000939,-0.8933505429602485,0.921263410923829,-0.8461538461538461,0
2025-10-10 12:05:59.500,ACC_102,accelerometer_rms,SPAN_2,-0.033577165643405564,-1.4649808301517155,-0.14711806093354007,-0.7692307692307693,0
2025-10-10 12:06:02.500,ACC_102,accelerometer_rms,SPAN_2,0.03688515718923365,-0.7935231146738766,0.07749615404107964,0.46153846153846156,0
2025-10-10 12:06:05.500,ACC_102,accelerometer_rms,SPAN_2,0.1614069792741541,0.4999781026181078,0.3929505587538604,0.38461538461538475,0
2025-10-10 12:06:08.500,ACC_102,accelerometer_rms,SPAN_2,0.3303336039670135,0.13028211710019824,-0.5392986513503508,-0.46153846153846156,0
2025-10-10 12:06:11.500,ACC_102,accelerometer_rms,SPAN_2,0.3217117701482352,-1.1358158052849263,-0.9252956863235637,-0.15384615384615385,0
2025-10-10 12:06:14.500,ACC_102,accelerometer_rms,SPAN_2,0.4082969481091618,-1.676047345876428,-1.9220261576758624,-0.46153846153846156,0
2025-10-10 12:06:17.500,ACC_102,accelerometer_rms,SPAN_2,0.753256957354776,-0.9301111750346187,0.25512707397044204,0.0,0
2025-10-10 12:06:20.500,ACC_102,accelerometer_rms,SPAN_2,0.6552626113042607,-1.8994046260444513,-0.8607741898593105,-0.6923076923076924,0
2025-10-10 12:06:23.500,ACC_102,accelerometer_rms,SPAN_2,0.6197268250226816,-0.16659963266564815,-0.6908096701601676,0.5384615384615384,0
2025-10-10 12:06:26.500,ACC_102,accelerometer_rms,SPAN_2,0.6825455899638673,0.7873659995758788,0.1544931098616151,0.38461538461538475,0
2025-10-10 12:06:29.500,ACC_102,accelerometer_rms,SPAN_2,0.6401503644623303,1.141327456725202,-0.054688376725615884,0.6923076923076924,0
2025-10-10 12:06:32.500,ACC_102,accelerometer_rms,SPAN_2,0.6426552259827415,1.128748091291316,0.013668355753704026,0.6923076923076924,0
2025-10-10 12:06:35.500,ACC_102,accelerometer_rms,SPAN_2,0.6533766863708009,-0.022785657685023736,1.07760405642032,-0.07692307692307701,0
2025-10-10 12:06:38.500,ACC_102,accelerometer_rms,SPAN_2,0.6587947578336731,-0.8687720736093335,-0.6151901547865064,-0.15384615384615385,0
2025-10-10 12:06:41.500,ACC_102,accelerometer_rms,SPAN_2,0.5717277961203066,-0.8162404687309553,-0.5578728601443582,0.2307692307692307,0
2025-10-10 12:06:44.500,ACC_102,accelerometer_rms,SPAN_2,0.47368323884753344,0.2008948155879962,-0.7161353363506371,0.0,0
2025-10-10 12:06:47.500,ACC_102,accelerometer_rms,SPAN_2,0.3437245954481392,1.0148520484632637,-0.8270340040859818,0.8461538461538461,0
2025-10-10 12:06:50.500,ACC_102,accelerometer_rms,SPAN_2,0.2841020907207832,1.2113946447359683,-0.39944562149348084,0.3076923076923077,0
2025-10-10 12:06:53.500,ACC_102,accelerometer_rms,SPAN_2,0.20803835243030547,-0.6946216655758649,-0.49609136620389016,0.07692307692307701,0
2025-10-10 12:06:56.500,ACC_102,accelerometer_rms,SPAN_2,0.11157277198986343,-0.993331203595946,0.7504829442717765,-0.7692307692307693,0
2025-10-10 12:06:59.500,ACC_102,accelerometer_rms,SPAN_2,0.017997419142031523,-0.8312304690617172,-0.0238670313560555,-0.6923076923076924,0
2025-10-10 12:07:02.500,ACC_102,accelerometer_rms,SPAN_2,-0.17616358765351686,-1.311512585484825,-0.20891993828880376,-0.3076923076923077,0
2025-10-10 12:07:05.500,ACC_102,accelerometer_rms,SPAN_2,-0.23953586967879573,-0.37489106840252967,-0.13450050206538283,-0.23076923076923078,0
2025-10-10 12:07:08.500,ACC_102,accelerometer_rms,SPAN_2,-0.21113390461560924,-0.1711783059021182,0.09620166186903807,-0.23076923076923078,0
2025-10-10 12:07:11.500,ACC_102,accelerometer_rms,SPAN_2,-0.32617200497745863,-0.7313656775775049,0.12112276219320343,-0.5384615384615385,0
2025-10-10 12:07:14.500,ACC_102,accelerometer_rms,SPAN_2,-0.46201842050677683,0.186009687726402,0.7015428486944051,0.5384615384615384,0
2025-10-10 12:07:17.500,ACC_102,accelerometer_rms,SPAN_2,-0.5290613550209656,-0.4436265765307313,-0.24025590860395157,0.5384615384615384,0
2025-10-10 12:07:20.500,ACC_102,accelerometer_rms,SPAN_2,-0.6117687050680961,0.6816048261946012,0.5014369013902269,0.0,0
2025-10-10 12:07:23.500,ACC_102,accelerometer_rms,SPAN_2,-0.6209753711778817,0.17389006254413775,-0.3355362532576407,0.0,0
2025-10-10 12:07:26.500,ACC_102,accelerometer_rms,SPAN_2,-0.5446684011011436,0.552401204604084,-1.2683388617697728,0.6923076923076924,0
2025-10-10 12:07:29.500,ACC_102,accelerometer_rms,SPAN_2,-0.641443087193504,0.5865485867131909,0.33997790662817406,0.7692307692307692,0
2025-10-10 12:07:32.500,ACC_102,accelerometer_rms,SPAN_2,-0.674377081291316,0.4973226167324847,0.39685443086207073,0.6153846153846154,0
2025-10-10 12:07:35.500,ACC_102,accelerometer_rms,SPAN_2,-0.6732375884977552,-0.9773998055009345,-0.5371297578207849,-0.6153846153846154,0
2025-10-10 12:07:38.500,ACC_102,accelerometer_rms,SPAN_2,-0.6780674426756014,0.07377797592755068,0.5578785060936478,-0.46153846153846156,0
2025-10-10 12:07:41.500,ACC_102,accelerometer_rms,SPAN_2,-0.6014031427136814,0.4613432537051389,0.40612854055749653,-0.8461538461538461,0
2025-10-10 12:07:44.500,ACC_102,accelerometer_rms,SPAN_2,-0.4896435593948995,0.37496893714429486,0.8415445605778992,0.7692307692307692,0
2025-10-10 12:07:47.500,ACC_102,accelerometer_rms,SPAN_2,-0.5036979128983335,0.5374306036770845,1.3693973875502894,0.6923076923076924,0
2025-10-10 12:07:50.500,ACC_102,accelerometer_rms,SPAN_2,-0.419132490019061,-0.01956414214465032,0.9559419243517285,-0.5384615384615385,0
2025-10-10 12:07:53.500,ACC_102,accelerometer_rms,SPAN_2,-0.23156256595201027,0.5873268906503191,0.0008797276716484903,1.0000000000000002,0
2025-10-10 12:07:56.500,ACC_102,accelerometer_rms,SPAN_2,-0.16834326090051463,0.8313199910124619,-0.7565821773046774,0.2307692307692307,0
2025-10-10 12:07:59.500,ACC_102,accelerometer_rms,SPAN_2,-0.07016866606645887,1.0658193336489585,0.14397194212088674,1.0000000000000002,0
2025-10-10 12:08:02.500,ACC_102,accelerometer_rms,SPAN_2,0.154675957418451,0.5395919915658975,0.6339328720323079,0.7692307692307692,0
2025-10-10 12:08:05.500,ACC_102,accelerometer_rms,SPAN_2,0.20095159648614794,0.5205925195968816,0.5039839760425813,0.2307692307692307,0
2025-10-10 12:08:08.500,ACC_102,accelerometer_rms,SPAN_2,0.2688988052982441,0.26134411391671014,0.36417001045487113,0.7692307692307692,0
2025-10-10 12:08:11.500,ACC_102,accelerometer_rms,SPAN_2,0.39600392676144175,1.0006546923889017,-0.19871833643111897,0.38461538461538475,0
2025-10-10 12:08:14.500,ACC_102,accelerometer_rms,SPAN_2,0.47264399812451563,0.9136849693241821,-0.1018684274511901,0.7692307692307692,0
2025-10-10 12:08:17.500,ACC_102,accelerometer_rms,SPAN_2,0.541134855697767,-0.2891626954619456,-0.7954232173559537,0.0,0
2025-10-10 12:08:20.500,ACC_102,accelerometer_rms,SPAN_2,0.6727839801568789,0.8732681675155244,0.13468130836540987,0.6153846153846154,0
2025-10-10 12:08:23.500,ACC_102,accelerometer_rms,SPAN_2,0.6701111801979674,0.4463587366035067,-0.5472769656811272,0.3076923076923077,0
2025-10-10 12:08:26.500,ACC_102,accelerometer_rms,SPAN_2,0.6139400408194665,0.41852161030955204,-0.318787457243237,0.3076923076923077,0
2025-10-10 12:08:29.500,ACC_102,accelerometer_rms,SPAN_2,0.6610460536466871,-0.6261117839697568,0.0418917973484729,0.2307692307692307,0
2025-10-10 12:08:32.500,ACC_102,accelerometer_rms,SPAN_2,0.739119586239625,-0.6953693807181428,0.3958277687621365,-0.6153846153846154,0
2025-10-10 12:08:35.500,ACC_102,accelerometer_rms,SPAN_2,0.7232229114095985,-0.9559699402023991,0.22940095310780448,-0.7692307692307693,0
2025-10-10 12:08:38.500,ACC_102,accelerometer_rms,SPAN_2,0.6623301019786214,-0.8870686975762434,-0.1885893760237771,-0.7692307692307693,0
2025-10-10 12:08:41.500,ACC_102,accelerometer_rms,SPAN_2,0.5883042061268899,-0.5495384819247189,0.6791042763520785,-0.6923076923076924,0
2025-10-10 12:08:44.500,ACC_102,accelerometer_rms,SPAN_2,0.5367354714043857,-0.3974123293695943,0.16630528993560306,-0.46153846153846156,0
2025-10-10 12:08:47.500,ACC_102,accelerometer_rms,SPAN_2,0.4061071004620879,-0.2467990245568509,0.38593439842791155,0.15384615384615385,0
2025-10-10 12:08:50.500,ACC_102,accelerometer_rms,SPAN_2,0.3122252010857215,0.045693214473913266,-0.5962425476171643,0.15384615384615385,0
2025-10-10 12:08:53.500,ACC_102,accelerometer_rms,SPAN_2,0.2522151542741257,-0.45804511707032153,-0.18303137099136735,-0.5384615384615385,0
2025-10-10 12:08:56.500,ACC_102,accelerometer_rms,SPAN_2,0.09275867438210435,-0.04282832867496921,-1.8361053868369186,0.7692307692307692,0
2025-10-10 12:08:59.500,ACC_102,accelerometer_rms,SPAN_2,0.0007205666155390139,0.3371119631928039,0.5477832840949457,0.6923076923076924,0
2025-10-10 12:09:02.500,ACC_102,accelerometer_rms,SPAN_2,-0.07657948997638422,-0.17674671295557182,1.0955375365053397,0.6153846153846154,0
2025-10-10 12:09:05.500,ACC_102,accelerometer_rms,SPAN_2,-0.21691446109505044,-0.843840003931196,0.2801904398963678,-0.8461538461538461,0
2025-10-10 12:09:08.500,ACC_102,accelerometer_rms,SPAN_2,-0.33657119255813867,-0.22703945799797598,0.5710027911955358,-0.07692307692307701,0
2025-10-10 12:09:11.500,ACC_102,accelerometer_rms,SPAN_2,-0.3793379735839191,0.25420951934445646,0.2723347310013762,-0.07692307692307701,0
2025-10-10 12:09:14.500,ACC_102,accelerometer_rms,SPAN_2,-0.5023349485956471,-0.8192361808274129,0.9552476265215128,-0.3076923076923077,0
2025-10-10 12:09:17.500,ACC_102,accelerometer_rms,SPAN_2,-0.5335430876819364,0.17701088511947166,1.4721549220760235,-0.15384615384615385,0
2025-10-10 12:09:20.500,ACC_102,accelerometer_rms,SPAN_2,-0.49812207393097785,1.3304217973909767,-2.1166146816777727,0.38461538461538475,0
2025-10-10 12:09:23.500,ACC_102,accelerometer_rms,SPAN_2,-0.6233429529010879,0.3854644464209439,-0.5394898366899353,-0.6153846153846154,0
2025-10-10 12:09:26.500,ACC_102,accelerometer_rms,SPAN_2,-0.6241122307618775,0.2940135898624711,-0.1627721232700097,0.6923076923076924,0
2025-10-10 12:09:29.500,ACC_102,accelerometer_rms,SPAN_2,-0.6443180227710242,0.4043303143462386,0.11678124867077194,0.6923076923076924,0
2025-10-10 12:09:32.500,ACC_102,accelerometer_rms,SPAN_2,-0.6915995484432504,-0.38292109418376924,0.4309760617594768,0.38461538461538475,0
2025-10-10 12:09:35.500,ACC_102,accelerometer_rms,SPAN_2,-0.6655304506195414,-1.3266455021072094,-0.3830359034912432,-0.6923076923076924,0
2025-10-10 12:09:38.500,ACC_102,accelerometer_rms,SPAN_2,-0.5887967424721569,-0.12331167334614078,0.7198330101684539,-0.07692307692307701,0
2025-10-10 12:09:41.500,ACC_102,accelerometer_rms,SPAN_2,-0.6352833487138294,-0.30668901752912436,-0.3256796995644473,0.6923076923076924,0
2025-10-10 12:09:44.500,ACC_102,accelerometer_rms,SPAN_2,-0.6379610720332937,-0.495028396416033,1.0190278243825963,-0.8461538461538461,0
2025-10-10 12:09:47.500,ACC_102,accelerometer_rms,SPAN_2,-0.4390725143975556,0.35114191156226554,-0.32729591714845785,-0.07692307692307701,0
2025-10-10 12:09:50.500,ACC_102,accelerometer_rms,SPAN_2,-0.29756444394030857,-0.043216893343844764,-1.7316839743823964,-0.3076923076923077,0
2025-10-10 12:09:53.500,ACC_102,accelerometer_rms,SPAN_2,-0.19367278366912705,-0.5306177353783395,-1.3577436004686398,-0.3076923076923077,0
2025-10-10 12:09:56.500,ACC_102,accelerometer_rms,SPAN_2,-0.09291429998830637,0.6569905123257451,-0.15293928782109786,0.6923076923076924,0
2025-10-10 12:09:59.500,ACC_102,accelerometer_rms,SPAN_2,-0.0949988681520021,0.05141075762945676,0.18436079488757015,0.7692307692307692,0
2025-10-10 12:10:02.500,ACC_102,accelerometer_rms,SPAN_2,0.0372637206820835,0.3542199233119172,-0.677374435862886,-0.15384615384615385,0
2025-10-10 12:10:05.500,ACC_102,accelerometer_rms,SPAN_2,0.17452523739267697,-0.5742776853826367,-0.35681086493004766,0.38461538461538475,0
2025-10-10 12:10:08.500,ACC_102,accelerometer_rms,SPAN_2,0.32598497099043827,-0.8939702943613699,0.3065141519450839,-0.7692307692307693,0
2025-10-10 12:10:11.500,ACC_102,accelerometer_rms,SPAN_2,0.31443786997750206,-0.25531002107869294,1.0679447330644332,-0.7692307692307693,0
2025-10-10 12:10:14.500,ACC_102,accelerometer_rms,SPAN_2,0.487940549254281,-0.42162941259336356,-0.00027797073076710785,-0.8461538461538461,0
2025-10-10 12:10:17.500,ACC_102,accelerometer_rms,SPAN_2,0.5744670985710955,-0.23233126352058076,-0.7448118828114908,0.8461538461538461,0
2025-10-10 12:10:20.500,ACC_102,accelerometer_rms,SPAN_2,0.5888734444254108,-0.9200935862562233,-1.291095423757485,-0.46153846153846156,0
2025-10-10 12:10:23.500,ACC_102,accelerometer_rms,SPAN_2,0.6092153711366833,-0.3368860112536301,-0.7142847658778904,-0.5384615384615385,0
2025-10-10 12:10:26.500,ACC_102,accelerometer_rms,SPAN_2,0.6623813321046788,0.3433626801628064,0.24689226850228818,-0.46153846153846156,0
2025-10-10 12:10:29.500,ACC_102,accelerometer_rms,SPAN_2,0.6784534611672478,0.21243888638956493,1.004724604233055,-0.6153846153846154,0
2025-10-10 12:10:32.500,ACC_102,accelerometer_rms,SPAN_2,0.7257244382138388,-0.9242570852482066,0.30687378248904296,0.6153846153846154,0
2025-10-10 12:10:35.500,ACC_102,accelerometer_rms,SPAN_2,0.7650469497760434,-0.971469778962757,0.6440195874580794,0.2307692307692307,0
2025-10-10 12:10:38.500,ACC_102,accelerometer_rms,SPAN_2,0.7130553064181528,0.07906743027709198,0.7977935671305841,-0.23076923076923078,0
2025-10-10 12:10:41.500,ACC_102,accelerometer_rms,SPAN_2,0.5868122095464988,0.520373400300689,-0.18811959062289538,0.6923076923076924,0
2025-10-10 12:10:44.500,ACC_102,accelerometer_rms,SPAN_2,0.5523920589651417,-0.2692380379432402,-1.2918982064539084,0.6923076923076924,0
2025-10-10 12:10:47.500,ACC_102,accelerometer_rms,SPAN_2,0.3067884683350986,0.012134344860850105,0.24463049673783688,0.15384615384615385,0
2025-10-10 12:10:50.500,ACC_102,accelerometer_rms,SPAN_2,0.2625903206502233,0.020293172876492297,-0.32882122196023383,0.07692307692307701,0
2025-10-10 12:10:53.500,ACC_102,accelerometer_rms,SPAN_2,0.14650057933945423,0.787614323827469,0.07424405282249305,-0.5384615384615385,0
2025-10-10 12:10:56.500,ACC_102,accelerometer_rms,SPAN_2,0.1167936922353688,0.8625860479183303,-0.16810374839055062,1.0000000000000002,0
2025-10-10 12:10:59.500,ACC_102,accelerometer_rms,SPAN_2,-0.07993929668150976,-1.3027966451187463,-0.08771433444618275,-0.7692307692307693,0
2025-10-10 12:11:02.500,ACC_102,accelerometer_rms,SPAN_2,-0.1641710000585691,-0.8679737269419447,-0.4681718223711345,-0.7692307692307693,0
2025-10-10 12:11:05.500,ACC_102,accelerometer_rms,SPAN_2,-0.2596684195211124,0.21425195622471507,0.8614989261903634,-0.15384615384615385,0
2025-10-10 12:11:08.500,ACC_102,accelerometer_rms,SPAN_2,-0.3379861204217976,-0.09083187648875303,0.4599179941163521,0.6153846153846154,0
2025-10-10 12:11:11.500,ACC_102,accelerometer_rms,SPAN_2,-0.3223447089479625,-0.8348623055681611,0.5568388492692171,-0.5384615384615385,0
2025-10-10 12:11:14.500,ACC_102,accelerometer_rms,SPAN_2,-0.48917588873205625,0.06981840102381952,0.13889704251778953,-0.6153846153846154,0
2025-10-10 12:11:17.500,ACC_102,accelerometer_rms,SPAN_2,-0.6707356802697921,0.5516154981739114,-0.25860094931037375,0.7692307692307692,0
2025-10-10 12:11:20.500,ACC_102,accelerometer_rms,SPAN_2,-0.8030526164820544,0.35427738396223074,1.0536549810141393,0.15384615384615385,0
2025-10-10 12:11:23.500,ACC_102,accelerometer_rms,SPAN_2,-0.7665100052543423,0.095241489115852,0.47216737417781923,-0.15384615384615385,0
2025-10-10 12:11:26.500,ACC_102,accelerometer_rms,SPAN_2,-0.6958913544918038,0.2290063733593526,0.7330678633550927,0.38461538461538475,0
2025-10-10 12:11:29.500,ACC_102,accelerometer_rms,SPAN_2,-0.5672804734111491,1.2760245548857858,-1.7934481448054973,0.6153846153846154,0
2025-10-10 12:11:32.500,ACC_102,accelerometer_rms,SPAN_2,-0.6150694132039065,0.6830960201267611,1.4025290371267651,1.0000000000000002,0
2025-10-10 12:11:35.500,ACC_102,accelerometer_rms,SPAN_2,-0.7597755178508967,-0.29698681795619375,0.41635089804813813,-0.38461538461538464,0
2025-10-10 12:11:38.500,ACC_102,accelerometer_rms,SPAN_2,-0.6884989924143801,-1.7610848784698125,-0.41111531186301303,-0.8461538461538461,0
2025-10-10 12:11:41.500,ACC_102,accelerometer_rms,SPAN_2,-0.4853404546218439,-0.6224706814119827,0.6939932745754435,-0.6923076923076924,0
2025-10-10 12:11:44.500,ACC_102,accelerometer_rms,SPAN_2,-0.39459161406461124,-0.7147060255057831,1.0679751327741773,0.2307692307692307,0
2025-10-10 12:11:47.500,ACC_102,accelerometer_rms,SPAN_2,-0.3662280778416971,-0.17361397370517367,-0.20760381144839832,0.3076923076923077,0
2025-10-10 12:11:50.500,ACC_102,accelerometer_rms,SPAN_2,-0.4565021701298821,0.6062723315369845,-1.514982122237045,0.3076923076923077,0
2025-10-10 12:11:53.500,ACC_102,accelerometer_rms,SPAN_2,-0.3889295141327345,-0.35542512325399367,1.1216814189694668,-0.46153846153846156,0
2025-10-10 12:11:56.500,ACC_102,accelerometer_rms,SPAN_2,-0.24856051888356773,-0.17050068269434157,-0.19069726872080192,-0.7692307692307693,0
2025-10-10 12:11:59.500,ACC_102,accelerometer_rms,SPAN_2,-0.0641900827706995,-0.24733953984221757,0.22584037299412701,-0.3076923076923077,0
2025-10-10 12:12:02.500,ACC_102,accelerometer_rms,SPAN_2,0.04391786835218955,0.37421620895524643,-0.09498278048354152,0.46153846153846156,0
2025-10-10 12:12:05.500,ACC_102,accelerometer_rms,SPAN_2,0.11242013702335588,-0.19269257914884355,0.22175666175707556,-0.7692307692307693,0
2025-10-10 12:12:08.500,ACC_102,accelerometer_rms,SPAN_2,0.287196862534908,-1.0749909809582836,1.5382244690824716,-0.6153846153846154,0
2025-10-10 12:12:11.500,ACC_102,accelerometer_rms,SPAN_2,0.4489018729716879,0.4726966539433154,0.173799364888002,0.3076923076923077,0
2025-10-10 12:12:14.500,ACC_102,accelerometer_rms,SPAN_2,0.5202033187530566,0.3459769732647813,0.3589920833255131,-0.15384615384615385,0
2025-10-10 12:12:17.500,ACC_102,accelerometer_rms,SPAN_2,0.49775922484156004,-0.08859466610708522,0.5387732005014548,-0.15384615384615385,0
2025-10-10 12:12:20.500,ACC_102,accelerometer_rms,SPAN_2,0.538584397482496,-0.11603479917061672,0.17440163982483267,-0.5384615384615385,0
2025-10-10 12:12:23.500,ACC_102,accelerometer_rms,SPAN_2,0.6753229452019984,-0.18676491831585712,-0.567776783262782,-0.38461538461538464,0
2025-10-10 12:12:26.500,ACC_102,accelerometer_rms,SPAN_2,0.7267437095372824,0.4393812699620554,0.22417268049304465,-0.07692307692307701,0
2025-10-10 12:12:29.500,ACC_102,accelerometer_rms,SPAN_2,0.6928130006088877,-0.026359831411982126,-1.2598893012268628,0.2307692307692307,0
2025-10-10 12:12:32.500,ACC_102,accelerometer_rms,SPAN_2,0.6720174527174685,0.8514856429155072,-1.2420669253212977,0.5384615384615384,0
2025-10-10 12:12:35.500,ACC_102,accelerometer_rms,SPAN_2,0.7294693834249913,-0.2182043376183311,0.7341256693857929,-0.15384615384615385,0
2025-10-10 12:12:38.500,ACC_102,accelerometer_rms,SPAN_2,0.63162754556444,-0.07576624454444192,0.25577232368813363,-0.3076923076923077,0
2025-10-10 12:12:41.500,ACC_102,accelerometer_rms,SPAN_2,0.4972986133887216,-0.9073374050871197,-0.05253438620722433,-0.3076923076923077,0
2025-10-10 12:12:44.500,ACC_102,accelerometer_rms,SPAN_2,0.51776605344775,-0.5899538603184562,0.2187423039807392,-0.23076923076923078,0
2025-10-10 12:12:47.500,ACC_102,accelerometer_rms,SPAN_2,0.40112885510267676,-0.684465796628085,0.5009033414993669,0.8461538461538461,0
2025-10-10 12:12:50.500,ACC_102,accelerometer_rms,SPAN_2,0.3418532672986465,-0.6279619904036439,0.7121904769069262,0.07692307692307701,0
2025-10-10 12:12:53.500,ACC_102,accelerometer_rms,SPAN_2,0.30713564741580396,-0.866117212604504,-2.023261900779637,0.15384615384615385,0
2025-10-10 12:12:56.500,ACC_102,accelerometer_rms,SPAN_2,0.16939863844908917,-0.41504519239066645,-0.9894025350212707,0.5384615384615384,0
2025-10-10 12:12:59.500,ACC_102,accelerometer_rms,SPAN_2,-0.049023359140563515,0.32562387335775694,0.24611854493635044,0.0,0
2025-10-10 12:13:02.500,ACC_102,accelerometer_rms,SPAN_2,-0.09185288760559648,-0.5969982199917429,0.4894936943766502,-0.6923076923076924,0
2025-10-10 12:13:05.500,ACC_102,accelerometer_rms,SPAN_2,-0.2004742633458507,0.27867049703412416,-0.37209739583373785,0.3076923076923077,0
2025-10-10 12:13:08.500,ACC_102,accelerometer_rms,SPAN_2,-0.33902088021225585,0.7250056491512459,0.4289780712851073,0.6923076923076924,0
2025-10-10 12:13:11.500,ACC_102,accelerometer_rms,SPAN_2,-0.46960646352539587,-1.1153496218111627,-0.31554488758869115,-0.3076923076923077,0
2025-10-10 12:13:14.500,ACC_102,accelerometer_rms,SPAN_2,-0.5803662962284596,-1.576036354099428,-0.724271412726369,-0.38461538461538464,0
2025-10-10 12:13:17.500,ACC_102,accelerometer_rms,SPAN_2,-0.5509669603319598,-0.8524022882206087,0.3310423602469285,-0.5384615384615385,0
2025-10-10 12:13:20.500,ACC_102,accelerometer_rms,SPAN_2,-0.571998214774329,0.5255219272444935,-0.036253353163821916,0.07692307692307701,0
2025-10-10 12:13:23.500,ACC_102,accelerometer_rms,SPAN_2,-0.704403827121001,-1.2193497091352046,0.37786938523307867,0.0,0
2025-10-10 12:13:26.500,ACC_102,accelerometer_rms,SPAN_2,-0.7803650064210873,-1.119591253513317,-0.10390346759482777,-0.38461538461538464,0
2025-10-10 12:13:29.500,ACC_102,accelerometer_rms,SPAN_2,-0.8077474717114929,-0.7327763748754701,0.2241860109428459,-0.8461538461538461,0
2025-10-10 12:13:32.500,ACC_102,accelerometer_rms,SPAN_2,-0.6662420503557956,0.020951429738649087,0.1910061923739645,0.3076923076923077,0
2025-10-10 12:13:35.500,ACC_102,accelerometer_rms,SPAN_2,-0.7392001964192445,0.37085617794340375,-0.8166270009353699,0.46153846153846156,0
2025-10-10 12:13:38.500,ACC_102,accelerometer_rms,SPAN_2,-0.6922955689412688,0.490413049796277,-0.5016678586650286,-0.15384615384615385,0
2025-10-10 12:13:41.500,ACC_102,accelerometer_rms,SPAN_2,-0.6181995741972931,-0.24558163768458824,0.959758387948428,0.3076923076923077,0
2025-10-10 12:13:44.500,ACC_102,accelerometer_rms,SPAN_2,-0.5236704801257095,0.49313899470318767,-0.14275039859805488,0.2307692307692307,0
2025-10-10 12:13:47.500,ACC_102,accelerometer_rms,SPAN_2,-0.5089911048851172,1.3110496066031696,-1.4428266863485284,1.0000000000000002,0
2025-10-10 12:13:50.500,ACC_102,accelerometer_rms,SPAN_2,-0.3925929966710784,0.18879308706341452,0.40114186621011527,0.9230769230769231,0
2025-10-10 12:13:53.500,ACC_102,accelerometer_rms,SPAN_2,-0.24491856239040763,0.2198023075761691,0.8936807823755817,0.46153846153846156,0
2025-10-10 12:13:56.500,ACC_102,accelerometer_rms,SPAN_2,-0.14034233088413503,1.0226116972010728,0.920003929635398,0.46153846153846156,0
2025-10-10 12:13:59.500,ACC_102,accelerometer_rms,SPAN_2,-0.05571328492437042,-0.8143314934204404,0.9532606703319902,-0.6923076923076924,0
2025-10-10 12:14:02.500,ACC_102,accelerometer_rms,SPAN_2,0.04264496345617134,-1.1154189476395209,-0.999298939014817,-0.7692307692307693,0
2025-10-10 12:14:05.500,ACC_102,accelerometer_rms,SPAN_2,0.19969503612377354,0.2210951126720476,0.09646609920046331,-0.07692307692307701,0
2025-10-10 12:14:08.500,ACC_102,accelerometer_rms,SPAN_2,0.40952928020185964,0.7151046547709073,0.3407193867135873,0.07692307692307701,0
2025-10-10 12:14:11.500,ACC_102,accelerometer_rms,SPAN_2,0.4320044362138024,0.137473276219883,-0.6017345727015126,0.07692307692307701,0
2025-10-10 12:14:14.500,ACC_102,accelerometer_rms,SPAN_2,0.48496365707903016,-0.6397304793986415,-1.5549836145130986,0.07692307692307701,0
2025-10-10 12:14:17.500,ACC_102,accelerometer_rms,SPAN_2,0.5222192707331788,0.7661379053607538,0.30685789769507194,0.6923076923076924,0
2025-10-10 12:14:20.500,ACC_102,accelerometer_rms,SPAN_2,0.6128652190702236,0.32045755984904384,-0.8817567840174949,-0.23076923076923078,0
2025-10-10 12:14:23.500,ACC_102,accelerometer_rms,SPAN_2,0.6098010129385006,-0.34807913542387015,0.9381113206849659,-0.23076923076923078,0
2025-10-10 12:14:26.500,ACC_102,accelerometer_rms,SPAN_2,0.7590974783397996,-0.8538927833594843,-0.059026011117664416,-0.38461538461538464,0
2025-10-10 12:14:29.500,ACC_102,accelerometer_rms,SPAN_2,0.7335177962428997,-1.5470872938029736,-0.48062139845194063,-0.38461538461538464,0
2025-10-10 12:14:32.500,ACC_102,accelerometer_rms,SPAN_2,0.6582203375966422,-1.1870098581015849,-1.1988728561298843,-0.46153846153846156,0
2025-10-10 12:14:35.500,ACC_102,accelerometer_rms,SPAN_2,0.6878922566656986,1.047872360529057,0.6392939434782249,1.0000000000000002,0
2025-10-10 12:14:38.500,ACC_102,accelerometer_rms,SPAN_2,0.6953330564487372,0.02717822622671169,0.009908490028293766,0.3076923076923077,0
2025-10-10 12:14:41.500,ACC_102,accelerometer_rms,SPAN_2,0.5115304908734353,-0.07223659126186394,0.7789043041022721,0.6153846153846154,0
2025-10-10 12:14:44.500,ACC_102,accelerometer_rms,SPAN_2,0.4522196202812918,-0.047125412956268986,0.29502111362212996,0.46153846153846156,0
2025-10-10 12:14:47.500,ACC_102,accelerometer_rms,SPAN_2,0.30616523095008275,0.8922981030767965,-0.8148928100317413,0.5384615384615384,0
2025-10-10 12:14:50.500,ACC_102,accelerometer_rms,SPAN_2,0.29379566568512544,-0.7907143809430482,-1.0578759312175678,-0.7692307692307693,0
2025-10-10 12:14:53.500,ACC_102,accelerometer_rms,SPAN_2,0.28333203311382665,-0.04105663251987059,-0.20210089098828282,-0.07692307692307701,0
2025-10-10 12:14:56.500,ACC_102,accelerometer_rms,SPAN_2,0.13725316263478196,0.17798352831578806,-0.08145903657654424,-0.23076923076923078,0
2025-10-10 12:14:59.500,ACC_102,accelerometer_rms,SPAN_2,-0.04730177382821132,0.46017035983920973,0.7218212948265688,0.3076923076923077,0
2025-10-10 12:15:02.500,ACC_102,accelerometer_rms,SPAN_2,-0.10853647014197872,0.2221738204748104,0.5575206053267041,-0.3076923076923077,0
2025-10-10 12:15:05.500,ACC_102,accelerometer_rms,SPAN_2,-0.21968856770158937,0.9648205899292348,-0.23390870559470348,0.6923076923076924,0
2025-10-10 12:15:08.500,ACC_102,accelerometer_rms,SPAN_2,-0.3477451855195672,0.3047735928209937,0.9597158951439113,0.8461538461538461,0
2025-10-10 12:15:11.500,ACC_102,accelerometer_rms,SPAN_2,-0.5368311242022564,0.4257912703892876,-0.1335130208245236,0.2307692307692307,0
2025-10-10 12:15:14.500,ACC_102,accelerometer_rms,SPAN_2,-0.4937863428900358,-0.321633657077627,0.1057572577859189,0.2307692307692307,0
2025-10-10 12:15:17.500,ACC_102,accelerometer_rms,SPAN_2,-0.40765033799025285,-0.953447860503015,1.2465882017645138,-0.38461538461538464,0
2025-10-10 12:15:20.500,ACC_102,accelerometer_rms,SPAN_2,-0.5200324622292688,-0.7751439235182581,-0.2560412426090957,-0.8461538461538461,0
2025-10-10 12:15:23.500,ACC_102,accelerometer_rms,SPAN_2,-0.7773907009141834,-0.9175389098835757,-1.5317794363342176,-0.7692307692307693,0
2025-10-10 12:15:26.500,ACC_102,accelerometer_rms,SPAN_2,-0.7584346424186501,-0.061203513199111985,1.0023506426144995,0.0,0
2025-10-10 12:15:29.500,ACC_102,accelerometer_rms,SPAN_2,-0.6853113863689955,0.3436386138435478,-0.08654079545559838,-0.6923076923076924,0
2025-10-10 12:15:32.500,ACC_102,accelerometer_rms,SPAN_2,-0.6887130903020382,-0.8747217561383013,-0.17085413097053773,-0.6923076923076924,0
2025-10-10 12:15:35.500,ACC_102,accelerometer_rms,SPAN_2,-0.6573938987436354,-2.0700248161873436,-0.9642769432402757,-0.5384615384615385,0
2025-10-10 12:15:38.500,ACC_102,accelerometer_rms,SPAN_2,-0.6284001148280737,-0.18777972898562303,-0.17369973899254587,-0.3076923076923077,0
2025-10-10 12:15:41.500,ACC_102,accelerometer_rms,SPAN_2,-0.624107970287773,-0.5120242472900408,0.5623426097141414,-0.6923076923076924,0
2025-10-10 12:15:44.500,ACC_102,accelerometer_rms,SPAN_2,-0.4311683531378792,-0.7936351949024638,-0.038206481266834,-0.6153846153846154,0
2025-10-10 12:15:47.500,ACC_102,accelerometer_rms,SPAN_2,-0.35821516561478584,0.02903562211340077,0.8615957309071868,0.0,0
2025-10-10 12:15:50.500,ACC_102,accelerometer_rms,SPAN_2,-0.3099627021072702,-0.19219256792057385,-0.014618937852131688,0.0,0
2025-10-10 12:15:53.500,ACC_102,accelerometer_rms,SPAN_2,-0.27249519927749827,0.9365914280701271,0.4361284592758608,0.7692307692307692,0
2025-10-10 12:15:56.500,ACC_102,accelerometer_rms,SPAN_2,-0.21953805236162502,-0.032844219011666224,0.4576819761119666,0.9230769230769231,0
2025-10-10 12:15:59.500,ACC_102,accelerometer_rms,SPAN_2,-0.08633465347823403,-0.5984218714987587,-0.39511749632713933,-0.8461538461538461,0
2025-10-10 12:16:02.500,ACC_102,accelerometer_rms,SPAN_2,0.17486516624482365,0.2540221160846236,0.33954295616403635,0.2307692307692307,0
2025-10-10 12:16:05.500,ACC_102,accelerometer_rms,SPAN_2,0.2077833957664873,0.15708049762103707,-0.711611173203722,0.3076923076923077,0
2025-10-10 12:16:08.500,ACC_102,accelerometer_rms,SPAN_2,0.4352659126865395,-0.702513545855879,0.6576087617081684,-0.7692307692307693,0
2025-10-10 12:16:11.500,ACC_102,accelerometer_rms,SPAN_2,0.3915639350375956,-1.241059418682266,-0.07888207418627224,-0.07692307692307701,0
2025-10-10 12:16:14.500,ACC_102,accelerometer_rms,SPAN_2,0.45397626618686865,-0.6294391698506524,0.7626137436245229,-0.8461538461538461,0
2025-10-10 12:16:17.500,ACC_102,accelerometer_rms,SPAN_2,0.5794473443919366,-0.1937828606741377,0.8963228623601172,0.15384615384615385,0
2025-10-10 12:16:20.500,ACC_102,accelerometer_rms,SPAN_2,0.6700554340500068,0.25530968130764703,1.1458233553926136,0.2307692307692307,0
2025-10-10 12:16:23.500,ACC_102,accelerometer_rms,SPAN_2,0.6476210616325584,0.15301561094183783,-0.8081570688225228,0.3076923076923077,0
2025-10-10 12:16:26.500,ACC_102,accelerometer_rms,SPAN_2,0.6945061946482013,0.10884703203593446,0.15812269395138265,0.2307692307692307,0
2025-10-10 12:16:29.500,ACC_102,accelerometer_rms,SPAN_2,0.6444323237114369,0.09178962838947588,0.5619832895625315,0.07692307692307701,0
2025-10-10 12:16:32.500,ACC_102,accelerometer_rms,SPAN_2,0.8464627314337925,-1.2211991305118295,0.3938558976507337,-0.8461538461538461,0
2025-10-10 12:16:35.500,ACC_102,accelerometer_rms,SPAN_2,0.8555769746647557,-0.42321143484899554,0.019167891942500716,0.6923076923076924,0
2025-10-10 12:16:38.500,ACC_102,accelerometer_rms,SPAN_2,3.394239912508998,-5.262600470025994,-9.923187459655221,-0.8461538461538461,1
2025-10-10 12:16:41.500,ACC_102,accelerometer_rms,SPAN_2,7.275036716887037,-4.785348944960927,-7.487907962618139,-0.8461538461538461,1
2025-10-10 12:16:44.500,ACC_102,accelerometer_rms,SPAN_2,8.23397432402286,-0.7624238387910204,0.26761582302319153,-0.5384615384615385,1
2025-10-10 12:16:47.500,ACC_102,accelerometer_rms,SPAN_2,8.161282658847199,-0.34963734557881876,-0.15139388615774022,-0.6153846153846154,1
2025-10-10 12:16:50.500,ACC_102,accelerometer_rms,SPAN_2,8.085330569945276,-0.6568310470331468,-0.9983180462793718,0.07692307692307701,1
2025-10-10 12:16:53.500,ACC_102,accelerometer_rms,SPAN_2,7.939010047525149,-0.7493155557042306,0.2294878029408535,0.38461538461538475,1
2025-10-10 12:16:56.500,ACC_102,accelerometer_rms,SPAN_2,7.824511145099533,-0.9683794057971759,-0.810150391896103,-0.5384615384615385,1
2025-10-10 12:16:59.500,ACC_102,accelerometer_rms,SPAN_2,7.728525714778235,-0.8326756730728802,0.03509342870271484,-0.23076923076923078,1
2025-10-10 12:17:02.500,ACC_102,accelerometer_rms,SPAN_2,7.745282848539028,-0.43352152121752413,-0.0961365230073109,0.38461538461538475,1
2025-10-10 12:17:05.500,ACC_102,accelerometer_rms,SPAN_2,4.262259531012777,-5.170178133154813,-11.7653398557374,-0.8461538461538461,1
2025-10-10 12:17:08.500,ACC_102,accelerometer_rms,SPAN_2,-0.2852676900479074,-0.7306875000724362,-0.8041943964051339,-0.07692307692307701,0
2025-10-10 12:17:11.500,ACC_102,accelerometer_rms,SPAN_2,-0.3713563084601238,0.007818925431885409,-0.07577689480298659,-0.15384615384615385,0
2025-10-10 12:17:14.500,ACC_102,accelerometer_rms,SPAN_2,-0.5347947194892356,0.9498704271774105,0.3002786883725818,0.6153846153846154,0
2025-10-10 12:17:17.500,ACC_102,accelerometer_rms,SPAN_2,-0.6265747027791615,0.499384421827357,0.6983894353919459,0.5384615384615384,0
2025-10-10 12:17:20.500,ACC_102,accelerometer_rms,SPAN_2,-0.720983320417969,-0.9360928663961001,1.0404541507286953,-0.7692307692307693,0
2025-10-10 12:17:23.500,ACC_102,accelerometer_rms,SPAN_2,-0.7413806935708316,-0.9943974917040891,0.018970580736120558,-0.46153846153846156,0
2025-10-10 12:17:26.500,ACC_102,accelerometer_rms,SPAN_2,-0.6623792999351968,-0.0864978219050755,-0.16966228221792296,0.15384615384615385,0
2025-10-10 12:17:29.500,ACC_102,accelerometer_rms,SPAN_2,-0.6846418474052579,1.3680494964172276,-2.519070092487058,0.6923076923076924,0
2025-10-10 12:17:32.500,ACC_102,accelerometer_rms,SPAN_2,-0.6893177159334283,0.5099388588512536,-0.17126866489340956,0.7692307692307692,0
2025-10-10 12:17:35.500,ACC_102,accelerometer_rms,SPAN_2,-0.6918198724481452,-0.2506645056472133,-1.0554542042564223,-0.3076923076923077,0
2025-10-10 12:17:38.500,ACC_102,accelerometer_rms,SPAN_2,-0.6635419451457601,-0.1324943752117128,0.5272217021319656,-0.8461538461538461,0
2025-10-10 12:17:41.500,ACC_102,accelerometer_rms,SPAN_2,-0.5473167364815644,1.0204702552290212,-1.3168445374324078,0.3076923076923077,0
2025-10-10 12:17:44.500,ACC_102,accelerometer_rms,SPAN_2,-0.466083886697561,0.412043215433822,0.4582400616893641,0.9230769230769231,0
2025-10-10 12:17:47.500,ACC_102,accelerometer_rms,SPAN_2,-0.4835223196967696,-0.3541820079108091,0.4298936587072213,-0.6153846153846154,0
2025-10-10 12:17:50.500,ACC_102,accelerometer_rms,SPAN_2,-0.3497345343320075,-0.37516147801883826,-0.24620136165555367,0.7692307692307692,0
2025-10-10 12:17:53.500,ACC_102,accelerometer_rms,SPAN_2,-0.24023374338258108,0.12463755018461038,0.9123757437890362,-0.6153846153846154,0
2025-10-10 12:17:56.500,ACC_102,accelerometer_rms,SPAN_2,-0.19498032667336523,0.12612296128261424,-1.9432052544593443,-0.23076923076923078,0
2025-10-10 12:17:59.500,ACC_102,accelerometer_rms,SPAN_2,-0.05832049431793826,0.7907453694281027,0.29244632988777175,0.8461538461538461,0
2025-10-10 12:18:02.500,ACC_102,accelerometer_rms,SPAN_2,0.07967768643606336,0.2574086534631124,1.2424766740418152,0.46153846153846156,0
2025-10-10 12:18:05.500,ACC_102,accelerometer_rms,SPAN_2,0.21608318063126494,-0.9027875994757759,-1.0702304902014566,-0.6923076923076924,0
2025-10-10 12:18:08.500,ACC_102,accelerometer_rms,SPAN_2,0.30916327711047203,-0.18156150695219622,0.9468797522622019,-0.23076923076923078,0
2025-10-10 12:18:11.500,ACC_102,accelerometer_rms,SPAN_2,0.4116552582161158,-0.2433710607527411,0.14838604087800047,0.8461538461538461,0
2025-10-10 12:18:14.500,ACC_102,accelerometer_rms,SPAN_2,0.4554863924187841,-0.2782689810478702,0.013330833400277041,-0.6153846153846154,0
2025-10-10 12:18:17.500,ACC_102,accelerometer_rms,SPAN_2,0.56198643029522,0.5835879550892008,-1.2409309963734296,0.9230769230769231,0
2025-10-10 12:18:20.500,ACC_102,accelerometer_rms,SPAN_2,0.6264235086889156,0.4616581381967323,-0.5844882639393628,-0.15384615384615385,0
2025-10-10 12:18:23.500,ACC_102,accelerometer_rms,SPAN_2,0.6191506564317523,0.5883095960318001,0.6324367902971348,0.15384615384615385,0
2025-10-10 12:18:26.500,ACC_102,accelerometer_rms,SPAN_2,0.5971010881821788,0.6544320343469295,0.15414313582832237,0.8461538461538461,0
2025-10-10 12:18:29.500,ACC_102,accelerometer_rms,SPAN_2,0.6944025692076355,-0.32657844764977906,0.6567664098376855,-0.6923076923076924,0
2025-10-10 12:18:32.500,ACC_102,accelerometer_rms,SPAN_2,0.6942677299209132,-0.05219186060803843,-0.8020552394671504,0.2307692307692307,0
2025-10-10 12:18:35.500,ACC_102,accelerometer_rms,SPAN_2,0.6380152267997848,0.05943317804105192,0.13413332694457214,-0.23076923076923078,0
2025-10-10 12:18:38.500,ACC_102,accelerometer_rms,SPAN_2,0.6986017868041274,-0.19075816563943887,-0.4451393393874924,-0.07692307692307701,0
2025-10-10 12:18:41.500,ACC_102,accelerometer_rms,SPAN_2,0.6561289418223408,-0.3005922969900678,-0.29261740987956064,0.2307692307692307,0
2025-10-10 12:18:44.500,ACC_102,accelerometer_rms,SPAN_2,0.5169407758305463,-1.2507566255727331,-0.10900310901054082,0.15384615384615385,0
2025-10-10 12:18:47.500,ACC_102,accelerometer_rms,SPAN_2,0.3336670478519757,-0.03916002731954801,0.20065580603783303,0.6923076923076924,0
2025-10-10 12:18:50.500,ACC_102,accelerometer_rms,SPAN_2,0.36396047305694557,1.5006411965008382,-0.1373510948322776,0.2307692307692307,0
2025-10-10 12:18:53.500,ACC_102,accelerometer_rms,SPAN_2,0.24189984841122833,0.3151214698408123,0.7064592900771054,0.15384615384615385,0
2025-10-10 12:18:56.500,ACC_102,accelerometer_rms,SPAN_2,0.17248509599809056,1.222401516618929,-0.07674922289606369,0.6923076923076924,0
2025-10-10 12:18:59.500,ACC_102,accelerometer_rms,SPAN_2,0.1314922154405366,0.1024779877301603,-1.7207625717888237,0.6923076923076924,0
2025-10-10 12:19:02.500,ACC_102,accelerometer_rms,SPAN_2,-0.08438033608263008,-0.8435997636562957,-0.02621304634418959,-0.7692307692307693,0
2025-10-10 12:19:05.500,ACC_102,accelerometer_rms,SPAN_2,-0.15777359350744127,-1.393600277105846,0.48620188983365414,-0.38461538461538464,0
2025-10-10 12:19:08.500,ACC_102,accelerometer_rms,SPAN_2,-0.24667937794474587,-1.0392030184093437,0.005945383660765553,-0.23076923076923078,0
2025-10-10 12:19:11.500,ACC_102,accelerometer_rms,SPAN_2,-0.31812536269980773,-1.1132718239342512,-0.6123596035696433,-0.23076923076923078,0
2025-10-10 12:19:14.500,ACC_102,accelerometer_rms,SPAN_2,-0.4947248044539467,-0.2812193612020655,-0.3272002937374758,0.07692307692307701,0
2025-10-10 12:19:17.500,ACC_102,accelerometer_rms,SPAN_2,-0.600178191073348,0.7480635575776851,0.2543369726997198,0.15384615384615385,0
2025-10-10 12:19:20.500,ACC_102,accelerometer_rms,SPAN_2,-0.595840073369946,0.26668121620933966,-0.3454179730242675,0.46153846153846156,0
2025-10-10 12:19:23.500,ACC_102,accelerometer_rms,SPAN_2,-0.7697147614425253,-0.1060793110049577,-0.08577428491483849,0.38461538461538475,0
2025-10-10 12:19:26.500,ACC_102,accelerometer_rms,SPAN_2,-0.7658329337458917,-0.26714391791143116,0.4085821729533939,-0.07692307692307701,0
2025-10-10 12:19:29.500,ACC_102,accelerometer_rms,SPAN_2,-0.7276193941032939,0.6498089264161085,0.07577236832915156,0.6923076923076924,0
2025-10-10 12:19:32.500,ACC_102,accelerometer_rms,SPAN_2,-0.7542689802190898,0.40030227722316747,-0.6592214990703937,0.15384615384615385,0
2025-10-10 12:19:35.500,ACC_102,accelerometer_rms,SPAN_2,-0.7253602693865762,-0.03141946263898221,0.9586728315192136,-0.46153846153846156,0
2025-10-10 12:19:38.500,ACC_102,accelerometer_rms,SPAN_2,-0.6238016271903326,0.069815637873866,1.0751928357844167,0.07692307692307701,0
2025-10-10 12:19:41.500,ACC_102,accelerometer_rms,SPAN_2,-0.6296260005963898,0.9320693607980648,-0.002543012043030766,0.0,0
2025-10-10 12:19:44.500,ACC_102,accelerometer_rms,SPAN_2,-0.5979731811669742,0.34907794982449974,0.2730090725560955,-0.07692307692307701,0
2025-10-10 12:19:47.500,ACC_102,accelerometer_rms,SPAN_2,-0.4984178836884362,0.15006415349255683,-0.09008015812149585,0.38461538461538475,0
2025-10-10 12:19:50.500,ACC_102,accelerometer_rms,SPAN_2,-0.41445585712597416,0.09505230131009838,0.9962687730087582,0.3076923076923077,0
2025-10-10 12:19:53.500,ACC_102,accelerometer_rms,SPAN_2,-0.26506830002054116,1.0749111619571856,0.5777976962618651,0.3076923076923077,0
2025-10-10 12:19:56.500,ACC_102,accelerometer_rms,SPAN_2,-0.1298025935376062,-0.520117467038562,0.516504965443781,-0.23076923076923078,0
2025-10-10 12:19:59.500,ACC_102,accelerometer_rms,SPAN_2,0.0016871220651580958,-0.8944736780891731,0.8574994087707924,-0.6153846153846154,0
2025-10-10 12:20:02.500,ACC_102,accelerometer_rms,SPAN_2,0.11111499305713671,0.5435103387589335,0.5602987418424002,0.6923076923076924,0
2025-10-10 12:20:05.500,ACC_102,accelerometer_rms,SPAN_2,0.17857611166953843,0.17961576040821042,0.6406687359538384,0.0,0
2025-10-10 12:20:08.500,ACC_102,accelerometer_rms,SPAN_2,0.24933895275039217,0.1809549527400133,0.47737103987617835,-0.5384615384615385,0
2025-10-10 12:20:11.500,ACC_102,accelerometer_rms,SPAN_2,0.3796016060717299,-0.22599123060848983,0.16414139155464122,-0.6923076923076924,0
2025-10-10 12:20:14.500,ACC_102,accelerometer_rms,SPAN_2,0.43797818559314255,0.2727133586544537,0.5710204293209857,1.0000000000000002,0
2025-10-10 12:20:17.500,ACC_102,accelerometer_rms,SPAN_2,0.5178902259064204,0.2755442598048821,1.0800076157174858,0.07692307692307701,0
2025-10-10 12:20:20.500,ACC_102,accelerometer_rms,SPAN_2,0.6978490489546796,-0.5665206371338012,-0.425046769723362,-0.8461538461538461,0
2025-10-10 12:20:23.500,ACC_102,accelerometer_rms,SPAN_2,0.725671536311232,-0.23463475026217553,-0.31431286141667514,0.6153846153846154,0
2025-10-10 12:20:26.500,ACC_102,accelerometer_rms,SPAN_2,0.6688538240676879,0.25907400274630205,0.8004342241410874,-0.46153846153846156,0
2025-10-10 12:20:29.500,ACC_102,accelerometer_rms,SPAN_2,0.7050503697576626,0.27113934110790255,1.767689953273664,-0.3076923076923077,0
2025-10-10 12:20:32.500,ACC_102,accelerometer_rms,SPAN_2,0.661899594952206,-1.327947235998122,-2.4252152689269564,-0.46153846153846156,0
2025-10-10 12:20:35.500,ACC_102,accelerometer_rms,SPAN_2,0.7267554885945258,-0.3714440490343812,0.6366582935042384,-0.7692307692307693,0
2025-10-10 12:20:38.500,ACC_102,accelerometer_rms,SPAN_2,0.6552058834791301,0.2730370870063552,0.8717850907996314,0.3076923076923077,0
2025-10-10 12:20:41.500,ACC_102,accelerometer_rms,SPAN_2,0.5733346711568219,1.218812837072108,0.12675064233766323,0.9230769230769231,0
2025-10-10 12:20:44.500,ACC_102,accelerometer_rms,SPAN_2,0.5222242341710536,0.5763211784431865,0.24214388864637243,0.7692307692307692,0
2025-10-10 12:20:47.500,ACC_102,accelerometer_rms,SPAN_2,0.44579172859711297,-0.35711174251308153,-0.07689674054046773,0.6153846153846154,0
2025-10-10 12:20:50.500,ACC_102,accelerometer_rms,SPAN_2,0.27971809830461775,-0.9997621157870542,0.9478066661181541,-0.46153846153846156,0
2025-10-10 12:20:53.500,ACC_102,accelerometer_rms,SPAN_2,0.18206074288584123,-1.3470938820244864,0.5113511833561303,-0.38461538461538464,0
2025-10-10 12:20:56.500,ACC_102,accelerometer_rms,SPAN_2,0.07056586945697654,-0.5484522339793565,-0.2745846441753903,-0.38461538461538464,0
2025-10-10 12:20:59.500,ACC_102,accelerometer_rms,SPAN_2,-0.02555241414892606,0.4927714383572947,-1.1947012418425238,-0.38461538461538464,0
2025-10-10 12:21:02.500,ACC_102,accelerometer_rms,SPAN_2,-0.15960962014461855,0.24009611591199528,0.3393214928405943,-0.8461538461538461,0
2025-10-10 12:21:05.500,ACC_102,accelerometer_rms,SPAN_2,-0.28383189158416905,0.34533655983025435,1.088896680871716,0.9230769230769231,0
2025-10-10 12:21:08.500,ACC_102,accelerometer_rms,SPAN_2,-0.3636557934846824,0.6252085150886337,0.8747395347271505,0.9230769230769231,0
2025-10-10 12:21:11.500,ACC_102,accelerometer_rms,SPAN_2,-0.414643626701321,-0.09782665392895785,0.6684588382709677,-0.23076923076923078,0
2025-10-10 12:21:14.500,ACC_102,accelerometer_rms,SPAN_2,-0.5708191392741798,1.3814649983066956,-0.7944858104998911,0.5384615384615384,0
2025-10-10 12:21:17.500,ACC_102,accelerometer_rms,SPAN_2,-0.6523929646142341,0.5784289482252979,-0.449161651876496,0.07692307692307701,0
2025-10-10 12:21:20.500,ACC_102,accelerometer_rms,SPAN_2,-0.6454364841940705,1.7921203403082415,-1.1330826863639207,0.6153846153846154,0
2025-10-10 12:21:23.500,ACC_102,accelerometer_rms,SPAN_2,-0.6022259496804833,0.3150615062919469,0.8661503286265909,0.46153846153846156,0
2025-10-10 12:21:26.500,ACC_102,accelerometer_rms,SPAN_2,-0.609332690503574,-0.06893496329575338,0.1395114644160012,-0.38461538461538464,0
2025-10-10 12:21:29.500,ACC_102,accelerometer_rms,SPAN_2,-0.553100206598011,0.5425433414210953,-0.9206487491127063,-0.07692307692307701,0
2025-10-10 12:21:32.500,ACC_102,accelerometer_rms,SPAN_2,-0.6257087893054172,1.1282887273794076,0.264631214943504,0.6923076923076924,0
2025-10-10 12:21:35.500,ACC_102,accelerometer_rms,SPAN_2,-0.6984431580072128,-0.5193111979573682,0.7769477073905845,-0.5384615384615385,0
2025-10-10 12:21:38.500,ACC_102,accelerometer_rms,SPAN_2,-0.6921505832145294,-0.3567113736632101,-0.09856802332018222,-0.6153846153846154,0
2025-10-10 12:21:41.500,ACC_102,accelerometer_rms,SPAN_2,-0.6507401765429504,0.033201217263991736,0.5367091334695849,-0.23076923076923078,0
2025-10-10 12:21:44.500,ACC_102,accelerometer_rms,SPAN_2,-0.46415055522022475,-1.1041536842659683,-0.030451990718806003,0.3076923076923077,0
2025-10-10 12:21:47.500,ACC_102,accelerometer_rms,SPAN_2,-0.4132065705811031,-0.9121428978541912,-0.6691839733912094,0.07692307692307701,0
2025-10-10 12:21:50.500,ACC_102,accelerometer_rms,SPAN_2,-0.3906416849487639,1.091787513809554,-1.3797047878895095,0.3076923076923077,0
2025-10-10 12:21:53.500,ACC_102,accelerometer_rms,SPAN_2,-0.31299370167283586,0.7029909006980103,-0.12561328257121937,0.8461538461538461,0
2025-10-10 12:21:56.500,ACC_102,accelerometer_rms,SPAN_2,-0.22358073643274748,-0.05764635248286674,0.33707437168499244,-0.6153846153846154,0
2025-10-10 12:21:59.500,ACC_102,accelerometer_rms,SPAN_2,-0.03347257345685807,-0.339442471509464,0.26924006060034433,0.8461538461538461,0
2025-10-10 12:22:02.500,ACC_102,accelerometer_rms,SPAN_2,-0.01405640667967,0.530049856923836,0.24338099187577517,1.0000000000000002,0
2025-10-10 12:22:05.500,ACC_102,accelerometer_rms,SPAN_2,0.07732568113997289,-0.10890969652983745,-0.18759897497192446,1.0000000000000002,0
2025-10-10 12:22:08.500,ACC_102,accelerometer_rms,SPAN_2,0.2837414627282508,-0.9653720095530843,0.05269361792448855,-0.8461538461538461,0
2025-10-10 12:22:11.500,ACC_102,accelerometer_rms,SPAN_2,0.5419555896081197,-0.2585456784668196,-0.23868743878613657,1.0000000000000002,0
2025-10-10 12:22:14.500,ACC_102,accelerometer_rms,SPAN_2,0.43747940114033085,1.6741159782504016,-1.6479604642492443,1.0000000000000002,0
2025-10-10 12:22:17.500,ACC_102,accelerometer_rms,SPAN_2,0.4428483052952111,2.268374544786961,-1.587074710086414,1.0000000000000002,0
2025-10-10 12:22:20.500,ACC_102,accelerometer_rms,SPAN_2,0.5576416261333175,0.3615424600342932,0.953879383014762,0.46153846153846156,0
2025-10-10 12:22:23.500,ACC_102,accelerometer_rms,SPAN_2,0.6118466024965123,-0.12322360725454165,-1.1370118906290734,0.38461538461538475,0
2025-10-10 12:22:26.500,ACC_102,accelerometer_rms,SPAN_2,0.7110796077104128,1.4598489658785077,-0.46444520900569863,0.9230769230769231,0
2025-10-10 12:22:29.500,ACC_102,accelerometer_rms,SPAN_2,0.7139388717834875,0.34501184394840867,1.0114734323099874,0.6153846153846154,0
2025-10-10 12:22:32.500,ACC_102,accelerometer_rms,SPAN_2,0.7305523521978287,0.6165758691752653,-0.9015345922131982,0.6153846153846154,0
2025-10-10 12:22:35.500,ACC_102,accelerometer_rms,SPAN_2,0.7217846805157602,-0.26095393391713917,-0.04382200317312264,0.3076923076923077,0
2025-10-10 12:22:38.500,ACC_102,accelerometer_rms,SPAN_2,0.5925620275678373,-0.841730542751996,-1.0481114663953128,-0.46153846153846156,0
2025-10-10 12:22:41.500,ACC_102,accelerometer_rms,SPAN_2,0.6022517282439003,0.246601203442819,-0.7670489404734221,-0.46153846153846156,0
2025-10-10 12:22:44.500,ACC_102,accelerometer_rms,SPAN_2,0.6168129390128527,0.1823894782533245,0.6941497446589422,0.38461538461538475,0
2025-10-10 12:22:47.500,ACC_102,accelerometer_rms,SPAN_2,0.4100608302150941,0.7412009300455066,0.6484635640212989,0.15384615384615385,0
2025-10-10 12:22:50.500,ACC_102,accelerometer_rms,SPAN_2,0.3964763574688111,-0.262629474637238,0.9994976694418382,-0.7692307692307693,0
2025-10-10 12:22:53.500,ACC_102,accelerometer_rms,SPAN_2,0.29396723102272365,-0.8928788994797443,-0.9958699909621447,-0.7692307692307693,0
2025-10-10 12:22:56.500,ACC_102,accelerometer_rms,SPAN_2,0.1497245722576254,0.1418770053139911,-0.14773523015653278,0.46153846153846156,0
2025-10-10 12:22:59.500,ACC_102,accelerometer_rms,SPAN_2,0.05989313249193711,-0.2870338544656181,0.5378517070819657,-0.46153846153846156,0
2025-10-10 12:23:02.500,ACC_102,accelerometer_rms,SPAN_2,-0.07108257814259303,0.00858130223517741,0.36651635763222445,-0.5384615384615385,0
2025-10-10 12:23:05.500,ACC_102,accelerometer_rms,SPAN_2,-0.1618399427263746,0.017794578587927237,0.13904742619643157,0.07692307692307701,0
2025-10-10 12:23:08.500,ACC_102,accelerometer_rms,SPAN_2,-0.35009017209424104,1.3773959155934954,-0.23853030856347013,1.0000000000000002,0
2025-10-10 12:23:11.500,ACC_102,accelerometer_rms,SPAN_2,-0.4072671715121635,0.6838131291134265,-2.8603744826026327,0.46153846153846156,0
2025-10-10 12:23:14.500,ACC_102,accelerometer_rms,SPAN_2,-0.5032044874364869,-0.2398611593743525,0.5253263618654502,0.2307692307692307,0
2025-10-10 12:23:17.500,ACC_102,accelerometer_rms,SPAN_2,-0.6007300248622901,0.8995572826062285,0.375132603120948,0.3076923076923077,0
2025-10-10 12:23:20.500,ACC_102,accelerometer_rms,SPAN_2,-0.5978798980231044,0.660737436064433,0.6491430325860659,0.38461538461538475,0
2025-10-10 12:23:23.500,ACC_102,accelerometer_rms,SPAN_2,-0.540619955746236,1.7390451903715747,-1.5976709154461632,0.07692307692307701,0
2025-10-10 12:23:26.500,ACC_102,accelerometer_rms,SPAN_2,-0.588639672305121,0.1969058454935471,-0.3230228817696575,-0.8461538461538461,0
2025-10-10 12:23:29.500,ACC_102,accelerometer_rms,SPAN_2,-0.7061745157503014,-0.022976508318618562,-0.11182407624095776,0.3076923076923077,0
2025-10-10 12:23:32.500,ACC_102,accelerometer_rms,SPAN_2,-0.6492820770054128,0.17475183911553777,0.05854472749464993,0.6153846153846154,0
2025-10-10 12:23:35.500,ACC_102,accelerometer_rms,SPAN_2,-0.6137830624956272,-0.745996526965213,-1.0295207476256314,-0.38461538461538464,0
2025-10-10 12:23:38.500,ACC_102,accelerometer_rms,SPAN_2,-0.587529153287497,0.10911862184114979,-0.6645281942254538,1.0000000000000002,0
2025-10-10 12:23:41.500,ACC_102,accelerometer_rms,SPAN_2,-0.5505778887239919,0.9700984986656905,-0.0775680856688571,1.0000000000000002,0
2025-10-10 12:23:44.500,ACC_102,accelerometer_rms,SPAN_2,-0.5096322041735065,0.5637957404023288,0.3568801100191009,1.0000000000000002,0
2025-10-10 12:23:47.500,ACC_102,accelerometer_rms,SPAN_2,-0.402531573235587,0.5915341808407942,0.4655372109940151,-0.46153846153846156,0
2025-10-10 12:23:50.500,ACC_102,accelerometer_rms,SPAN_2,-0.3736513154231315,0.47641999862730816,0.17760137770333123,0.46153846153846156,0
2025-10-10 12:23:53.500,ACC_102,accelerometer_rms,SPAN_2,-0.236118446182617,-0.44261333882066844,-0.5568162992304363,-0.8461538461538461,0
2025-10-10 12:23:56.500,ACC_102,accelerometer_rms,SPAN_2,-0.044316480686662635,-0.31432183101680217,-0.6142386791043397,0.0,0
2025-10-10 12:23:59.500,ACC_102,accelerometer_rms,SPAN_2,-0.02850785822321811,0.3135087884324794,0.09538609066833072,-0.23076923076923078,0
2025-10-10 12:24:02.500,ACC_102,accelerometer_rms,SPAN_2,0.0578742351193985,-0.13690337745881329,-0.42815446041626604,-0.23076923076923078,0
2025-10-10 12:24:05.500,ACC_102,accelerometer_rms,SPAN_2,0.024916852235403193,-0.8704232172648145,0.6218739207404149,0.15384615384615385,0
2025-10-10 12:24:08.500,ACC_102,accelerometer_rms,SPAN_2,0.2519298709693166,-1.1010560013293993,-0.9794945145806195,-0.8461538461538461,0
2025-10-10 12:24:11.500,ACC_102,accelerometer_rms,SPAN_2,0.347343656102771,0.10242813133688504,1.1749098174374435,-0.6153846153846154,0
2025-10-10 12:24:14.500,ACC_102,accelerometer_rms,SPAN_2,0.5375443976853094,-0.3121865903227368,-1.4563896456640535,-0.46153846153846156,0
2025-10-10 12:24:17.500,ACC_102,accelerometer_rms,SPAN_2,0.6409411364387457,1.541312180147833,-1.9963270954995922,0.5384615384615384,0
2025-10-10 12:24:20.500,ACC_102,accelerometer_rms,SPAN_2,0.5253913220476056,1.8565823846263294,-0.8670895113894758,0.9230769230769231,0
2025-10-10 12:24:23.500,ACC_102,accelerometer_rms,SPAN_2,0.5802858398858836,1.1058219554411572,1.3056269281141486,1.0000000000000002,0
2025-10-10 12:24:26.500,ACC_102,accelerometer_rms,SPAN_2,0.6599340036355846,1.1302062855016362,0.34102092023441377,1.0000000000000002,0
2025-10-10 12:24:29.500,ACC_102,accelerometer_rms,SPAN_2,0.6921056123759217,0.617621443893994,0.0980172357484799,0.7692307692307692,0
2025-10-10 12:24:32.500,ACC_102,accelerometer_rms,SPAN_2,0.6855370581345241,0.4708158523047571,-0.23205281515933104,0.38461538461538475,0
2025-10-10 12:24:35.500,ACC_102,accelerometer_rms,SPAN_2,0.6445963049841118,-0.4723148108495233,0.029294577733308392,0.6153846153846154,0
2025-10-10 12:24:38.500,ACC_102,accelerometer_rms,SPAN_2,0.5869850932188037,-0.040629101904022476,-0.24273641960710968,-0.3076923076923077,0
2025-10-10 12:24:41.500,ACC_102,accelerometer_rms,SPAN_2,0.4715349757859595,0.4388870115057633,0.30994833326616206,0.2307692307692307,0
2025-10-10 12:24:44.500,ACC_102,accelerometer_rms,SPAN_2,0.3889837604077763,-0.053841004101362465,0.4539601398473622,0.2307692307692307,0
2025-10-10 12:24:47.500,ACC_102,accelerometer_rms,SPAN_2,0.5164948562765821,-1.5332661470907238,-0.37462532211592264,-0.15384615384615385,0
2025-10-10 12:24:50.500,ACC_102,accelerometer_rms,SPAN_2,0.47567009763737017,-0.4023757717815994,-0.544437738372619,-0.8461538461538461,0
2025-10-10 12:24:53.500,ACC_102,accelerometer_rms,SPAN_2,0.2308217917674792,0.18301162279505465,0.6973425438974417,-0.23076923076923078,0
2025-10-10 12:24:56.500,ACC_102,accelerometer_rms,SPAN_2,0.09355413615006873,-0.1207563077644197,-0.9820209840794544,0.07692307692307701,0
2025-10-10 12:24:59.500,ACC_102,accelerometer_rms,SPAN_2,0.058423774207791025,-1.0762088138402315,-2.161796880915777,-0.7692307692307693,0
2025-10-10 12:25:02.500,ACC_102,accelerometer_rms,SPAN_2,-0.08994965372099357,-1.1377866619747499,-0.001839343271874667,-0.15384615384615385,0
2025-10-10 12:25:05.500,ACC_102,accelerometer_rms,SPAN_2,-0.27210388155772186,-0.965722989344454,0.6327245362628032,-0.7692307692307693,0
2025-10-10 12:25:08.500,ACC_102,accelerometer_rms,SPAN_2,-0.3760844196279661,0.4475706425644907,1.0181140366407277,0.2307692307692307,0
2025-10-10 12:25:11.500,ACC_102,accelerometer_rms,SPAN_2,-0.40381275834923286,-0.320508575975126,-0.39437469652728524,-0.46153846153846156,0
2025-10-10 12:25:14.500,ACC_102,accelerometer_rms,SPAN_2,-0.6438481915926554,-1.0324552441861792,-1.3000485475835784,-0.8461538461538461,0
2025-10-10 12:25:17.500,ACC_102,accelerometer_rms,SPAN_2,-0.5932175488365651,-0.4181061720865991,1.400764766195906,-0.6153846153846154,0
2025-10-10 12:25:20.500,ACC_102,accelerometer_rms,SPAN_2,-0.5880651701761386,0.5827520635916049,-0.8368829615020065,0.6153846153846154,0
2025-10-10 12:25:23.500,ACC_102,accelerometer_rms,SPAN_2,-0.6924756734446681,0.2631901330534306,0.4101117195128405,-0.6923076923076924,0
2025-10-10 12:25:26.500,ACC_102,accelerometer_rms,SPAN_2,-0.6791412035515715,-0.8314196321387877,0.283574300323808,-0.38461538461538464,0
2025-10-10 12:25:29.500,ACC_102,accelerometer_rms,SPAN_2,-0.6387053342345899,0.8306283485021859,-0.9914777326347284,-0.07692307692307701,0
2025-10-10 12:25:32.500,ACC_102,accelerometer_rms,SPAN_2,-0.6952612823512668,0.8092040497152272,-1.3078486877491051,-0.15384615384615385,0
2025-10-10 12:25:35.500,ACC_102,accelerometer_rms,SPAN_2,-0.629025444556082,1.2397317434574429,0.16722328385846072,0.38461538461538475,0
2025-10-10 12:25:38.500,ACC_102,accelerometer_rms,SPAN_2,-0.5494190573200749,-0.4149622359937048,-0.19300576490974355,0.3076923076923077,0
2025-10-10 12:25:41.500,ACC_102,accelerometer_rms,SPAN_2,-0.5517899562523296,-1.442329249646372,-1.4998294898037459,-0.38461538461538464,0
2025-10-10 12:25:44.500,ACC_102,accelerometer_rms,SPAN_2,-0.5361370485505502,-2.0477624430681636,-1.3637561987913416,-0.3076923076923077,0
2025-10-10 12:25:47.500,ACC_102,accelerometer_rms,SPAN_2,-0.32580540327983,-0.999731680961335,-1.88907418992353,-0.3076923076923077,0
2025-10-10 12:25:50.500,ACC_102,accelerometer_rms,SPAN_2,-0.23315642392998998,0.4519730270928456,0.6417528505641714,0.6923076923076924,0
2025-10-10 12:25:53.500,ACC_102,accelerometer_rms,SPAN_2,-0.16714435310511638,-0.9826967839821319,0.06514749187522874,-0.46153846153846156,0
2025-10-10 12:25:56.500,ACC_102,accelerometer_rms,SPAN_2,-0.13591796559847957,-0.8311160060962589,-0.01820106514110105,0.0,0
2025-10-10 12:25:59.500,ACC_102,accelerometer_rms,SPAN_2,-0.022107353057921924,0.7346401188023508,-0.8421853836078852,0.8461538461538461,0
2025-10-10 12:26:02.500,ACC_102,accelerometer_rms,SPAN_2,0.09408082482899198,1.759883264570161,-1.2315066977132778,1.0000000000000002,0
2025-10-10 12:26:05.500,ACC_102,accelerometer_rms,SPAN_2,0.17333643346504443,0.5928165222966485,-0.20728286461084403,0.0,0
2025-10-10 12:26:08.500,ACC_102,accelerometer_rms,SPAN_2,0.2012097696189358,1.3085903181419467,1.0639034160621876,0.2307692307692307,0
2025-10-10 12:26:11.500,ACC_102,accelerometer_rms,SPAN_2,0.2565229060325202,-0.039466031273655805,-0.6316786102255691,-0.5384615384615385,0
2025-10-10 12:26:14.500,ACC_102,accelerometer_rms,SPAN_2,0.4476021986351444,-0.575797970442117,-0.026328401816732194,-0.7692307692307693,0
2025-10-10 12:26:17.500,ACC_102,accelerometer_rms,SPAN_2,0.6660921367243721,0.3792419198689832,0.43740291352236066,0.3076923076923077,0
2025-10-10 12:26:20.500,ACC_102,accelerometer_rms,SPAN_2,0.6855300021297813,0.37851839197015374,0.9119680096495303,0.3076923076923077,0
2025-10-10 12:26:23.500,ACC_102,accelerometer_rms,SPAN_2,0.6302975652530459,0.027065340897284584,-0.9084692254383836,0.7692307692307692,0
2025-10-10 12:26:26.500,ACC_102,accelerometer_rms,SPAN_2,0.7395290694798249,0.3177932221538035,0.9388756330792061,0.0,0
2025-10-10 12:26:29.500,ACC_102,accelerometer_rms,SPAN_2,0.8600762613460253,0.28634833339973786,0.5812558779610393,-0.5384615384615385,0
2025-10-10 12:26:32.500,ACC_102,accelerometer_rms,SPAN_2,0.7077384847715754,0.7126364286453123,0.6814190381189487,0.8461538461538461,0
2025-10-10 12:26:35.500,ACC_102,accelerometer_rms,SPAN_2,0.5970441816722301,1.2922487000088845,0.7393995863677778,0.6923076923076924,0
2025-10-10 12:26:38.500,ACC_102,accelerometer_rms,SPAN_2,0.5998500988089169,0.785193341160624,-0.871988812070947,0.6153846153846154,0
2025-10-10 12:26:41.500,ACC_102,accelerometer_rms,SPAN_2,0.5867050307244555,-0.3757995620068169,1.080942814908985,0.0,0
2025-10-10 12:26:44.500,ACC_102,accelerometer_rms,SPAN_2,0.47352001375325076,-0.4492018103204317,0.12427938346352367,-0.6153846153846154,0
2025-10-10 12:26:47.500,ACC_102,accelerometer_rms,SPAN_2,0.3925390990592482,-0.09477389948499931,0.33836655907733854,-0.15384615384615385,0
2025-10-10 12:26:50.500,ACC_102,accelerometer_rms,SPAN_2,0.2447393610177862,-0.3071491903353578,0.722337560009157,-0.5384615384615385,0
2025-10-10 12:26:53.500,ACC_102,accelerometer_rms,SPAN_2,0.1901398760603231,-0.30978411545510337,0.2338572724343812,-0.46153846153846156,0
2025-10-10 12:26:56.500,ACC_102,accelerometer_rms,SPAN_2,0.17076422073314096,0.6821129786571568,-0.7426822035754489,0.6153846153846154,0
2025-10-10 12:26:59.500,ACC_102,accelerometer_rms,SPAN_2,0.12482450592551941,-0.4204654371616463,0.18233523147635322,-0.38461538461538464,0
2025-10-10 12:27:02.500,ACC_102,accelerometer_rms,SPAN_2,-0.14048406306890718,-0.44577775518849383,0.7099361382700987,-0.8461538461538461,0
2025-10-10 12:27:05.500,ACC_102,accelerometer_rms,SPAN_2,-0.2920592917420595,1.0386461937877645,0.9583296528232353,0.7692307692307692,0
2025-10-10 12:27:08.500,ACC_102,accelerometer_rms,SPAN_2,-0.4003461304658061,0.09186549434930967,1.366773833599861,0.0,0
2025-10-10 12:27:11.500,ACC_102,accelerometer_rms,SPAN_2,-0.5435877105651082,0.039446784151179436,0.35564694064307634,-0.6153846153846154,0
2025-10-10 12:27:14.500,ACC_102,accelerometer_rms,SPAN_2,-0.4976025428097129,-0.09909261133192775,0.12082437875941296,-0.3076923076923077,0
2025-10-10 12:27:17.500,ACC_102,accelerometer_rms,SPAN_2,-0.5551593452253532,0.06285825762339645,0.8073912388859311,0.8461538461538461,0
2025-10-10 12:27:20.500,ACC_102,accelerometer_rms,SPAN_2,-0.588674258839937,0.4906547861629644,0.7376027093663029,0.6923076923076924,0
2025-10-10 12:27:23.500,ACC_102,accelerometer_rms,SPAN_2,-0.6680467741533579,-0.36398077590998446,0.02277315865503643,-0.5384615384615385,0
2025-10-10 12:27:26.500,ACC_102,accelerometer_rms,SPAN_2,-0.6601061185714772,0.29411539818435917,0.15765562930770682,-0.3076923076923077,0
2025-10-10 12:27:29.500,ACC_102,accelerometer_rms,SPAN_2,-0.7169075391917329,-0.2320454339372948,0.8063564113549051,0.38461538461538475,0
2025-10-10 12:27:32.500,ACC_102,accelerometer_rms,SPAN_2,-0.6681714096003288,0.6122682626403725,-0.08802978330559207,-0.38461538461538464,0
2025-10-10 12:27:35.500,ACC_102,accelerometer_rms,SPAN_2,-0.6598890600193047,-0.39872359767534005,1.116472271321383,-0.3076923076923077,0
2025-10-10 12:27:38.500,ACC_102,accelerometer_rms,SPAN_2,-0.600433377468847,-0.14046869100896983,0.004311030920416447,0.6153846153846154,0
2025-10-10 12:27:41.500,ACC_102,accelerometer_rms,SPAN_2,-0.5564204778072485,0.48671177133321936,0.6291453253987601,0.5384615384615384,0
2025-10-10 12:27:44.500,ACC_102,accelerometer_rms,SPAN_2,-0.5278736348653009,-1.0189723836993232,0.20744687765814512,-0.5384615384615385,0
2025-10-10 12:27:47.500,ACC_102,accelerometer_rms,SPAN_2,-0.4133869907432877,-1.3632571616395492,-0.17442330579112156,-0.6153846153846154,0
2025-10-10 12:27:50.500,ACC_102,accelerometer_rms,SPAN_2,-0.2926921992342972,0.0325207027625601,-0.03922815985511954,0.5384615384615384,0
2025-10-10 12:27:53.500,ACC_102,accelerometer_rms,SPAN_2,-0.26968064519210727,-0.3082497296084218,-1.4419231169065334,-0.46153846153846156,0
2025-10-10 12:27:56.500,ACC_102,accelerometer_rms,SPAN_2,-0.17624604331998503,-0.6076690653916244,0.09073771218055103,0.46153846153846156,0
2025-10-10 12:27:59.500,ACC_102,accelerometer_rms,SPAN_2,0.04349182427498685,-0.7271419712730973,-1.1385593054919025,-0.07692307692307701,0
2025-10-10 12:28:02.500,ACC_102,accelerometer_rms,SPAN_2,0.15125841909215304,-0.2854710335220339,1.3452660770465377,-0.07692307692307701,0
2025-10-10 12:28:05.500,ACC_102,accelerometer_rms,SPAN_2,0.1693030850338811,0.8804904898344317,0.8591231540042396,0.2307692307692307,0
2025-10-10 12:28:08.500,ACC_102,accelerometer_rms,SPAN_2,0.3650101679426296,0.28833423424076143,-0.3389854725438224,0.38461538461538475,0
2025-10-10 12:28:11.500,ACC_102,accelerometer_rms,SPAN_2,0.3946430600018285,0.4146294566308071,1.0945522957175395,0.7692307692307692,0
2025-10-10 12:28:14.500,ACC_102,accelerometer_rms,SPAN_2,0.4481897520134108,-0.04604711580606283,-1.3836645016751739,-0.8461538461538461,0
2025-10-10 12:28:17.500,ACC_102,accelerometer_rms,SPAN_2,0.6460855853151745,0.8116809780588427,0.8025481906926017,0.9230769230769231,0
2025-10-10 12:28:20.500,ACC_102,accelerometer_rms,SPAN_2,0.6897141980549885,1.5199227973155196,0.22591440942900093,0.9230769230769231,0
2025-10-10 12:28:23.500,ACC_102,accelerometer_rms,SPAN_2,0.6312317703477099,0.7480825348318997,0.35700615567284805,0.8461538461538461,0
2025-10-10 12:28:26.500,ACC_102,accelerometer_rms,SPAN_2,0.667121418679817,-0.4480655381872919,1.3373770457793757,-0.3076923076923077,0
2025-10-10 12:28:29.500,ACC_102,accelerometer_rms,SPAN_2,0.7813577701723312,-0.002157070453682349,0.6084485085364344,0.46153846153846156,0
2025-10-10 12:28:32.500,ACC_102,accelerometer_rms,SPAN_2,0.7367464129347424,0.46470771183001336,-0.7751559203522054,0.5384615384615384,0
2025-10-10 12:28:35.500,ACC_102,accelerometer_rms,SPAN_2,0.6753459194313948,0.08758224785808366,-0.6456561700262047,-0.15384615384615385,0
2025-10-10 12:28:38.500,ACC_102,accelerometer_rms,SPAN_2,0.6579003073504309,1.1249219551525989,0.08356223062411282,0.7692307692307692,0
2025-10-10 12:28:41.500,ACC_102,accelerometer_rms,SPAN_2,0.6182282224052079,0.5840975069768876,0.41014038111228757,-0.23076923076923078,0
2025-10-10 12:28:44.500,ACC_102,accelerometer_rms,SPAN_2,0.5823203409074601,-0.1415329049018838,0.25583633726094646,-0.23076923076923078,0
2025-10-10 12:28:47.500,ACC_102,accelerometer_rms,SPAN_2,0.4338211546105375,-0.04758850376590293,-0.2362854566710567,0.6153846153846154,0
2025-10-10 12:28:50.500,ACC_102,accelerometer_rms,SPAN_2,0.3787868865011321,1.116142774758037,-0.9778654382991598,0.6923076923076924,0
2025-10-10 12:28:53.500,ACC_102,accelerometer_rms,SPAN_2,0.16259122013751082,-0.28650494692853173,1.3827003866707894,-0.8461538461538461,0
2025-10-10 12:28:56.500,ACC_102,accelerometer_rms,SPAN_2,0.06788161241179304,-0.48957489901273593,-0.5201343725959616,1.0000000000000002,0
2025-10-10 12:28:59.500,ACC_102,accelerometer_rms,SPAN_2,0.05209838878396716,0.364906610224101,-0.5900198420870324,1.0000000000000002,0
2025-10-10 12:29:02.500,ACC_102,accelerometer_rms,SPAN_2,-0.06025911815216215,0.566581467964871,0.7659309691506578,1.0000000000000002,0
2025-10-10 12:29:05.500,ACC_102,accelerometer_rms,SPAN_2,-0.1712390465359195,0.42553090100217084,0.7691909118849024,0.5384615384615384,0
2025-10-10 12:29:08.500,ACC_102,accelerometer_rms,SPAN_2,-0.34313835819276667,0.8569430511407743,0.6841196215562791,0.6923076923076924,0
2025-10-10 12:29:11.500,ACC_102,accelerometer_rms,SPAN_2,-0.42223730845470775,-0.5358627250129209,0.1740219533671757,-0.15384615384615385,0
2025-10-10 12:29:14.500,ACC_102,accelerometer_rms,SPAN_2,-0.40956689074004593,-0.4001187632779602,-0.06486421427397861,-0.15384615384615385,0
2025-10-10 12:29:17.500,ACC_102,accelerometer_rms,SPAN_2,-0.5130797732927853,0.2795133627507732,0.6638932213902088,0.07692307692307701,0
2025-10-10 12:29:20.500,ACC_102,accelerometer_rms,SPAN_2,-0.5880111620038785,1.126485465151331,-0.48651511330624525,0.8461538461538461,0
2025-10-10 12:29:23.500,ACC_102,accelerometer_rms,SPAN_2,-0.5336751488421233,-0.4821314453447389,0.3149680507627462,-0.3076923076923077,0
2025-10-10 12:29:26.500,ACC_102,accelerometer_rms,SPAN_2,-0.6051605488648899,-0.2064981396694373,0.30559491948056816,0.07692307692307701,0
2025-10-10 12:29:29.500,ACC_102,accelerometer_rms,SPAN_2,-0.7175323077623946,0.6942348671279608,0.11393058757425226,0.3076923076923077,0
2025-10-10 12:29:32.500,ACC_102,accelerometer_rms,SPAN_2,-0.6852695240777508,0.09672736780282264,-0.3306067137017542,-0.38461538461538464,0
2025-10-10 12:29:35.500,ACC_102,accelerometer_rms,SPAN_2,-0.6104330029274588,0.5579200556651986,-1.1572585706114316,0.5384615384615384,0
2025-10-10 12:29:38.500,ACC_102,accelerometer_rms,SPAN_2,-0.6309313739470804,0.3329237703248372,-0.7612769798765148,0.3076923076923077,0
2025-10-10 12:29:41.500,ACC_102,accelerometer_rms,SPAN_2,-0.5061098009579146,0.4262174004993512,-0.6801724923159993,0.3076923076923077,0
2025-10-10 12:29:44.500,ACC_102,accelerometer_rms,SPAN_2,-0.46487276149524,0.6547783479701933,0.06722084595665166,0.2307692307692307,0
2025-10-10 12:29:47.500,ACC_102,accelerometer_rms,SPAN_2,-0.3034967039309131,0.3385781475540725,-0.9797037687585468,0.8461538461538461,0
2025-10-10 12:29:50.500,ACC_102,accelerometer_rms,SPAN_2,-0.25709879534767266,-1.1539080084088633,-0.9447676692600762,-0.46153846153846156,0
2025-10-10 12:29:53.500,ACC_102,accelerometer_rms,SPAN_2,-0.17723270202834512,-0.8571102384435701,-0.007349534356104683,0.0,0
2025-10-10 12:29:56.500,ACC_102,accelerometer_rms,SPAN_2,-0.025864013185685927,-0.39401370317471685,0.9302807479109141,-0.5384615384615385,0
