t_center,sensor_id,sensor_type,span_id,f_rms,fft_centroid,fft_entropy,fft_dominant,label_rule
2025-10-10 12:00:02.500,ACC_101,accelerometer_rms,SPAN_1,0.020857270140780412,2.550435659943207,2.699687175125513,4.5098039215686265,0
2025-10-10 12:00:05.500,ACC_101,accelerometer_rms,SPAN_1,0.021226882569690984,2.6704092555042735,2.8390622805922674,2.9411764705882346,0
2025-10-10 12:00:08.500,ACC_101,accelerometer_rms,SPAN_1,0.02197078698823401,3.1480944890979563,2.7925817324964024,3.529411764705882,0
2025-10-10 12:00:11.500,ACC_101,accelerometer_rms,SPAN_1,0.022803896083525624,2.7000860092762213,2.961461369247579,0.980392156862745,0
2025-10-10 12:00:14.500,ACC_101,accelerometer_rms,SPAN_1,0.02332625272553837,2.0057049132847182,2.7466095660818124,0.588235294117647,0
2025-10-10 12:00:17.500,ACC_101,accelerometer_rms,SPAN_1,0.023736762931178726,2.404348172196304,2.8616375353565853,1.764705882352941,0
2025-10-10 12:00:20.500,ACC_101,accelerometer_rms,SPAN_1,0.024582141450136315,2.549461807861568,2.771465628570592,2.352941176470588,0
2025-10-10 12:00:23.500,ACC_101,accelerometer_rms,SPAN_1,0.02544055493752862,3.044372251673067,2.8269968297327916,4.705882352941176,0
2025-10-10 12:00:26.500,ACC_101,accelerometer_rms,SPAN_1,0.025015465523410538,2.5329112648776,2.7642507848987954,4.705882352941176,0
2025-10-10 12:00:29.500,ACC_101,accelerometer_rms,SPAN_1,0.025483280179095364,2.448207137638984,2.940966434277989,1.764705882352941,0
2025-10-10 12:00:32.500,ACC_101,accelerometer_rms,SPAN_1,0.025262394830431804,2.825482372095072,2.9782024296430096,2.549019607843137,0
2025-10-10 12:00:35.500,ACC_101,accelerometer_rms,SPAN_1,0.024826682728349304,2.7791462952724526,2.8668655473704465,3.137254901960784,0
2025-10-10 12:00:38.500,ACC_101,accelerometer_rms,SPAN_1,0.024856053116877178,2.585935843283746,2.8041073009692754,4.117647058823529,0
2025-10-10 12:00:41.500,ACC_101,accelerometer_rms,SPAN_1,0.02434335007718519,2.6667504216734255,2.9427097920502074,2.549019607843137,0
2025-10-10 12:00:44.500,ACC_101,accelerometer_rms,SPAN_1,0.02351036288866811,2.452759923973662,2.6850773984547955,2.745098039215686,0
2025-10-10 12:00:47.500,ACC_101,accelerometer_rms,SPAN_1,0.022930303542452717,2.3095197514538413,2.9348508569977514,3.137254901960784,0
2025-10-10 12:00:50.500,ACC_101,accelerometer_rms,SPAN_1,0.02264251585480938,2.5460209283103556,2.8418256047447614,4.901960784313725,0
2025-10-10 12:00:53.500,ACC_101,accelerometer_rms,SPAN_1,0.021339849373285414,2.660317206719217,2.8045623397058432,3.92156862745098,0
2025-10-10 12:00:56.500,ACC_101,accelerometer_rms,SPAN_1,0.021030016931920494,2.854961769410866,2.7286156172824803,0.784313725490196,0
2025-10-10 12:00:59.500,ACC_101,accelerometer_rms,SPAN_1,0.019809740793703623,2.8845876753789335,2.8229575854623032,0.980392156862745,0
2025-10-10 12:01:02.500,ACC_101,accelerometer_rms,SPAN_1,0.018932066038089668,2.949408587971986,2.8222625224492073,4.705882352941176,0
2025-10-10 12:01:05.500,ACC_101,accelerometer_rms,SPAN_1,0.018639202001032504,2.5660958599611545,2.7360837562625946,2.745098039215686,0
2025-10-10 12:01:08.500,ACC_101,accelerometer_rms,SPAN_1,0.018538878070628952,2.422214503431393,2.7410169395128485,0.784313725490196,0
2025-10-10 12:01:11.500,ACC_101,accelerometer_rms,SPAN_1,0.017474160419114308,2.6158003488662662,2.813535554983424,3.92156862745098,0
2025-10-10 12:01:14.500,ACC_101,accelerometer_rms,SPAN_1,0.01680471252240824,2.644067425838174,2.782350502710452,2.352941176470588,0
2025-10-10 12:01:17.500,ACC_101,accelerometer_rms,SPAN_1,0.01674559930074694,2.8127180229331397,2.8686257368786956,4.705882352941176,0
2025-10-10 12:01:20.500,ACC_101,accelerometer_rms,SPAN_1,0.01573084068281906,2.904661674732994,2.7571910861168196,4.705882352941176,0
2025-10-10 12:01:23.500,ACC_101,accelerometer_rms,SPAN_1,0.01556406331340018,2.3946944644752812,2.7433563290669825,4.313725490196077,0
2025-10-10 12:01:26.500,ACC_101,accelerometer_rms,SPAN_1,0.01573672947622355,2.3628513791829038,2.8187473544459842,3.333333333333333,0
2025-10-10 12:01:29.500,ACC_101,accelerometer_rms,SPAN_1,0.015243243778223616,2.780288841755013,2.835909994500854,3.7254901960784306,0
2025-10-10 12:01:32.500,ACC_101,accelerometer_rms,SPAN_1,0.014978701520335268,2.5261923553808745,2.7988014750539434,1.568627450980392,0
2025-10-10 12:01:35.500,ACC_101,accelerometer_rms,SPAN_1,0.015136136163525495,3.023624923364669,2.839296099507481,1.372549019607843,0
2025-10-10 12:01:38.500,ACC_101,accelerometer_rms,SPAN_1,0.0157627665681616,2.846423738891562,2.841540848013989,4.313725490196077,0
2025-10-10 12:01:41.500,ACC_101,accelerometer_rms,SPAN_1,0.01621985062550594,2.599448932561563,2.8399786754891103,1.96078431372549,0
2025-10-10 12:01:44.500,ACC_101,accelerometer_rms,SPAN_1,0.016491112614220482,2.3326647802020655,2.762038319764748,1.372549019607843,0
2025-10-10 12:01:47.500,ACC_101,accelerometer_rms,SPAN_1,0.017040615973746544,2.3055130212692085,2.69307574103087,1.372549019607843,0
2025-10-10 12:01:50.500,ACC_101,accelerometer_rms,SPAN_1,0.01796167978737829,2.381376564265832,2.578919714238203,3.333333333333333,0
2025-10-10 12:01:53.500,ACC_101,accelerometer_rms,SPAN_1,0.018579153831594142,2.584861608735149,2.8914792541771424,2.9411764705882346,0
2025-10-10 12:01:56.500,ACC_101,accelerometer_rms,SPAN_1,0.019274180954598003,1.8319845892422766,2.8184559553153417,0.784313725490196,0
2025-10-10 12:01:59.500,ACC_101,accelerometer_rms,SPAN_1,0.020163682366776046,1.8899203809878051,2.604093147240844,0.784313725490196,0
2025-10-10 12:02:02.500,ACC_101,accelerometer_rms,SPAN_1,0.020540811491406328,1.9973720054130109,2.784996778052089,0.392156862745098,0
2025-10-10 12:02:05.500,ACC_101,accelerometer_rms,SPAN_1,0.0220787149761937,2.632777137175831,2.6748539583895266,3.137254901960784,0
2025-10-10 12:02:08.500,ACC_101,accelerometer_rms,SPAN_1,0.02286660003963311,2.3991180826317975,2.7806907878140827,0.196078431372549,0
2025-10-10 12:02:11.500,ACC_101,accelerometer_rms,SPAN_1,0.02379078007317532,2.589801302012435,2.761219584894275,1.764705882352941,0
2025-10-10 12:02:14.500,ACC_101,accelerometer_rms,SPAN_1,0.023861746737666733,2.8938784177731267,2.9047048194959326,4.901960784313725,0
2025-10-10 12:02:17.500,ACC_101,accelerometer_rms,SPAN_1,0.024158747192716108,2.148011651322639,2.7443614156276808,0.588235294117647,0
2025-10-10 12:02:20.500,ACC_101,accelerometer_rms,SPAN_1,0.025097222641043724,2.160547799837706,2.8231098929012277,1.568627450980392,0
2025-10-10 12:02:23.500,ACC_101,accelerometer_rms,SPAN_1,0.024375088235134415,2.2185244357808345,2.8536011386210323,1.372549019607843,0
2025-10-10 12:02:26.500,ACC_101,accelerometer_rms,SPAN_1,0.024349772475484102,1.9448921802292813,2.842597203186575,0.392156862745098,0
2025-10-10 12:02:29.500,ACC_101,accelerometer_rms,SPAN_1,0.0249258000634668,2.3414696010247527,2.818527978435652,3.137254901960784,0
2025-10-10 12:02:32.500,ACC_101,accelerometer_rms,SPAN_1,0.024654066709444214,2.7983323997939578,2.784039910991871,2.9411764705882346,0
2025-10-10 12:02:35.500,ACC_101,accelerometer_rms,SPAN_1,0.024278681602042013,2.3162902017816074,2.53298909520613,0.588235294117647,0
2025-10-10 12:02:38.500,ACC_101,accelerometer_rms,SPAN_1,0.024217449318823896,2.2114503068135107,2.9021102940246353,0.588235294117647,0
2025-10-10 12:02:41.500,ACC_101,accelerometer_rms,SPAN_1,0.024124089221861073,2.3683545223118743,2.810525368930401,1.96078431372549,0
2025-10-10 12:02:44.500,ACC_101,accelerometer_rms,SPAN_1,0.024089202135185048,2.3926322414720076,2.7423084761450314,1.568627450980392,0
2025-10-10 12:02:47.500,ACC_101,accelerometer_rms,SPAN_1,0.02330813377721328,2.322339569977907,2.8040185316314172,2.549019607843137,0
2025-10-10 12:02:50.500,ACC_101,accelerometer_rms,SPAN_1,0.022595931240111417,2.6314540523371344,2.822804355145633,3.7254901960784306,0
2025-10-10 12:02:53.500,ACC_101,accelerometer_rms,SPAN_1,0.02204649849393634,2.6526611743575375,2.8496307288180986,0.980392156862745,0
2025-10-10 12:02:56.500,ACC_101,accelerometer_rms,SPAN_1,0.021775956748076943,2.9995877122626333,2.901389428141278,2.549019607843137,0
2025-10-10 12:02:59.500,ACC_101,accelerometer_rms,SPAN_1,0.020284117259087027,2.4524422353913438,2.7997888587970188,2.352941176470588,0
2025-10-10 12:03:02.500,ACC_101,accelerometer_rms,SPAN_1,0.018780496312533864,3.01577745669811,2.727424677372002,4.117647058823529,0
2025-10-10 12:03:05.500,ACC_101,accelerometer_rms,SPAN_1,0.01863494846555057,2.9000361865020308,2.793862815840123,1.372549019607843,0
2025-10-10 12:03:08.500,ACC_101,accelerometer_rms,SPAN_1,0.017510370336841347,2.5867368933211523,2.846698473028666,1.96078431372549,0
2025-10-10 12:03:11.500,ACC_101,accelerometer_rms,SPAN_1,0.01658951563310926,2.645325316094765,2.8970019899889086,0.784313725490196,0
2025-10-10 12:03:14.500,ACC_101,accelerometer_rms,SPAN_1,0.01635939739829356,2.9378509354348568,2.730314222230176,1.372549019607843,0
2025-10-10 12:03:17.500,ACC_101,accelerometer_rms,SPAN_1,0.016537966788871115,2.7046394897311696,2.8671024503483817,4.705882352941176,0
2025-10-10 12:03:20.500,ACC_101,accelerometer_rms,SPAN_1,0.016207286229395983,2.6054480748342423,2.951451785630102,1.176470588235294,0
2025-10-10 12:03:23.500,ACC_101,accelerometer_rms,SPAN_1,0.015725681623682066,2.6254785428900997,2.7874415606376792,2.9411764705882346,0
2025-10-10 12:03:26.500,ACC_101,accelerometer_rms,SPAN_1,0.01533063970884297,2.613248429451363,2.819255484899962,2.1568627450980387,0
2025-10-10 12:03:29.500,ACC_101,accelerometer_rms,SPAN_1,0.01583262969499456,2.441175358533145,2.704251336359044,3.333333333333333,0
2025-10-10 12:03:32.500,ACC_101,accelerometer_rms,SPAN_1,0.01615896284892509,2.724766172020223,2.8464102091446044,3.333333333333333,0
2025-10-10 12:03:35.500,ACC_101,accelerometer_rms,SPAN_1,0.015410322027147653,2.183943687677145,2.9062232350124146,1.764705882352941,0
2025-10-10 12:03:38.500,ACC_101,accelerometer_rms,SPAN_1,0.015541078274726516,1.9723733314828864,2.626985931984909,2.549019607843137,0
2025-10-10 12:03:41.500,ACC_101,accelerometer_rms,SPAN_1,0.01596902672332275,2.5269643495434346,2.7353089819073495,2.549019607843137,0
2025-10-10 12:03:44.500,ACC_101,accelerometer_rms,SPAN_1,0.016762564835452392,2.6761634565256394,2.9015875219446055,4.313725490196077,0
2025-10-10 12:03:47.500,ACC_101,accelerometer_rms,SPAN_1,0.01738844313634439,2.0289970415208187,3.0008422692422063,1.176470588235294,0
2025-10-10 12:03:50.500,ACC_101,accelerometer_rms,SPAN_1,0.018375305178204713,1.9924017950881066,2.8980110674018116,0.196078431372549,0
2025-10-10 12:03:53.500,ACC_101,accelerometer_rms,SPAN_1,0.01955846084505248,2.495899262623152,2.847141149334446,2.549019607843137,0
2025-10-10 12:03:56.500,ACC_101,accelerometer_rms,SPAN_1,0.020096513376263878,2.6802684480888557,2.936614208431152,2.745098039215686,0
2025-10-10 12:03:59.500,ACC_101,accelerometer_rms,SPAN_1,0.02046359758588071,2.7440916786471963,2.7644569940206463,3.333333333333333,0
2025-10-10 12:04:02.500,ACC_101,accelerometer_rms,SPAN_1,0.020896650274296942,2.7489526484438693,2.885685522200388,4.313725490196077,0
2025-10-10 12:04:05.500,ACC_101,accelerometer_rms,SPAN_1,0.02174575217117578,2.567389992265446,2.86249949989428,0.196078431372549,0
2025-10-10 12:04:08.500,ACC_101,accelerometer_rms,SPAN_1,0.022316589685614563,2.191950445730756,2.5228198766592675,1.176470588235294,0
2025-10-10 12:04:11.500,ACC_101,accelerometer_rms,SPAN_1,0.023537375848703638,1.8868450636854086,2.811502818414548,1.372549019607843,0
2025-10-10 12:04:14.500,ACC_101,accelerometer_rms,SPAN_1,0.024028047426648193,2.102327855040422,2.58441857046429,1.372549019607843,0
2025-10-10 12:04:17.500,ACC_101,accelerometer_rms,SPAN_1,0.025033073748817292,2.5286867500151375,2.84158916361828,2.745098039215686,0
2025-10-10 12:04:20.500,ACC_101,accelerometer_rms,SPAN_1,0.02542832353583573,2.7966052005202595,2.749409327578464,4.5098039215686265,0
2025-10-10 12:04:23.500,ACC_101,accelerometer_rms,SPAN_1,0.02582095670604957,2.4745444019880494,2.873124980288478,2.549019607843137,0
2025-10-10 12:04:26.500,ACC_101,accelerometer_rms,SPAN_1,0.025579578759045193,2.269089541385898,2.9881299746150214,1.176470588235294,0
2025-10-10 12:04:29.500,ACC_101,accelerometer_rms,SPAN_1,0.025768372786779365,2.5597972562086695,2.728620828251573,4.705882352941176,0
2025-10-10 12:04:32.500,ACC_101,accelerometer_rms,SPAN_1,0.025959796554612342,2.917421663083842,2.735839785789509,2.745098039215686,0
2025-10-10 12:04:35.500,ACC_101,accelerometer_rms,SPAN_1,0.02517598373489322,2.679080540928618,2.8210759685091134,2.1568627450980387,0
2025-10-10 12:04:38.500,ACC_101,accelerometer_rms,SPAN_1,0.024976060729991735,2.778427735153897,2.709130840201087,1.96078431372549,0
2025-10-10 12:04:41.500,ACC_101,accelerometer_rms,SPAN_1,0.023818823605727978,2.826881131302618,2.842424830365346,4.705882352941176,0
2025-10-10 12:04:44.500,ACC_101,accelerometer_rms,SPAN_1,0.02336666927148876,2.995062567481038,2.8816802671355535,4.117647058823529,0
2025-10-10 12:04:47.500,ACC_101,accelerometer_rms,SPAN_1,0.02316676181472914,2.356432861274744,2.6949428786334666,2.549019607843137,0
2025-10-10 12:04:50.500,ACC_101,accelerometer_rms,SPAN_1,0.022068296133931638,2.46766262293266,2.911813442685064,2.352941176470588,0
2025-10-10 12:04:53.500,ACC_101,accelerometer_rms,SPAN_1,0.021617976662499944,2.635549546354536,2.9843443348431733,1.372549019607843,0
2025-10-10 12:04:56.500,ACC_101,accelerometer_rms,SPAN_1,0.021424247849153557,2.3667076203184605,2.9653494092900043,0.980392156862745,0
2025-10-10 12:04:59.500,ACC_101,accelerometer_rms,SPAN_1,0.020292838312673606,2.064366047863804,2.870490412928824,0.980392156862745,0
2025-10-10 12:05:02.500,ACC_101,accelerometer_rms,SPAN_1,0.019033616193770555,2.1460432039347577,2.7277427657395714,2.1568627450980387,0
2025-10-10 12:05:05.500,ACC_101,accelerometer_rms,SPAN_1,0.018770857276692525,2.8839006321590315,2.7726152187428355,1.96078431372549,0
2025-10-10 12:05:08.500,ACC_101,accelerometer_rms,SPAN_1,0.017878134734043916,2.8976270287562453,2.8218097272960163,0.196078431372549,0
2025-10-10 12:05:11.500,ACC_101,accelerometer_rms,SPAN_1,0.016491736850111734,2.1625126312179885,2.839045077353251,0.784313725490196,0
2025-10-10 12:05:14.500,ACC_101,accelerometer_rms,SPAN_1,0.01682402963900497,1.9764276419909976,2.8201787623390557,0.784313725490196,0
2025-10-10 12:05:17.500,ACC_101,accelerometer_rms,SPAN_1,0.016996068631927104,2.214471854963915,2.759140341561497,0.980392156862745,0
2025-10-10 12:05:20.500,ACC_101,accelerometer_rms,SPAN_1,0.016507986945124235,2.479659975792105,2.8383701514236894,1.176470588235294,0
2025-10-10 12:05:23.500,ACC_101,accelerometer_rms,SPAN_1,0.01589983046771131,2.542915243836282,2.8742891171816036,0.980392156862745,0
2025-10-10 12:05:26.500,ACC_101,accelerometer_rms,SPAN_1,0.015527034749044624,3.01926533131232,2.814550257586095,4.901960784313725,0
2025-10-10 12:05:29.500,ACC_101,accelerometer_rms,SPAN_1,0.015229116354574761,3.1568180702109245,2.8252965450689436,4.901960784313725,0
2025-10-10 12:05:32.500,ACC_101,accelerometer_rms,SPAN_1,0.014494119575017379,2.200765844604819,2.8037139228835923,1.96078431372549,0
2025-10-10 12:05:35.500,ACC_101,accelerometer_rms,SPAN_1,0.015600713034860889,1.6648039057063044,2.5649149667644795,0.392156862745098,0
2025-10-10 12:05:38.500,ACC_101,accelerometer_rms,SPAN_1,0.016552146493703457,2.743086778549181,2.7288006662053332,1.568627450980392,0
2025-10-10 12:05:41.500,ACC_101,accelerometer_rms,SPAN_1,0.016397065272451033,2.8651949626274664,2.736771259514636,3.92156862745098,0
2025-10-10 12:05:44.500,ACC_101,accelerometer_rms,SPAN_1,0.016499243420562665,2.752055774694206,2.861107198599305,4.705882352941176,0
2025-10-10 12:05:47.500,ACC_101,accelerometer_rms,SPAN_1,0.016708144350209897,2.61212126363762,2.9702626531711465,1.372549019607843,0
2025-10-10 12:05:50.500,ACC_101,accelerometer_rms,SPAN_1,0.01745970737070322,2.488850897956934,2.823398813908881,0.196078431372549,0
2025-10-10 12:05:53.500,ACC_101,accelerometer_rms,SPAN_1,0.0192043567667217,2.0510731412836023,2.7262633580501325,1.568627450980392,0
2025-10-10 12:05:56.500,ACC_101,accelerometer_rms,SPAN_1,0.019934431698376928,2.394981631274653,2.7527444726110093,2.9411764705882346,0
2025-10-10 12:05:59.500,ACC_101,accelerometer_rms,SPAN_1,0.020230950421104208,2.3486109588286275,2.888716081959801,1.176470588235294,0
2025-10-10 12:06:02.500,ACC_101,accelerometer_rms,SPAN_1,0.02103595431636036,2.5848339266836904,2.9250406993620293,4.117647058823529,0
2025-10-10 12:06:05.500,ACC_101,accelerometer_rms,SPAN_1,0.021113673741969985,2.9254446848910414,2.924971720649505,3.529411764705882,0
2025-10-10 12:06:08.500,ACC_101,accelerometer_rms,SPAN_1,0.022237750684585972,2.4304969151522573,2.753269483406044,3.7254901960784306,0
2025-10-10 12:06:11.500,ACC_101,accelerometer_rms,SPAN_1,0.022899409867813574,2.6439943617370147,2.8319714113957617,3.7254901960784306,0
2025-10-10 12:06:14.500,ACC_101,accelerometer_rms,SPAN_1,0.02407100545445153,2.531451457347587,2.829277486917715,0.588235294117647,0
2025-10-10 12:06:17.500,ACC_101,accelerometer_rms,SPAN_1,0.024406713413064263,2.2123829964393886,2.8914310653437165,0.980392156862745,0
2025-10-10 12:06:20.500,ACC_101,accelerometer_rms,SPAN_1,0.023795381714138746,2.2530070643579396,2.8594069558768775,1.568627450980392,0
2025-10-10 12:06:23.500,ACC_101,accelerometer_rms,SPAN_1,0.024552250990210134,2.9074263751871126,2.8801856381027755,3.92156862745098,0
2025-10-10 12:06:26.500,ACC_101,accelerometer_rms,SPAN_1,0.025016444000916287,3.214898225549329,2.726420763237692,4.705882352941176,0
2025-10-10 12:06:29.500,ACC_101,accelerometer_rms,SPAN_1,0.0244590929296484,2.7049684835773213,2.7960432755605473,4.705882352941176,0
2025-10-10 12:06:32.500,ACC_101,accelerometer_rms,SPAN_1,0.024932813606830282,2.697804916547272,2.7972201748853447,3.7254901960784306,0
2025-10-10 12:06:35.500,ACC_101,accelerometer_rms,SPAN_1,0.02508518480587891,2.7221051853047804,2.8144284170793488,2.745098039215686,0
2025-10-10 12:06:38.500,ACC_101,accelerometer_rms,SPAN_1,0.02446220113306466,2.4042058252209,2.895166443685951,3.529411764705882,0
2025-10-10 12:06:41.500,ACC_101,accelerometer_rms,SPAN_1,0.024362490893367447,2.5894498168597164,2.9353459382842804,1.96078431372549,0
2025-10-10 12:06:44.500,ACC_101,accelerometer_rms,SPAN_1,0.023803586999425433,2.630374026230949,2.9985654514833513,1.96078431372549,0
2025-10-10 12:06:47.500,ACC_101,accelerometer_rms,SPAN_1,0.023214543992598986,2.88594533583814,2.8823259699745734,4.901960784313725,0
2025-10-10 12:06:50.500,ACC_101,accelerometer_rms,SPAN_1,0.0228047796649875,2.7565672469305347,2.9157852070172714,4.901960784313725,0
2025-10-10 12:06:53.500,ACC_101,accelerometer_rms,SPAN_1,0.02151075829421541,2.483414659461568,2.6968560197123015,4.5098039215686265,0
2025-10-10 12:06:56.500,ACC_101,accelerometer_rms,SPAN_1,0.02041741212788731,2.7311026136794356,2.82107249457402,4.117647058823529,0
2025-10-10 12:06:59.500,ACC_101,accelerometer_rms,SPAN_1,0.020184030420111836,2.7630851371964233,2.8108742879129243,4.313725490196077,0
2025-10-10 12:07:02.500,ACC_101,accelerometer_rms,SPAN_1,0.01896565165105116,2.9009634428145774,2.773310711579907,4.313725490196077,0
2025-10-10 12:07:05.500,ACC_101,accelerometer_rms,SPAN_1,0.018564881169119543,2.8306215390810956,2.701726799618106,1.96078431372549,0
2025-10-10 12:07:08.500,ACC_101,accelerometer_rms,SPAN_1,0.01834076000841499,2.7978512398174544,2.6891395710320833,1.176470588235294,0
2025-10-10 12:07:11.500,ACC_101,accelerometer_rms,SPAN_1,0.017698012773123627,2.8800799314551675,2.891546190176896,2.549019607843137,0
2025-10-10 12:07:14.500,ACC_101,accelerometer_rms,SPAN_1,0.017751571305209057,2.691981370948808,2.867118267054199,4.705882352941176,0
2025-10-10 12:07:17.500,ACC_101,accelerometer_rms,SPAN_1,0.016457289648317774,2.178799438221176,2.885141599683052,0.196078431372549,0
2025-10-10 12:07:20.500,ACC_101,accelerometer_rms,SPAN_1,0.0151437137783306,2.386623423523933,2.7218241297162296,4.5098039215686265,0
2025-10-10 12:07:23.500,ACC_101,accelerometer_rms,SPAN_1,0.014534396562340403,2.6031573911921555,2.8539216828710985,4.705882352941176,0
2025-10-10 12:07:26.500,ACC_101,accelerometer_rms,SPAN_1,0.01500330015265269,2.5122844851799138,2.7966867913847793,2.549019607843137,0
2025-10-10 12:07:29.500,ACC_101,accelerometer_rms,SPAN_1,0.014722490717319832,2.283856477951279,2.884939590700588,1.176470588235294,0
2025-10-10 12:07:32.500,ACC_101,accelerometer_rms,SPAN_1,0.01534294082044273,2.155838435869476,2.783228997464062,1.96078431372549,0
2025-10-10 12:07:35.500,ACC_101,accelerometer_rms,SPAN_1,0.015829304729383608,2.237034850600024,2.7666737386408515,1.568627450980392,0
2025-10-10 12:07:38.500,ACC_101,accelerometer_rms,SPAN_1,0.015558543868682747,2.2316165535418535,2.89433301565677,1.176470588235294,0
2025-10-10 12:07:41.500,ACC_101,accelerometer_rms,SPAN_1,0.015921568710277213,2.5477924181233567,2.889312082974309,1.176470588235294,0
2025-10-10 12:07:44.500,ACC_101,accelerometer_rms,SPAN_1,0.016943637032879356,2.607096708358763,2.8488603856018075,4.313725490196077,0
2025-10-10 12:07:47.500,ACC_101,accelerometer_rms,SPAN_1,0.017336582020596295,2.450825792804088,2.8029909353553752,3.7254901960784306,0
2025-10-10 12:07:50.500,ACC_101,accelerometer_rms,SPAN_1,0.01701000247374652,2.7108916746316702,2.9661997372845654,4.313725490196077,0
2025-10-10 12:07:53.500,ACC_101,accelerometer_rms,SPAN_1,0.018166756708717313,2.5786007852641326,2.9195411167726912,1.372549019607843,0
2025-10-10 12:07:56.500,ACC_101,accelerometer_rms,SPAN_1,0.018693852174382013,3.0143584817502247,2.926632870151226,4.117647058823529,0
2025-10-10 12:07:59.500,ACC_101,accelerometer_rms,SPAN_1,0.02011003764975366,2.326049382396984,2.767398118406828,1.176470588235294,0
2025-10-10 12:08:02.500,ACC_101,accelerometer_rms,SPAN_1,0.021295226788197966,2.517165087900557,2.9529852283224205,0.196078431372549,0
2025-10-10 12:08:05.500,ACC_101,accelerometer_rms,SPAN_1,0.021957451659346743,2.691868590820012,2.709260749648721,4.5098039215686265,0
2025-10-10 12:08:08.500,ACC_101,accelerometer_rms,SPAN_1,0.022008558619541718,2.705774990911267,2.7450390418394672,0.784313725490196,0
2025-10-10 12:08:11.500,ACC_101,accelerometer_rms,SPAN_1,0.0225428236035242,2.509999057412065,2.703165163636959,2.549019607843137,0
2025-10-10 12:08:14.500,ACC_101,accelerometer_rms,SPAN_1,0.02380846538976602,2.272604386092813,2.6981424222789903,1.372549019607843,0
2025-10-10 12:08:17.500,ACC_101,accelerometer_rms,SPAN_1,0.026351770957342417,2.508924351816394,3.0933051635361957,1.372549019607843,1
2025-10-10 12:08:20.500,ACC_101,accelerometer_rms,SPAN_1,0.0674028027946066,0.4611424073501066,1.0539740198393173,0.196078431372549,1
2025-10-10 12:08:23.500,ACC_101,accelerometer_rms,SPAN_1,0.0847613053553862,2.3709853407422776,2.8808729793632506,0.392156862745098,1
2025-10-10 12:08:26.500,ACC_101,accelerometer_rms,SPAN_1,0.08466484334056464,2.7790196344304117,2.9130504905271133,4.313725490196077,1
2025-10-10 12:08:29.500,ACC_101,accelerometer_rms,SPAN_1,0.08368725794898293,2.7991021965353484,2.810040140583464,3.92156862745098,1
2025-10-10 12:08:32.500,ACC_101,accelerometer_rms,SPAN_1,0.08310968605320769,2.824156034645274,2.6206641512860767,1.764705882352941,1
2025-10-10 12:08:35.500,ACC_101,accelerometer_rms,SPAN_1,0.08382743886032992,2.8045375802235157,2.9147942072965836,3.529411764705882,1
2025-10-10 12:08:38.500,ACC_101,accelerometer_rms,SPAN_1,0.08555780320734437,2.216874423311359,2.6863945446534205,0.392156862745098,1
2025-10-10 12:08:41.500,ACC_101,accelerometer_rms,SPAN_1,0.08572447084255051,1.8870599945948165,2.5721013255831284,0.196078431372549,1
2025-10-10 12:08:44.500,ACC_101,accelerometer_rms,SPAN_1,0.08327531099181987,2.923929104195584,2.7454031263105123,3.7254901960784306,1
2025-10-10 12:08:47.500,ACC_101,accelerometer_rms,SPAN_1,0.08201230521265768,2.441677182086151,2.92042438735113,4.117647058823529,1
2025-10-10 12:08:50.500,ACC_101,accelerometer_rms,SPAN_1,0.08286337971980286,2.0404322765641143,2.8025408407451073,0.980392156862745,1
2025-10-10 12:08:53.500,ACC_101,accelerometer_rms,SPAN_1,0.08136595781803997,2.2246419481728683,2.8663738792187967,0.784313725490196,1
2025-10-10 12:08:56.500,ACC_101,accelerometer_rms,SPAN_1,0.08176645062316086,2.4291243238218065,2.8915297679680294,4.117647058823529,1
2025-10-10 12:08:59.500,ACC_101,accelerometer_rms,SPAN_1,0.06516855947614676,0.5061903990862382,1.145960629559905,0.196078431372549,1
2025-10-10 12:09:02.500,ACC_101,accelerometer_rms,SPAN_1,0.021772328368105866,2.608166716434958,3.1390028845330415,1.568627450980392,1
2025-10-10 12:09:05.500,ACC_101,accelerometer_rms,SPAN_1,0.018871034956083502,2.318643780919189,2.8744860610465865,1.96078431372549,0
2025-10-10 12:09:08.500,ACC_101,accelerometer_rms,SPAN_1,0.018331032080525493,2.2153670376438432,2.7471309708712464,2.352941176470588,0
2025-10-10 12:09:11.500,ACC_101,accelerometer_rms,SPAN_1,0.017279696926808436,2.1819132319098857,2.8152539728630557,2.352941176470588,0
2025-10-10 12:09:14.500,ACC_101,accelerometer_rms,SPAN_1,0.01717852374332556,2.1391753461640475,2.962963000485522,1.176470588235294,0
2025-10-10 12:09:17.500,ACC_101,accelerometer_rms,SPAN_1,0.01621559966241658,2.5310768441511846,2.578783199559006,4.313725490196077,0
2025-10-10 12:09:20.500,ACC_101,accelerometer_rms,SPAN_1,0.016077237789532645,2.747605477683935,2.6126388300827643,4.5098039215686265,0
2025-10-10 12:09:23.500,ACC_101,accelerometer_rms,SPAN_1,0.01597718972258177,2.7371422419916698,2.8889699702578873,4.705882352941176,0
2025-10-10 12:09:26.500,ACC_101,accelerometer_rms,SPAN_1,0.01568555503527707,2.4026969088141428,2.8226429919311924,0.980392156862745,0
2025-10-10 12:09:29.500,ACC_101,accelerometer_rms,SPAN_1,0.015400263612462398,2.27963616541203,2.8153453693632184,1.764705882352941,0
2025-10-10 12:09:32.500,ACC_101,accelerometer_rms,SPAN_1,0.01556597872435456,3.517058299509915,2.731322459466293,4.901960784313725,0
2025-10-10 12:09:35.500,ACC_101,accelerometer_rms,SPAN_1,0.015472580515347839,3.216115935337209,2.6985630272569288,4.5098039215686265,0
2025-10-10 12:09:38.500,ACC_101,accelerometer_rms,SPAN_1,0.015435082795435883,2.1996776719337627,2.801279665440556,0.392156862745098,0
2025-10-10 12:09:41.500,ACC_101,accelerometer_rms,SPAN_1,0.01609366616246962,2.181755609939745,2.7233027757737878,0.392156862745098,0
2025-10-10 12:09:44.500,ACC_101,accelerometer_rms,SPAN_1,0.016999753410552987,2.272787672334245,2.8239139977582353,1.372549019607843,0
2025-10-10 12:09:47.500,ACC_101,accelerometer_rms,SPAN_1,0.017780549224517512,2.4564583801902358,2.813693337610485,3.333333333333333,0
2025-10-10 12:09:50.500,ACC_101,accelerometer_rms,SPAN_1,0.018136922912806847,2.7771741530692777,2.8196052740724937,3.529411764705882,0
2025-10-10 12:09:53.500,ACC_101,accelerometer_rms,SPAN_1,0.01885867959114764,3.2062343111224525,2.7224431646809033,4.705882352941176,0
2025-10-10 12:09:56.500,ACC_101,accelerometer_rms,SPAN_1,0.019170349315605937,3.127497683307862,2.7781999410613336,4.117647058823529,0
2025-10-10 12:09:59.500,ACC_101,accelerometer_rms,SPAN_1,0.02016234145969299,2.641133546023173,2.859496622087746,3.137254901960784,0
2025-10-10 12:10:02.500,ACC_101,accelerometer_rms,SPAN_1,0.020874529019460863,2.721484295534442,2.762737446193944,2.1568627450980387,0
2025-10-10 12:10:05.500,ACC_101,accelerometer_rms,SPAN_1,0.02104789956080104,2.5675163462510624,2.9145752900179676,3.92156862745098,0
2025-10-10 12:10:08.500,ACC_101,accelerometer_rms,SPAN_1,0.022532042699579775,2.5707450392757942,2.897364097228573,0.196078431372549,0
2025-10-10 12:10:11.500,ACC_101,accelerometer_rms,SPAN_1,0.023056049609762798,2.7343802743526884,2.6499087609161847,1.176470588235294,0
2025-10-10 12:10:14.500,ACC_101,accelerometer_rms,SPAN_1,0.023447019149563552,2.2265407743374874,2.716043055672682,1.96078431372549,0
2025-10-10 12:10:17.500,ACC_101,accelerometer_rms,SPAN_1,0.023881084415963042,2.5505572953453046,2.7917570907649853,1.568627450980392,0
2025-10-10 12:10:20.500,ACC_101,accelerometer_rms,SPAN_1,0.023988839095647432,2.7747759054308285,2.897297743322312,4.313725490196077,0
2025-10-10 12:10:23.500,ACC_101,accelerometer_rms,SPAN_1,0.025119525838537264,2.5380260227551332,2.887675527608611,3.92156862745098,0
2025-10-10 12:10:26.500,ACC_101,accelerometer_rms,SPAN_1,0.025441521468793075,2.776597908892449,2.727614478901933,3.92156862745098,0
2025-10-10 12:10:29.500,ACC_101,accelerometer_rms,SPAN_1,0.025061136829682692,2.9166322410928673,2.8531459494517373,1.96078431372549,0
2025-10-10 12:10:32.500,ACC_101,accelerometer_rms,SPAN_1,0.02500172542790895,2.675372601652669,2.612080114225894,3.529411764705882,0
2025-10-10 12:10:35.500,ACC_101,accelerometer_rms,SPAN_1,0.025026360714019834,2.7165956059678913,3.0460545732449127,4.5098039215686265,0
2025-10-10 12:10:38.500,ACC_101,accelerometer_rms,SPAN_1,0.024928957020253516,2.4292018128585986,2.8377125809371355,2.352941176470588,0
2025-10-10 12:10:41.500,ACC_101,accelerometer_rms,SPAN_1,0.024454209381024373,2.2146537354603266,2.8896583284261697,0.588235294117647,0
2025-10-10 12:10:44.500,ACC_101,accelerometer_rms,SPAN_1,0.023808883312911658,2.2618427051969707,2.8593209502260244,1.568627450980392,0
2025-10-10 12:10:47.500,ACC_101,accelerometer_rms,SPAN_1,0.023276792330475405,2.6171157022070393,2.7755903227485668,1.568627450980392,0
2025-10-10 12:10:50.500,ACC_101,accelerometer_rms,SPAN_1,0.022650242732543447,2.9104665546502524,2.7668004132343342,2.9411764705882346,0
2025-10-10 12:10:53.500,ACC_101,accelerometer_rms,SPAN_1,0.022379647178700945,2.80833426140658,2.6194010144093958,3.92156862745098,0
2025-10-10 12:10:56.500,ACC_101,accelerometer_rms,SPAN_1,0.021974335642325312,2.8546230115915656,2.774035561554826,4.705882352941176,0
2025-10-10 12:10:59.500,ACC_101,accelerometer_rms,SPAN_1,0.020187910186204874,2.773273983022431,2.8870066598354263,1.96078431372549,0
2025-10-10 12:11:02.500,ACC_101,accelerometer_rms,SPAN_1,0.01931004732836068,2.9720907698149666,2.67155262776007,3.529411764705882,0
2025-10-10 12:11:05.500,ACC_101,accelerometer_rms,SPAN_1,0.018448322290477617,2.994230605882524,2.8119019246459853,3.529411764705882,0
2025-10-10 12:11:08.500,ACC_101,accelerometer_rms,SPAN_1,0.01860845271038164,2.6524693705394427,2.8493460727924433,1.96078431372549,0
2025-10-10 12:11:11.500,ACC_101,accelerometer_rms,SPAN_1,0.0177547353523327,2.3665040107685527,2.8729598400488245,1.96078431372549,0
2025-10-10 12:11:14.500,ACC_101,accelerometer_rms,SPAN_1,0.016856651363081298,2.35169641104931,2.948707810161004,0.588235294117647,0
2025-10-10 12:11:17.500,ACC_101,accelerometer_rms,SPAN_1,0.016512383167270106,2.5513002014017814,2.782077872882004,2.549019607843137,0
2025-10-10 12:11:20.500,ACC_101,accelerometer_rms,SPAN_1,0.016441008938674312,2.5799631333136865,2.739975480768404,4.901960784313725,0
2025-10-10 12:11:23.500,ACC_101,accelerometer_rms,SPAN_1,0.015963227555854737,2.671838555694931,2.8674126109656752,4.5098039215686265,0
2025-10-10 12:11:26.500,ACC_101,accelerometer_rms,SPAN_1,0.015624276872364805,2.613839218221239,2.719982132493555,1.372549019607843,0
2025-10-10 12:11:29.500,ACC_101,accelerometer_rms,SPAN_1,0.015006526382825286,2.47107763257138,2.9985919764402618,1.96078431372549,0
2025-10-10 12:11:32.500,ACC_101,accelerometer_rms,SPAN_1,0.015056841823113988,2.796039237705345,2.817125777217689,1.96078431372549,0
2025-10-10 12:11:35.500,ACC_101,accelerometer_rms,SPAN_1,0.015455202340071418,2.7946652248384023,2.8310830114909287,2.1568627450980387,0
2025-10-10 12:11:38.500,ACC_101,accelerometer_rms,SPAN_1,0.01544173379602987,2.5786606505937977,2.9684585734715947,1.96078431372549,0
2025-10-10 12:11:41.500,ACC_101,accelerometer_rms,SPAN_1,0.015598642045597003,2.4173316170723815,2.6983409034525736,1.96078431372549,0
2025-10-10 12:11:44.500,ACC_101,accelerometer_rms,SPAN_1,0.01605824169677854,2.4910743081363274,2.9456828938236694,1.372549019607843,0
2025-10-10 12:11:47.500,ACC_101,accelerometer_rms,SPAN_1,0.017162877828981623,2.511126690613058,2.891015305024931,2.352941176470588,0
2025-10-10 12:11:50.500,ACC_101,accelerometer_rms,SPAN_1,0.017528791606282238,2.662910242086519,2.906999030408127,4.313725490196077,0
2025-10-10 12:11:53.500,ACC_101,accelerometer_rms,SPAN_1,0.01873455936152725,2.376846390652803,2.7610818525560523,1.176470588235294,0
2025-10-10 12:11:56.500,ACC_101,accelerometer_rms,SPAN_1,0.01968170523209656,2.5837671624740417,2.7733092439795484,2.352941176470588,0
2025-10-10 12:11:59.500,ACC_101,accelerometer_rms,SPAN_1,0.020064784436674026,2.2953952752583584,2.840151501274463,0.392156862745098,0
2025-10-10 12:12:02.500,ACC_101,accelerometer_rms,SPAN_1,0.020610135589549328,2.595322062876687,2.737745702609447,2.1568627450980387,0
2025-10-10 12:12:05.500,ACC_101,accelerometer_rms,SPAN_1,0.021212110268410724,1.9988851300284989,2.8278490863708585,0.784313725490196,0
2025-10-10 12:12:08.500,ACC_101,accelerometer_rms,SPAN_1,0.022463852460184588,2.245601541756905,2.824372582892785,1.568627450980392,0
2025-10-10 12:12:11.500,ACC_101,accelerometer_rms,SPAN_1,0.02383970694689273,2.538635593744501,3.011207753038072,2.9411764705882346,0
2025-10-10 12:12:14.500,ACC_101,accelerometer_rms,SPAN_1,0.024559635443500524,2.664053243883807,3.0290128097598608,3.137254901960784,0
2025-10-10 12:12:17.500,ACC_101,accelerometer_rms,SPAN_1,0.02449769689455021,2.8202070733422566,2.5474898732366595,3.137254901960784,0
2025-10-10 12:12:20.500,ACC_101,accelerometer_rms,SPAN_1,0.024547915595390813,2.97926565995065,2.8223476219135675,4.117647058823529,0
2025-10-10 12:12:23.500,ACC_101,accelerometer_rms,SPAN_1,0.025427315742381166,2.5003567030774265,2.747941837376003,1.96078431372549,0
2025-10-10 12:12:26.500,ACC_101,accelerometer_rms,SPAN_1,0.025470084882496337,2.6213460200381964,2.7931841048948396,3.137254901960784,0
2025-10-10 12:12:29.500,ACC_101,accelerometer_rms,SPAN_1,0.024311730131769727,2.4848430445401815,2.6983774243574596,0.196078431372549,0
2025-10-10 12:12:32.500,ACC_101,accelerometer_rms,SPAN_1,0.024273687976094287,2.8502199813928786,2.901345265683406,4.313725490196077,0
2025-10-10 12:12:35.500,ACC_101,accelerometer_rms,SPAN_1,0.025305958665895273,2.635649623211357,2.761326331847458,2.1568627450980387,0
2025-10-10 12:12:38.500,ACC_101,accelerometer_rms,SPAN_1,0.024406997942971916,2.3792891563647105,2.922943424390452,2.1568627450980387,0
2025-10-10 12:12:41.500,ACC_101,accelerometer_rms,SPAN_1,0.024349122184926308,2.1013621183667976,2.981844946845924,1.96078431372549,0
2025-10-10 12:12:44.500,ACC_101,accelerometer_rms,SPAN_1,0.024056058470116153,2.1546488793294367,2.8009185843804563,0.588235294117647,0
2025-10-10 12:12:47.500,ACC_101,accelerometer_rms,SPAN_1,0.02323661984885065,2.332345830868488,2.8821635503508616,0.392156862745098,0
2025-10-10 12:12:50.500,ACC_101,accelerometer_rms,SPAN_1,0.02317167099426942,2.677513494747279,2.9599696549001915,1.96078431372549,0
2025-10-10 12:12:53.500,ACC_101,accelerometer_rms,SPAN_1,0.022469016817936335,2.612681480642993,2.783298401520839,3.333333333333333,0
2025-10-10 12:12:56.500,ACC_101,accelerometer_rms,SPAN_1,0.02146289293815048,2.2806729476298315,2.809281856093254,3.137254901960784,0
2025-10-10 12:12:59.500,ACC_101,accelerometer_rms,SPAN_1,0.02066075314383743,2.090630946801112,2.6387307146372754,1.372549019607843,0
2025-10-10 12:13:02.500,ACC_101,accelerometer_rms,SPAN_1,0.019055820999389773,2.2163762736389527,2.7048841610233856,2.549019607843137,0
2025-10-10 12:13:05.500,ACC_101,accelerometer_rms,SPAN_1,0.018625642719796012,2.8208975605031,2.6064712793568283,3.529411764705882,0
2025-10-10 12:13:08.500,ACC_101,accelerometer_rms,SPAN_1,0.017942223841334412,2.5427306274575767,2.7572964796337605,0.196078431372549,0
2025-10-10 12:13:11.500,ACC_101,accelerometer_rms,SPAN_1,0.01723825685082172,2.4760517843743415,2.825171471293636,2.549019607843137,0
2025-10-10 12:13:14.500,ACC_101,accelerometer_rms,SPAN_1,0.01673100867357656,2.5876474400488196,2.8577420065190986,3.333333333333333,0
2025-10-10 12:13:17.500,ACC_101,accelerometer_rms,SPAN_1,0.016170121539068136,2.4511236673957066,2.751915598126229,3.333333333333333,0
2025-10-10 12:13:20.500,ACC_101,accelerometer_rms,SPAN_1,0.015791044738749125,2.6256358172790493,2.7966659752763534,1.568627450980392,0
2025-10-10 12:13:23.500,ACC_101,accelerometer_rms,SPAN_1,0.01585779087611475,2.422782282680375,2.78670660629211,4.117647058823529,0
2025-10-10 12:13:26.500,ACC_101,accelerometer_rms,SPAN_1,0.015473987657976715,2.118689826396437,2.7559241580642255,1.96078431372549,0
2025-10-10 12:13:29.500,ACC_101,accelerometer_rms,SPAN_1,0.015050232319879748,2.5501959712673914,2.8269800157916434,1.568627450980392,0
2025-10-10 12:13:32.500,ACC_101,accelerometer_rms,SPAN_1,0.015059643829603335,2.499616033495096,2.958281111565667,4.117647058823529,0
2025-10-10 12:13:35.500,ACC_101,accelerometer_rms,SPAN_1,0.01507946302224372,2.8261167687117013,2.7724172265828804,3.529411764705882,0
2025-10-10 12:13:38.500,ACC_101,accelerometer_rms,SPAN_1,0.01525426607189467,2.990351352066123,2.7824483655181163,3.92156862745098,0
2025-10-10 12:13:41.500,ACC_101,accelerometer_rms,SPAN_1,0.01520738838751176,2.488895041624707,2.827827681506114,2.9411764705882346,0
2025-10-10 12:13:44.500,ACC_101,accelerometer_rms,SPAN_1,0.01710793746406941,1.6467158635178114,2.564732495717016,0.196078431372549,0
2025-10-10 12:13:47.500,ACC_101,accelerometer_rms,SPAN_1,0.01827147978166423,2.495659858809515,2.687842939207596,0.784313725490196,0
2025-10-10 12:13:50.500,ACC_101,accelerometer_rms,SPAN_1,0.0183515743669337,2.8323617222144666,2.754942646508066,3.7254901960784306,0
2025-10-10 12:13:53.500,ACC_101,accelerometer_rms,SPAN_1,0.01930719949026432,2.6966125594895196,2.9249014981652826,3.137254901960784,0
2025-10-10 12:13:56.500,ACC_101,accelerometer_rms,SPAN_1,0.019790758628664015,2.912900923309677,2.862342739691832,4.117647058823529,0
2025-10-10 12:13:59.500,ACC_101,accelerometer_rms,SPAN_1,0.020089479576312047,2.8373080062839855,2.80045294152311,3.529411764705882,0
2025-10-10 12:14:02.500,ACC_101,accelerometer_rms,SPAN_1,0.020593082960157313,2.6184601335792363,2.6778132041471006,2.9411764705882346,0
2025-10-10 12:14:05.500,ACC_101,accelerometer_rms,SPAN_1,0.02145123608577937,2.554222057637906,2.8349525086859186,1.764705882352941,0
2025-10-10 12:14:08.500,ACC_101,accelerometer_rms,SPAN_1,0.022377005140519216,2.618604304170543,2.800550231189587,0.784313725490196,0
2025-10-10 12:14:11.500,ACC_101,accelerometer_rms,SPAN_1,0.023102309808549364,2.56207918024163,2.9035759512753625,1.96078431372549,0
2025-10-10 12:14:14.500,ACC_101,accelerometer_rms,SPAN_1,0.023603078791780117,2.4303887983916743,2.8949921784078536,1.176470588235294,0
2025-10-10 12:14:17.500,ACC_101,accelerometer_rms,SPAN_1,0.024132730386385224,2.8081682532247165,2.9170673440992396,2.549019607843137,0
2025-10-10 12:14:20.500,ACC_101,accelerometer_rms,SPAN_1,0.02491999464049607,2.609276198655795,2.8860457393223804,3.92156862745098,0
2025-10-10 12:14:23.500,ACC_101,accelerometer_rms,SPAN_1,0.025392749612098826,3.196340134149527,2.6546587668254142,3.333333333333333,0
2025-10-10 12:14:26.500,ACC_101,accelerometer_rms,SPAN_1,0.025555607966726592,2.923817011176781,2.67309402771278,4.5098039215686265,0
2025-10-10 12:14:29.500,ACC_101,accelerometer_rms,SPAN_1,0.025120272328984672,2.46137953515954,2.909737539472207,4.5098039215686265,0
2025-10-10 12:14:32.500,ACC_101,accelerometer_rms,SPAN_1,0.024801798990332594,2.375271031516183,2.9191613792980466,2.1568627450980387,0
2025-10-10 12:14:35.500,ACC_101,accelerometer_rms,SPAN_1,0.025739435160705388,2.7086574607799263,2.7163128920135176,3.333333333333333,0
2025-10-10 12:14:38.500,ACC_101,accelerometer_rms,SPAN_1,0.025239936871056193,2.537955833248282,2.8240751090472105,2.549019607843137,0
2025-10-10 12:14:41.500,ACC_101,accelerometer_rms,SPAN_1,0.02489173882014264,2.633414210950717,2.8425218069999194,2.745098039215686,0
2025-10-10 12:14:44.500,ACC_101,accelerometer_rms,SPAN_1,0.02375544951184473,2.2231523435561127,2.7995459004422476,0.196078431372549,0
2025-10-10 12:14:47.500,ACC_101,accelerometer_rms,SPAN_1,0.022727521668155344,2.3194927495032536,2.8202154043011642,2.549019607843137,0
2025-10-10 12:14:50.500,ACC_101,accelerometer_rms,SPAN_1,0.022113350103146148,2.668061764507399,2.737812658378599,2.352941176470588,0
2025-10-10 12:14:53.500,ACC_101,accelerometer_rms,SPAN_1,0.02183641028460601,2.5176917378385864,2.6031329657887325,2.352941176470588,0
2025-10-10 12:14:56.500,ACC_101,accelerometer_rms,SPAN_1,0.021400980405432958,2.7471187954026424,2.778793234335584,3.333333333333333,0
2025-10-10 12:14:59.500,ACC_101,accelerometer_rms,SPAN_1,0.02132091973515545,2.5311601558976933,3.014545321704506,2.549019607843137,0
2025-10-10 12:15:02.500,ACC_101,accelerometer_rms,SPAN_1,0.01979939616874865,2.3836923639648337,2.857601351927949,1.764705882352941,0
2025-10-10 12:15:05.500,ACC_101,accelerometer_rms,SPAN_1,0.018880283494257424,2.6529863317708524,3.027818772514555,2.745098039215686,0
2025-10-10 12:15:08.500,ACC_101,accelerometer_rms,SPAN_1,0.018207143921129033,2.5526418916405342,2.89620493701576,2.352941176470588,0
2025-10-10 12:15:11.500,ACC_101,accelerometer_rms,SPAN_1,0.017103005916860252,2.461290179741194,2.749250792589023,0.784313725490196,0
2025-10-10 12:15:14.500,ACC_101,accelerometer_rms,SPAN_1,0.015696048369311454,2.542914368579559,2.917949700781186,3.92156862745098,0
2025-10-10 12:15:17.500,ACC_101,accelerometer_rms,SPAN_1,0.01567095436362019,2.246171739535163,2.7250639961112224,2.1568627450980387,0
2025-10-10 12:15:20.500,ACC_101,accelerometer_rms,SPAN_1,0.015290987825077446,2.4124787684121154,2.873674807018673,1.372549019607843,0
2025-10-10 12:15:23.500,ACC_101,accelerometer_rms,SPAN_1,0.014886507707501119,3.119789760375789,2.738684731788305,4.117647058823529,0
2025-10-10 12:15:26.500,ACC_101,accelerometer_rms,SPAN_1,0.015045167944898323,2.31197741739719,2.594245011636536,1.372549019607843,0
2025-10-10 12:15:29.500,ACC_101,accelerometer_rms,SPAN_1,0.014295654035199567,2.257517949664253,2.7683181559260808,0.784313725490196,0
2025-10-10 12:15:32.500,ACC_101,accelerometer_rms,SPAN_1,0.015466693290840845,2.2985997538084866,2.6052932255962022,2.549019607843137,0
2025-10-10 12:15:35.500,ACC_101,accelerometer_rms,SPAN_1,0.0159119764223891,2.304238350899089,2.7926120769687666,3.333333333333333,0
2025-10-10 12:15:38.500,ACC_101,accelerometer_rms,SPAN_1,0.016441121523216612,2.262915496492202,2.9662923411843027,1.176470588235294,0
2025-10-10 12:15:41.500,ACC_101,accelerometer_rms,SPAN_1,0.01618416914947516,2.3912814363063406,2.8878671901890822,0.980392156862745,0
2025-10-10 12:15:44.500,ACC_101,accelerometer_rms,SPAN_1,0.015805634598421648,2.504217881222191,2.9372399450698135,4.313725490196077,0
2025-10-10 12:15:47.500,ACC_101,accelerometer_rms,SPAN_1,0.016785837101439965,2.9496540406584133,2.826165757346379,1.176470588235294,0
2025-10-10 12:15:50.500,ACC_101,accelerometer_rms,SPAN_1,0.01764494037683213,2.592868490810273,2.692507449294573,1.568627450980392,0
2025-10-10 12:15:53.500,ACC_101,accelerometer_rms,SPAN_1,0.017831376874355334,2.2789903284857003,2.832110456094179,1.96078431372549,0
2025-10-10 12:15:56.500,ACC_101,accelerometer_rms,SPAN_1,0.018744469556666154,2.822796091550206,2.8355242902515942,3.333333333333333,0
2025-10-10 12:15:59.500,ACC_101,accelerometer_rms,SPAN_1,0.0202611944323016,2.4743670352352054,2.991021114631782,0.196078431372549,0
2025-10-10 12:16:02.500,ACC_101,accelerometer_rms,SPAN_1,0.0214307695148821,2.6925366231168413,2.552180617168741,3.333333333333333,0
2025-10-10 12:16:05.500,ACC_101,accelerometer_rms,SPAN_1,0.021855441590094657,2.9847151059933608,2.9573059139580726,3.92156862745098,0
2025-10-10 12:16:08.500,ACC_101,accelerometer_rms,SPAN_1,0.02221115332395849,2.86173044902229,2.8002451334688563,1.764705882352941,0
2025-10-10 12:16:11.500,ACC_101,accelerometer_rms,SPAN_1,0.023447005161828738,2.227348329346603,2.6925900739770445,0.392156862745098,0
2025-10-10 12:16:14.500,ACC_101,accelerometer_rms,SPAN_1,0.023920763864123094,2.4633486168876786,2.901149180578961,4.313725490196077,0
2025-10-10 12:16:17.500,ACC_101,accelerometer_rms,SPAN_1,0.023785620543249467,2.1944932811238465,2.9168778872300245,0.392156862745098,0
2025-10-10 12:16:20.500,ACC_101,accelerometer_rms,SPAN_1,0.023825446194204656,2.225179882034468,2.8428230431589863,2.549019607843137,0
2025-10-10 12:16:23.500,ACC_101,accelerometer_rms,SPAN_1,0.025000672753301,2.4205997447587326,2.843500987138316,2.745098039215686,0
2025-10-10 12:16:26.500,ACC_101,accelerometer_rms,SPAN_1,0.025049925894767303,1.9142313327548484,2.771592630509755,1.372549019607843,0
2025-10-10 12:16:29.500,ACC_101,accelerometer_rms,SPAN_1,0.02449172214178881,2.7365484993124793,2.992295891239435,1.176470588235294,0
2025-10-10 12:16:32.500,ACC_101,accelerometer_rms,SPAN_1,0.025250956774728668,2.522484170072978,2.604718957841688,0.980392156862745,0
2025-10-10 12:16:35.500,ACC_101,accelerometer_rms,SPAN_1,0.024886263946516485,2.2066363534888778,2.6888152198558135,4.313725490196077,0
2025-10-10 12:16:38.500,ACC_101,accelerometer_rms,SPAN_1,0.024693976663368342,2.755165479486368,2.976895048814721,4.5098039215686265,0
2025-10-10 12:16:41.500,ACC_101,accelerometer_rms,SPAN_1,0.024034628743201534,2.4191345076234865,2.7437729724387334,0.196078431372549,0
2025-10-10 12:16:44.500,ACC_101,accelerometer_rms,SPAN_1,0.023814306293799572,2.2146099995184243,2.846786114445171,1.176470588235294,0
2025-10-10 12:16:47.500,ACC_101,accelerometer_rms,SPAN_1,0.023264127351598052,2.2757181322471465,2.7095993735939436,0.196078431372549,0
2025-10-10 12:16:50.500,ACC_101,accelerometer_rms,SPAN_1,0.023177233550594936,2.5670448252516107,2.8959848976534834,0.784313725490196,0
2025-10-10 12:16:53.500,ACC_101,accelerometer_rms,SPAN_1,0.02262045559517609,1.9213203018348264,2.603788525308396,0.196078431372549,0
2025-10-10 12:16:56.500,ACC_101,accelerometer_rms,SPAN_1,0.020119015062334225,2.186351571629793,2.7572569086125545,3.92156862745098,0
2025-10-10 12:16:59.500,ACC_101,accelerometer_rms,SPAN_1,0.01963319644697445,2.8525660417135064,2.7355919024685353,3.7254901960784306,0
2025-10-10 12:17:02.500,ACC_101,accelerometer_rms,SPAN_1,0.01959219560157044,2.5199471142305505,2.890183174435161,1.372549019607843,0
2025-10-10 12:17:05.500,ACC_101,accelerometer_rms,SPAN_1,0.018501743140982744,2.3265033005059927,2.617557752338665,1.568627450980392,0
2025-10-10 12:17:08.500,ACC_101,accelerometer_rms,SPAN_1,0.017620462005694334,2.0340593564404994,2.7843783451087383,1.372549019607843,0
2025-10-10 12:17:11.500,ACC_101,accelerometer_rms,SPAN_1,0.01713301317317409,2.3984332430112523,2.808567651217046,0.980392156862745,0
2025-10-10 12:17:14.500,ACC_101,accelerometer_rms,SPAN_1,0.01664212882486881,2.497997794822604,2.7343297659527486,3.7254901960784306,0
2025-10-10 12:17:17.500,ACC_101,accelerometer_rms,SPAN_1,0.01620403621166713,2.4299809848371905,2.8867720408626623,2.549019607843137,0
2025-10-10 12:17:20.500,ACC_101,accelerometer_rms,SPAN_1,0.016106680757363007,2.651001826705195,2.802141492702629,4.117647058823529,0
2025-10-10 12:17:23.500,ACC_101,accelerometer_rms,SPAN_1,0.015731214576097285,2.580120537895614,2.7572397690983537,2.352941176470588,0
2025-10-10 12:17:26.500,ACC_101,accelerometer_rms,SPAN_1,0.015277800729085553,2.540627466033517,2.8589108452328635,2.9411764705882346,0
2025-10-10 12:17:29.500,ACC_101,accelerometer_rms,SPAN_1,0.0153451958752888,2.3139373573298774,2.862507919903468,2.549019607843137,0
2025-10-10 12:17:32.500,ACC_101,accelerometer_rms,SPAN_1,0.014861811711003923,2.6860368950160587,2.8242089868332987,3.137254901960784,0
2025-10-10 12:17:35.500,ACC_101,accelerometer_rms,SPAN_1,0.01570752044872324,2.5787076411073997,2.4265675503866055,2.745098039215686,0
2025-10-10 12:17:38.500,ACC_101,accelerometer_rms,SPAN_1,0.01565455139041979,2.7038095680653633,2.8845658336722826,2.745098039215686,0
2025-10-10 12:17:41.500,ACC_101,accelerometer_rms,SPAN_1,0.016112459917959242,2.9042148365435447,2.7599976870943626,3.333333333333333,0
2025-10-10 12:17:44.500,ACC_101,accelerometer_rms,SPAN_1,0.016474638051306882,2.510031006574451,2.7391815051597286,2.549019607843137,0
2025-10-10 12:17:47.500,ACC_101,accelerometer_rms,SPAN_1,0.017342992352679453,2.2362796986183655,2.9241438556388624,3.529411764705882,0
2025-10-10 12:17:50.500,ACC_101,accelerometer_rms,SPAN_1,0.01748946334841885,2.6896554683255727,2.62530575030351,4.901960784313725,0
2025-10-10 12:17:53.500,ACC_101,accelerometer_rms,SPAN_1,0.018742043259191665,2.2570152232144496,2.7423157654807153,0.196078431372549,0
2025-10-10 12:17:56.500,ACC_101,accelerometer_rms,SPAN_1,0.019800264110934104,2.450167357193425,2.821484241551016,0.392156862745098,0
2025-10-10 12:17:59.500,ACC_101,accelerometer_rms,SPAN_1,0.021137744436962827,2.341862328237488,2.803673830271485,1.176470588235294,0
2025-10-10 12:18:02.500,ACC_101,accelerometer_rms,SPAN_1,0.021028024765750577,2.1667180897932714,2.8604399765683457,0.392156862745098,0
2025-10-10 12:18:05.500,ACC_101,accelerometer_rms,SPAN_1,0.021764186288127423,2.454253885978339,2.836694705506095,0.588235294117647,0
2025-10-10 12:18:08.500,ACC_101,accelerometer_rms,SPAN_1,0.02258990129004812,3.0478831105753716,2.4989601978514173,4.117647058823529,0
2025-10-10 12:18:11.500,ACC_101,accelerometer_rms,SPAN_1,0.023559418649823406,2.7555612427782177,2.885635029750084,2.745098039215686,0
2025-10-10 12:18:14.500,ACC_101,accelerometer_rms,SPAN_1,0.023536144611147825,2.1179087004214066,2.7085567973823763,0.980392156862745,0
2025-10-10 12:18:17.500,ACC_101,accelerometer_rms,SPAN_1,0.023643005522091455,2.2973073348172504,2.7754989879891765,3.137254901960784,0
2025-10-10 12:18:20.500,ACC_101,accelerometer_rms,SPAN_1,0.02417648987480744,2.7686736673162957,2.8141443583525674,3.92156862745098,0
2025-10-10 12:18:23.500,ACC_101,accelerometer_rms,SPAN_1,0.02484411642386086,2.572210787519694,2.7739115578552886,3.7254901960784306,0
2025-10-10 12:18:26.500,ACC_101,accelerometer_rms,SPAN_1,0.02493541518780538,2.7957051502282226,2.914229419924118,2.1568627450980387,0
2025-10-10 12:18:29.500,ACC_101,accelerometer_rms,SPAN_1,0.02517410284165759,2.840046022578566,2.7270831496117474,2.352941176470588,0
2025-10-10 12:18:32.500,ACC_101,accelerometer_rms,SPAN_1,0.025246711504358615,2.70427056167576,2.9470446867042264,3.137254901960784,0
2025-10-10 12:18:35.500,ACC_101,accelerometer_rms,SPAN_1,0.024849190258239725,2.7512875598605,2.929434747908164,4.5098039215686265,0
2025-10-10 12:18:38.500,ACC_101,accelerometer_rms,SPAN_1,0.02440319596314561,2.684603242254947,2.9054390473148946,2.9411764705882346,0
2025-10-10 12:18:41.500,ACC_101,accelerometer_rms,SPAN_1,0.023751019937232665,2.453911530626891,2.74171983775529,1.176470588235294,0
2025-10-10 12:18:44.500,ACC_101,accelerometer_rms,SPAN_1,0.023129528118411586,1.9545636285050036,2.842591354063039,0.588235294117647,0
2025-10-10 12:18:47.500,ACC_101,accelerometer_rms,SPAN_1,0.02265417363529377,2.5088761324316127,2.9162257460474326,0.980392156862745,0
2025-10-10 12:18:50.500,ACC_101,accelerometer_rms,SPAN_1,0.022389905137772052,2.6200160958717076,2.7959390962709305,4.901960784313725,0
2025-10-10 12:18:53.500,ACC_101,accelerometer_rms,SPAN_1,0.02146857908893924,2.141007095134793,2.874131680711916,0.588235294117647,0
2025-10-10 12:18:56.500,ACC_101,accelerometer_rms,SPAN_1,0.02085214218270735,2.68070934346965,2.8290161634213034,4.5098039215686265,0
2025-10-10 12:18:59.500,ACC_101,accelerometer_rms,SPAN_1,0.02060381401062225,2.5415114922123876,2.7660661735853225,0.784313725490196,0
2025-10-10 12:19:02.500,ACC_101,accelerometer_rms,SPAN_1,0.019363464952347354,2.3654765775438484,2.863571295521546,0.980392156862745,0
2025-10-10 12:19:05.500,ACC_101,accelerometer_rms,SPAN_1,0.018324095130001192,2.707102186487262,2.8089433732864606,4.901960784313725,0
2025-10-10 12:19:08.500,ACC_101,accelerometer_rms,SPAN_1,0.017586562327805966,2.3387419949474646,2.806412514492298,1.568627450980392,0
2025-10-10 12:19:11.500,ACC_101,accelerometer_rms,SPAN_1,0.017133983071147028,2.3602665976857544,2.754632078280483,2.745098039215686,0
2025-10-10 12:19:14.500,ACC_101,accelerometer_rms,SPAN_1,0.01687332993101197,2.5898309559437744,2.7368340123811494,0.980392156862745,0
2025-10-10 12:19:17.500,ACC_101,accelerometer_rms,SPAN_1,0.016447320959508818,2.7052138865540956,2.7472097482129443,0.588235294117647,0
2025-10-10 12:19:20.500,ACC_101,accelerometer_rms,SPAN_1,0.015517517152193757,2.2373432238656434,2.7606236346601816,4.117647058823529,0
2025-10-10 12:19:23.500,ACC_101,accelerometer_rms,SPAN_1,0.01538822024580274,2.2912125857239207,2.8706942229185257,3.92156862745098,0
2025-10-10 12:19:26.500,ACC_101,accelerometer_rms,SPAN_1,0.01488316377853928,2.279553796912899,2.649084370096929,0.588235294117647,0
2025-10-10 12:19:29.500,ACC_101,accelerometer_rms,SPAN_1,0.01551879791938619,2.2886278666964524,2.927129067262225,1.372549019607843,0
2025-10-10 12:19:32.500,ACC_101,accelerometer_rms,SPAN_1,0.01611076845028888,2.2916048048587103,2.8077338855840335,2.1568627450980387,0
2025-10-10 12:19:35.500,ACC_101,accelerometer_rms,SPAN_1,0.015933590465970152,2.6376565779206267,2.7773083959987974,4.705882352941176,0
2025-10-10 12:19:38.500,ACC_101,accelerometer_rms,SPAN_1,0.015783964419749608,2.625142263426169,2.8525376510870903,0.588235294117647,0
2025-10-10 12:19:41.500,ACC_101,accelerometer_rms,SPAN_1,0.016512719385667642,2.804167891891881,2.9644438640251307,3.529411764705882,0
2025-10-10 12:19:44.500,ACC_101,accelerometer_rms,SPAN_1,0.01630935170084822,2.654574679183007,2.7136663082416295,1.372549019607843,0
2025-10-10 12:19:47.500,ACC_101,accelerometer_rms,SPAN_1,0.016950464132115015,2.06917407876001,2.7871667613469393,1.96078431372549,0
2025-10-10 12:19:50.500,ACC_101,accelerometer_rms,SPAN_1,0.01758346592348485,2.2750088899411285,2.873863197762805,0.392156862745098,0
2025-10-10 12:19:53.500,ACC_101,accelerometer_rms,SPAN_1,0.018065171596304355,2.5668345928016474,2.634045771815706,4.117647058823529,0
2025-10-10 12:19:56.500,ACC_101,accelerometer_rms,SPAN_1,0.01943319260400395,2.5074154779187103,2.8328225901170554,0.784313725490196,0
2025-10-10 12:19:59.500,ACC_101,accelerometer_rms,SPAN_1,0.020049635573921507,2.6937494861842364,2.90881484585825,3.92156862745098,0
2025-10-10 12:20:02.500,ACC_101,accelerometer_rms,SPAN_1,0.021086170763573654,2.3887126934329137,2.8258101519217895,3.529411764705882,0
2025-10-10 12:20:05.500,ACC_101,accelerometer_rms,SPAN_1,0.021807560956300112,2.284330433653571,2.8845509769460715,0.784313725490196,0
2025-10-10 12:20:08.500,ACC_101,accelerometer_rms,SPAN_1,0.022146653264625095,2.4959677342058564,2.915056333904871,1.372549019607843,0
2025-10-10 12:20:11.500,ACC_101,accelerometer_rms,SPAN_1,0.02291619542688396,2.596918901723895,2.801428286822925,2.9411764705882346,0
2025-10-10 12:20:14.500,ACC_101,accelerometer_rms,SPAN_1,0.023883497015434622,2.7268905928824614,2.7524894504911788,2.745098039215686,0
2025-10-10 12:20:17.500,ACC_101,accelerometer_rms,SPAN_1,0.024156980446125915,3.2117269199334646,2.707857995198574,3.92156862745098,0
2025-10-10 12:20:20.500,ACC_101,accelerometer_rms,SPAN_1,0.024595823865197992,3.1296900146669615,2.5137095455381626,4.5098039215686265,0
2025-10-10 12:20:23.500,ACC_101,accelerometer_rms,SPAN_1,0.024990468927094552,2.6883970991725086,2.885198929506469,4.313725490196077,0
2025-10-10 12:20:26.500,ACC_101,accelerometer_rms,SPAN_1,0.024931293405331883,2.5766896824730887,2.8612581082667385,0.588235294117647,0
2025-10-10 12:20:29.500,ACC_101,accelerometer_rms,SPAN_1,0.025256173033421307,2.836689499373974,2.8564091569374574,2.9411764705882346,0
2025-10-10 12:20:32.500,ACC_101,accelerometer_rms,SPAN_1,0.024726279117966935,2.4974020625574416,2.8860711277951574,0.588235294117647,0
2025-10-10 12:20:35.500,ACC_101,accelerometer_rms,SPAN_1,0.0240884402619784,2.640645663461709,3.0006394525965727,4.901960784313725,0
2025-10-10 12:20:38.500,ACC_101,accelerometer_rms,SPAN_1,0.02439765428092965,2.940938815669962,2.8598687572823582,2.1568627450980387,0
2025-10-10 12:20:41.500,ACC_101,accelerometer_rms,SPAN_1,0.023902540313761222,2.7688084458264597,2.8178825843355857,1.764705882352941,0
2025-10-10 12:20:44.500,ACC_101,accelerometer_rms,SPAN_1,0.024661761629426772,2.3103055245055226,2.699207296370082,1.764705882352941,0
2025-10-10 12:20:47.500,ACC_101,accelerometer_rms,SPAN_1,0.023486718508845067,2.0699431846372898,2.7554988177264748,0.196078431372549,0
2025-10-10 12:20:50.500,ACC_101,accelerometer_rms,SPAN_1,0.021995596881122886,2.7711625769255814,2.829925836986161,1.96078431372549,0
2025-10-10 12:20:53.500,ACC_101,accelerometer_rms,SPAN_1,0.02227466023023806,2.5703794607468478,2.7956178491689028,0.392156862745098,0
2025-10-10 12:20:56.500,ACC_101,accelerometer_rms,SPAN_1,0.021755925391650405,2.149884670962763,2.73003759940149,0.980392156862745,0
2025-10-10 12:20:59.500,ACC_101,accelerometer_rms,SPAN_1,0.01998931614000584,2.173092370553861,2.8614344030356182,0.980392156862745,0
2025-10-10 12:21:02.500,ACC_101,accelerometer_rms,SPAN_1,0.01907068158657342,2.83693024665672,2.9577160723984526,4.313725490196077,0
2025-10-10 12:21:05.500,ACC_101,accelerometer_rms,SPAN_1,0.019187261560120312,2.855255243782389,2.767025536169705,4.705882352941176,0
2025-10-10 12:21:08.500,ACC_101,accelerometer_rms,SPAN_1,0.018858086737316617,2.563965543619667,2.8581158865698857,4.901960784313725,0
2025-10-10 12:21:11.500,ACC_101,accelerometer_rms,SPAN_1,0.017737272989883396,2.622655775828783,2.94951924539368,0.784313725490196,0
2025-10-10 12:21:14.500,ACC_101,accelerometer_rms,SPAN_1,0.017110812261119986,2.5661689824987977,2.9943877556022507,2.745098039215686,0
2025-10-10 12:21:17.500,ACC_101,accelerometer_rms,SPAN_1,0.01627972641107976,2.620676522707367,3.041140612564004,4.5098039215686265,0
2025-10-10 12:21:20.500,ACC_101,accelerometer_rms,SPAN_1,0.016547700323609926,2.482523587749325,2.9095158311828087,2.9411764705882346,0
2025-10-10 12:21:23.500,ACC_101,accelerometer_rms,SPAN_1,0.015647884461410334,2.504225976396874,2.6262140800403717,2.745098039215686,0
2025-10-10 12:21:26.500,ACC_101,accelerometer_rms,SPAN_1,0.015171989640355639,2.701613189776806,2.861226365891285,4.901960784313725,0
2025-10-10 12:21:29.500,ACC_101,accelerometer_rms,SPAN_1,0.015190446698565542,2.4215210559235234,2.939380154874375,2.549019607843137,0
2025-10-10 12:21:32.500,ACC_101,accelerometer_rms,SPAN_1,0.01581852359871607,2.0456873685770693,2.7481472848530895,0.980392156862745,0
2025-10-10 12:21:35.500,ACC_101,accelerometer_rms,SPAN_1,0.015565615652683284,2.3657398728928696,2.9080965358529425,0.980392156862745,0
2025-10-10 12:21:38.500,ACC_101,accelerometer_rms,SPAN_1,0.015677187848065398,2.4071992576167047,2.9969947356210853,0.392156862745098,0
2025-10-10 12:21:41.500,ACC_101,accelerometer_rms,SPAN_1,0.016109506504655237,2.1976770680188285,2.8047227671281774,0.980392156862745,0
2025-10-10 12:21:44.500,ACC_101,accelerometer_rms,SPAN_1,0.01601411343894173,2.554581869051436,2.7432548220873287,0.392156862745098,0
2025-10-10 12:21:47.500,ACC_101,accelerometer_rms,SPAN_1,0.016833471169305607,2.806007646218387,2.864120282648322,3.333333333333333,0
2025-10-10 12:21:50.500,ACC_101,accelerometer_rms,SPAN_1,0.017570941481019498,2.4282078600149055,2.7093433170170726,1.176470588235294,0
2025-10-10 12:21:53.500,ACC_101,accelerometer_rms,SPAN_1,0.018593164403861426,2.318205905001657,3.0014458089760074,1.764705882352941,0
2025-10-10 12:21:56.500,ACC_101,accelerometer_rms,SPAN_1,0.018993812867228475,1.883154631563512,2.6765156364558633,1.764705882352941,0
2025-10-10 12:21:59.500,ACC_101,accelerometer_rms,SPAN_1,0.01991939062576867,2.1124824522807235,2.8755564903685387,1.764705882352941,0
2025-10-10 12:22:02.500,ACC_101,accelerometer_rms,SPAN_1,0.020568061127608006,2.6903053753096455,2.8785780486377357,2.9411764705882346,0
2025-10-10 12:22:05.500,ACC_101,accelerometer_rms,SPAN_1,0.021647894483044293,2.2508232017952228,2.781242240186259,0.784313725490196,0
2025-10-10 12:22:08.500,ACC_101,accelerometer_rms,SPAN_1,0.022658825734505016,2.3279442598544766,2.9444804149138615,4.117647058823529,0
2025-10-10 12:22:11.500,ACC_101,accelerometer_rms,SPAN_1,0.023744875874059854,2.6908705835406117,2.8423471051754734,4.117647058823529,0
2025-10-10 12:22:14.500,ACC_101,accelerometer_rms,SPAN_1,0.02371905341041827,2.337709873578331,2.6891636454292396,2.745098039215686,0
2025-10-10 12:22:17.500,ACC_101,accelerometer_rms,SPAN_1,0.02422077327864836,2.1695353987505768,2.801727374345039,0.196078431372549,0
2025-10-10 12:22:20.500,ACC_101,accelerometer_rms,SPAN_1,0.025177502250005254,3.03580518375812,2.6921077160561477,4.705882352941176,0
2025-10-10 12:22:23.500,ACC_101,accelerometer_rms,SPAN_1,0.025232327586090123,2.645772270845558,2.8576658523367815,0.392156862745098,0
2025-10-10 12:22:26.500,ACC_101,accelerometer_rms,SPAN_1,0.02562880256817379,2.321331767350302,2.900362758556822,2.549019607843137,0
2025-10-10 12:22:29.500,ACC_101,accelerometer_rms,SPAN_1,0.0247944243641392,2.576928606453904,2.9060734593318194,0.196078431372549,0
2025-10-10 12:22:32.500,ACC_101,accelerometer_rms,SPAN_1,0.024836159724142888,2.206631573509428,2.8169840506332546,0.196078431372549,0
2025-10-10 12:22:35.500,ACC_101,accelerometer_rms,SPAN_1,0.024829921823177333,2.2037380038566385,2.8035680077903122,0.196078431372549,0
2025-10-10 12:22:38.500,ACC_101,accelerometer_rms,SPAN_1,0.023891629089474408,2.6400068578412816,2.8962281333722584,1.176470588235294,0
2025-10-10 12:22:41.500,ACC_101,accelerometer_rms,SPAN_1,0.024805808342592096,2.679386756050035,2.80691597605688,4.901960784313725,0
2025-10-10 12:22:44.500,ACC_101,accelerometer_rms,SPAN_1,0.025021233128575213,2.711702870980136,2.864591353621982,4.901960784313725,0
2025-10-10 12:22:47.500,ACC_101,accelerometer_rms,SPAN_1,0.023224601964127543,2.4100419067758434,2.8999940011960232,2.352941176470588,0
2025-10-10 12:22:50.500,ACC_101,accelerometer_rms,SPAN_1,0.022393475076459213,2.459491496857042,2.8729060890929046,2.549019607843137,0
2025-10-10 12:22:53.500,ACC_101,accelerometer_rms,SPAN_1,0.02232252292034688,2.9409655171742486,2.736967288418203,4.313725490196077,0
2025-10-10 12:22:56.500,ACC_101,accelerometer_rms,SPAN_1,0.021393561893939116,3.268032681058497,2.67361995289345,4.313725490196077,0
2025-10-10 12:22:59.500,ACC_101,accelerometer_rms,SPAN_1,0.02117357621159532,2.379352746173592,2.690571061084183,0.980392156862745,0
2025-10-10 12:23:02.500,ACC_101,accelerometer_rms,SPAN_1,0.019780158011026516,1.9540488837676406,2.66079338481824,0.784313725490196,0
2025-10-10 12:23:05.500,ACC_101,accelerometer_rms,SPAN_1,0.01897896931745613,2.3220037448333506,2.828343888229363,1.372549019607843,0
2025-10-10 12:23:08.500,ACC_101,accelerometer_rms,SPAN_1,0.018161792006361956,2.268016572857068,2.856045591760593,2.352941176470588,0
2025-10-10 12:23:11.500,ACC_101,accelerometer_rms,SPAN_1,0.016923851491138703,2.784656003998905,2.7795056636554123,2.9411764705882346,0
2025-10-10 12:23:14.500,ACC_101,accelerometer_rms,SPAN_1,0.015924687329709794,2.8117873334362535,2.792217667290862,4.705882352941176,0
2025-10-10 12:23:17.500,ACC_101,accelerometer_rms,SPAN_1,0.01559219283336828,2.7595423663793044,2.6634072569379854,2.352941176470588,0
2025-10-10 12:23:20.500,ACC_101,accelerometer_rms,SPAN_1,0.01605796778036667,2.8071470532449934,2.7466869258075324,3.92156862745098,0
2025-10-10 12:23:23.500,ACC_101,accelerometer_rms,SPAN_1,0.015610950187759421,2.812683687411131,2.5468665200505827,1.96078431372549,0
2025-10-10 12:23:26.500,ACC_101,accelerometer_rms,SPAN_1,0.015497526669205803,2.456467309981379,2.8223136101148714,2.1568627450980387,0
2025-10-10 12:23:29.500,ACC_101,accelerometer_rms,SPAN_1,0.01546418198897812,2.9807269790431574,2.6868754666707693,3.333333333333333,0
2025-10-10 12:23:32.500,ACC_101,accelerometer_rms,SPAN_1,0.01583734448180294,2.9302188205206474,2.8688349756058384,2.9411764705882346,0
2025-10-10 12:23:35.500,ACC_101,accelerometer_rms,SPAN_1,0.016188583024259205,2.84797234414014,2.9455885771538513,4.5098039215686265,0
2025-10-10 12:23:38.500,ACC_101,accelerometer_rms,SPAN_1,0.015114101622747716,2.263645473372685,2.974009627068515,0.196078431372549,0
2025-10-10 12:23:41.500,ACC_101,accelerometer_rms,SPAN_1,0.015660171085635447,2.095584205526567,2.7578373084323364,0.980392156862745,0
2025-10-10 12:23:44.500,ACC_101,accelerometer_rms,SPAN_1,0.01640589291305139,2.1936077344372356,2.883001638704608,2.549019607843137,0
2025-10-10 12:23:47.500,ACC_101,accelerometer_rms,SPAN_1,0.017499890152036193,2.6082909320310432,2.9360654180678463,4.901960784313725,0
2025-10-10 12:23:50.500,ACC_101,accelerometer_rms,SPAN_1,0.017997188520084213,2.9359623672963084,2.7587572143364585,1.96078431372549,0
2025-10-10 12:23:53.500,ACC_101,accelerometer_rms,SPAN_1,0.018605827560624285,2.1077948518234995,2.593939225861851,1.372549019607843,0
2025-10-10 12:23:56.500,ACC_101,accelerometer_rms,SPAN_1,0.019660940130714236,2.381282415423294,2.7332941939522017,2.549019607843137,0
2025-10-10 12:23:59.500,ACC_101,accelerometer_rms,SPAN_1,0.020319898428320327,2.4732749905688114,2.8555955453422475,2.549019607843137,0
2025-10-10 12:24:02.500,ACC_101,accelerometer_rms,SPAN_1,0.02093695426283206,2.6510102811921756,2.6815790793502097,2.745098039215686,0
2025-10-10 12:24:05.500,ACC_101,accelerometer_rms,SPAN_1,0.021095774746077826,2.81363549329263,2.8758279446089694,2.745098039215686,0
2025-10-10 12:24:08.500,ACC_101,accelerometer_rms,SPAN_1,0.021571822703812162,2.3365979616558525,2.87501235122752,0.196078431372549,0
2025-10-10 12:24:11.500,ACC_101,accelerometer_rms,SPAN_1,0.02282120277500814,2.638049333407302,2.6315730080279733,1.764705882352941,0
2025-10-10 12:24:14.500,ACC_101,accelerometer_rms,SPAN_1,0.023395881514974917,2.3086324878267095,2.8012335843259226,2.352941176470588,0
2025-10-10 12:24:17.500,ACC_101,accelerometer_rms,SPAN_1,0.02375061349135399,2.830122195440707,2.7400831366487974,3.333333333333333,0
2025-10-10 12:24:20.500,ACC_101,accelerometer_rms,SPAN_1,0.023459489579974693,2.905999043541391,2.897886336434348,3.137254901960784,0
2025-10-10 12:24:23.500,ACC_101,accelerometer_rms,SPAN_1,0.024437519252888458,2.5815877783384886,2.8468191237982623,1.96078431372549,0
2025-10-10 12:24:26.500,ACC_101,accelerometer_rms,SPAN_1,0.024711611908923604,2.2869918064626553,2.894667431709572,1.96078431372549,0
2025-10-10 12:24:29.500,ACC_101,accelerometer_rms,SPAN_1,0.024965917383583596,2.1358847093308713,2.928202069291109,0.588235294117647,0
2025-10-10 12:24:32.500,ACC_101,accelerometer_rms,SPAN_1,0.025631079187075162,2.8314154036900714,2.9154311311882406,2.1568627450980387,0
2025-10-10 12:24:35.500,ACC_101,accelerometer_rms,SPAN_1,0.02548406386929129,2.788227483333721,2.898636561375325,1.372549019607843,0
2025-10-10 12:24:38.500,ACC_101,accelerometer_rms,SPAN_1,0.024607073669346127,2.6930327761582054,2.911208960044193,3.333333333333333,0
2025-10-10 12:24:41.500,ACC_101,accelerometer_rms,SPAN_1,0.023796745172891383,2.718785892925482,2.881685134743363,0.196078431372549,0
2025-10-10 12:24:44.500,ACC_101,accelerometer_rms,SPAN_1,0.023579084839381387,2.891091775612604,2.7279502975021495,4.117647058823529,0
2025-10-10 12:24:47.500,ACC_101,accelerometer_rms,SPAN_1,0.02316029746414003,2.850431611468781,2.902453548420304,0.392156862745098,0
2025-10-10 12:24:50.500,ACC_101,accelerometer_rms,SPAN_1,0.02225600613758179,2.7045900349924423,2.502834706667143,2.745098039215686,0
2025-10-10 12:24:53.500,ACC_101,accelerometer_rms,SPAN_1,0.02212469258366246,2.3007977406883815,2.812048113350509,0.392156862745098,0
2025-10-10 12:24:56.500,ACC_101,accelerometer_rms,SPAN_1,0.021410931683806464,2.5348187953298082,2.882568599593683,3.529411764705882,0
2025-10-10 12:24:59.500,ACC_101,accelerometer_rms,SPAN_1,0.020411847237980854,2.830858722846445,2.702790958409671,2.1568627450980387,0
2025-10-10 12:25:02.500,ACC_101,accelerometer_rms,SPAN_1,0.02014179920600198,2.599025420591192,2.85739529706612,2.1568627450980387,0
2025-10-10 12:25:05.500,ACC_101,accelerometer_rms,SPAN_1,0.019225036364482806,2.3610257093625657,2.986098582117976,1.96078431372549,0
2025-10-10 12:25:08.500,ACC_101,accelerometer_rms,SPAN_1,0.018493860039928672,2.3832150191138517,2.7134019490706254,0.588235294117647,0
2025-10-10 12:25:11.500,ACC_101,accelerometer_rms,SPAN_1,0.01748269992497345,2.1329424232991956,2.7086172742159538,0.980392156862745,0
2025-10-10 12:25:14.500,ACC_101,accelerometer_rms,SPAN_1,0.016811496847541622,2.153283173758269,2.838094062759661,0.588235294117647,0
2025-10-10 12:25:17.500,ACC_101,accelerometer_rms,SPAN_1,0.016695771734889328,2.7258481580241063,2.818572690073881,3.333333333333333,0
2025-10-10 12:25:20.500,ACC_101,accelerometer_rms,SPAN_1,0.016256997970105058,2.307647266370268,2.8473106452640455,0.588235294117647,0
2025-10-10 12:25:23.500,ACC_101,accelerometer_rms,SPAN_1,0.016245017453928187,2.526964645382801,2.850996560194743,4.313725490196077,0
2025-10-10 12:25:26.500,ACC_101,accelerometer_rms,SPAN_1,0.01646002863266754,2.460337289940169,2.8387174712318304,1.568627450980392,0
2025-10-10 12:25:29.500,ACC_101,accelerometer_rms,SPAN_1,0.015777446104748235,2.553011775959791,2.8668619977425758,3.137254901960784,0
2025-10-10 12:25:32.500,ACC_101,accelerometer_rms,SPAN_1,0.014835942439185438,2.653407437200053,2.7607689042602805,3.137254901960784,0
2025-10-10 12:25:35.500,ACC_101,accelerometer_rms,SPAN_1,0.01591945576528121,2.52144934669329,2.984482390582792,1.96078431372549,0
2025-10-10 12:25:38.500,ACC_101,accelerometer_rms,SPAN_1,0.01639477246192918,3.039774198434064,2.752411301326259,4.313725490196077,0
2025-10-10 12:25:41.500,ACC_101,accelerometer_rms,SPAN_1,0.016291584655527998,2.6936009029793015,2.943257604068732,1.764705882352941,0
2025-10-10 12:25:44.500,ACC_101,accelerometer_rms,SPAN_1,0.016896167557101435,2.134254003573778,2.9062750338278858,3.137254901960784,0
2025-10-10 12:25:47.500,ACC_101,accelerometer_rms,SPAN_1,0.01738856068246717,2.2885899042523628,2.791659010859875,2.1568627450980387,0
2025-10-10 12:25:50.500,ACC_101,accelerometer_rms,SPAN_1,0.01782800612332555,2.741301297391613,2.8261585837535397,3.92156862745098,0
2025-10-10 12:25:53.500,ACC_101,accelerometer_rms,SPAN_1,0.01861796687158328,2.505881574594303,2.9367099487709036,3.7254901960784306,0
2025-10-10 12:25:56.500,ACC_101,accelerometer_rms,SPAN_1,0.019616142735602467,2.6786880795376904,2.563945615028072,3.7254901960784306,0
2025-10-10 12:25:59.500,ACC_101,accelerometer_rms,SPAN_1,0.020568442430568434,2.463272862012784,2.9336701637504023,1.764705882352941,0
2025-10-10 12:26:02.500,ACC_101,accelerometer_rms,SPAN_1,0.02154612662792704,2.9309604180946858,2.911952566517411,4.901960784313725,0
2025-10-10 12:26:05.500,ACC_101,accelerometer_rms,SPAN_1,0.021305248971675926,3.106292949116608,2.709136148567566,3.529411764705882,0
2025-10-10 12:26:08.500,ACC_101,accelerometer_rms,SPAN_1,0.022161568265806463,2.5813518584561015,2.4834536184892713,1.764705882352941,0
2025-10-10 12:26:11.500,ACC_101,accelerometer_rms,SPAN_1,0.02324252515811245,2.488801099628605,2.67720476771945,4.5098039215686265,0
2025-10-10 12:26:14.500,ACC_101,accelerometer_rms,SPAN_1,0.024247762388375907,2.4145958751428545,2.901978041216231,1.372549019607843,0
2025-10-10 12:26:17.500,ACC_101,accelerometer_rms,SPAN_1,0.024348894307142415,2.245588618803567,2.7520918531940533,0.196078431372549,0
2025-10-10 12:26:20.500,ACC_101,accelerometer_rms,SPAN_1,0.023985158605548833,2.008968477453854,2.97008730662476,0.784313725490196,0
2025-10-10 12:26:23.500,ACC_101,accelerometer_rms,SPAN_1,0.02500505709596659,1.8811548662620652,2.795772110466203,1.176470588235294,0
2025-10-10 12:26:26.500,ACC_101,accelerometer_rms,SPAN_1,0.025494608701126,2.9167371831847135,2.7475590356198256,1.372549019607843,0
2025-10-10 12:26:29.500,ACC_101,accelerometer_rms,SPAN_1,0.024637110264722168,2.4807961911773235,2.9096822121328523,0.980392156862745,0
2025-10-10 12:26:32.500,ACC_101,accelerometer_rms,SPAN_1,0.02514417701623041,2.3174748462918853,2.7756067308057446,0.196078431372549,0
2025-10-10 12:26:35.500,ACC_101,accelerometer_rms,SPAN_1,0.025586669084183847,2.2349930731086896,2.7690600028691708,2.745098039215686,0
2025-10-10 12:26:38.500,ACC_101,accelerometer_rms,SPAN_1,0.025642076791025772,2.247773896897213,2.7673955286089895,0.392156862745098,0
2025-10-10 12:26:41.500,ACC_101,accelerometer_rms,SPAN_1,0.02479679998725326,2.0216119127542465,2.747757217811329,0.392156862745098,0
2025-10-10 12:26:44.500,ACC_101,accelerometer_rms,SPAN_1,0.023359760398230654,2.2642134840299586,2.800062493120132,0.784313725490196,0
2025-10-10 12:26:47.500,ACC_101,accelerometer_rms,SPAN_1,0.02306248534427506,2.622002889537597,2.767000721517407,0.784313725490196,0
2025-10-10 12:26:50.500,ACC_101,accelerometer_rms,SPAN_1,0.022484212830949875,2.340209424973805,2.7473905893453487,2.745098039215686,0
2025-10-10 12:26:53.500,ACC_101,accelerometer_rms,SPAN_1,0.021968869846073682,2.7608662231898284,2.96078949334011,1.568627450980392,0
2025-10-10 12:26:56.500,ACC_101,accelerometer_rms,SPAN_1,0.02110721864578051,2.617057522549354,2.7787832455259074,3.92156862745098,0
2025-10-10 12:26:59.500,ACC_101,accelerometer_rms,SPAN_1,0.020327698813176462,2.7894352749625666,2.9140890130711234,1.96078431372549,0
2025-10-10 12:27:02.500,ACC_101,accelerometer_rms,SPAN_1,0.020019028414652563,2.6486228173612303,2.900979045839099,2.1568627450980387,0
2025-10-10 12:27:05.500,ACC_101,accelerometer_rms,SPAN_1,0.019433572714531427,3.018550264239812,2.8054662546487417,4.313725490196077,0
2025-10-10 12:27:08.500,ACC_101,accelerometer_rms,SPAN_1,0.01857053985879406,2.87383160778751,2.8197562548027975,4.901960784313725,0
2025-10-10 12:27:11.500,ACC_101,accelerometer_rms,SPAN_1,0.01792167558255295,3.069737031483913,2.9058807834858436,4.705882352941176,0
2025-10-10 12:27:14.500,ACC_101,accelerometer_rms,SPAN_1,0.017195081790567723,2.9061809773782388,2.880586072697712,0.196078431372549,0
2025-10-10 12:27:17.500,ACC_101,accelerometer_rms,SPAN_1,0.01606901308083844,3.0338789923213,2.8765319410876344,4.117647058823529,0
2025-10-10 12:27:20.500,ACC_101,accelerometer_rms,SPAN_1,0.015130933254656262,2.580058678544445,2.8707468737885464,1.568627450980392,0
2025-10-10 12:27:23.500,ACC_101,accelerometer_rms,SPAN_1,0.014942565353811948,2.4698216605600334,2.7408531858917975,2.745098039215686,0
2025-10-10 12:27:26.500,ACC_101,accelerometer_rms,SPAN_1,0.01462481678383645,2.4910311396527494,2.924053653360225,1.96078431372549,0
2025-10-10 12:27:29.500,ACC_101,accelerometer_rms,SPAN_1,0.015496464717641184,2.4352371457822057,2.785611163677999,2.745098039215686,0
2025-10-10 12:27:32.500,ACC_101,accelerometer_rms,SPAN_1,0.015178323047339973,2.7330065089897473,2.8139390013641936,0.784313725490196,0
2025-10-10 12:27:35.500,ACC_101,accelerometer_rms,SPAN_1,0.015200638572112686,3.008864605836086,2.653232570260446,4.901960784313725,0
2025-10-10 12:27:38.500,ACC_101,accelerometer_rms,SPAN_1,0.016266598095122264,2.9374741698785245,2.7473087423048286,3.92156862745098,0
2025-10-10 12:27:41.500,ACC_101,accelerometer_rms,SPAN_1,0.01684943993949086,2.8503830561820904,2.796219802227522,4.901960784313725,0
2025-10-10 12:27:44.500,ACC_101,accelerometer_rms,SPAN_1,0.01679148790426911,3.19337651750062,2.8809170596592444,4.901960784313725,0
2025-10-10 12:27:47.500,ACC_101,accelerometer_rms,SPAN_1,0.016806327933485146,2.7316067188549455,2.799314717866292,4.901960784313725,0
2025-10-10 12:27:50.500,ACC_101,accelerometer_rms,SPAN_1,0.018459562948111588,2.483883346479267,2.9361829432432773,0.784313725490196,0
2025-10-10 12:27:53.500,ACC_101,accelerometer_rms,SPAN_1,0.017955787011325303,2.5861592643200964,2.786295593968359,3.333333333333333,0
2025-10-10 12:27:56.500,ACC_101,accelerometer_rms,SPAN_1,0.01955529264750113,2.0390264862963208,2.6354865055307037,0.196078431372549,0
2025-10-10 12:27:59.500,ACC_101,accelerometer_rms,SPAN_1,0.02022663762050857,1.8920198814957034,2.7048920204548734,1.176470588235294,0
2025-10-10 12:28:02.500,ACC_101,accelerometer_rms,SPAN_1,0.020851282777579614,2.365766684937509,2.8739743720880813,2.1568627450980387,0
2025-10-10 12:28:05.500,ACC_101,accelerometer_rms,SPAN_1,0.022152145444717573,3.2941791648704855,2.7615882852022295,4.5098039215686265,0
2025-10-10 12:28:08.500,ACC_101,accelerometer_rms,SPAN_1,0.023027049767610264,2.9340993317233477,2.811525009000383,4.705882352941176,0
2025-10-10 12:28:11.500,ACC_101,accelerometer_rms,SPAN_1,0.023564433718020476,2.729402185559619,2.919893188577119,4.705882352941176,0
2025-10-10 12:28:14.500,ACC_101,accelerometer_rms,SPAN_1,0.02332572722149868,2.149524772921293,2.6895370712073725,3.333333333333333,0
2025-10-10 12:28:17.500,ACC_101,accelerometer_rms,SPAN_1,0.02419134761300687,2.5665422232987707,2.924389674919953,2.352941176470588,0
2025-10-10 12:28:20.500,ACC_101,accelerometer_rms,SPAN_1,0.02442189260944882,3.1243947266870227,2.569111187862875,2.1568627450980387,0
2025-10-10 12:28:23.500,ACC_101,accelerometer_rms,SPAN_1,0.02468340175454896,2.8677892956848527,2.7837971064827576,2.352941176470588,0
2025-10-10 12:28:26.500,ACC_101,accelerometer_rms,SPAN_1,0.024689803432376933,2.6874956666044634,2.7217998977708686,2.9411764705882346,0
2025-10-10 12:28:29.500,ACC_101,accelerometer_rms,SPAN_1,0.024845083531875724,2.883195166497649,2.7772839713981714,4.901960784313725,0
2025-10-10 12:28:32.500,ACC_101,accelerometer_rms,SPAN_1,0.025087292235430318,2.849519337222372,2.759146971660229,2.745098039215686,0
2025-10-10 12:28:35.500,ACC_101,accelerometer_rms,SPAN_1,0.024316794418753503,3.1649771658599444,2.7027127603535592,2.549019607843137,0
2025-10-10 12:28:38.500,ACC_101,accelerometer_rms,SPAN_1,0.024384055268017367,2.6006605959096643,2.793614330784232,2.549019607843137,0
2025-10-10 12:28:41.500,ACC_101,accelerometer_rms,SPAN_1,0.024448749538575586,2.419754622995947,2.9948138437072287,4.901960784313725,0
2025-10-10 12:28:44.500,ACC_101,accelerometer_rms,SPAN_1,0.023592617209294814,2.2322077740551296,2.7428028356332748,0.196078431372549,0
2025-10-10 12:28:47.500,ACC_101,accelerometer_rms,SPAN_1,0.022727659001020466,2.388382662283883,2.7162318464462856,3.7254901960784306,0
2025-10-10 12:28:50.500,ACC_101,accelerometer_rms,SPAN_1,0.022755886784587,2.776226934094368,2.6877844079998288,3.137254901960784,0
2025-10-10 12:28:53.500,ACC_101,accelerometer_rms,SPAN_1,0.02235971214825766,3.060081924912935,2.413613356468692,4.313725490196077,0
2025-10-10 12:28:56.500,ACC_101,accelerometer_rms,SPAN_1,0.021668385619444314,2.8495149360776844,2.9050603841019433,2.9411764705882346,0
2025-10-10 12:28:59.500,ACC_101,accelerometer_rms,SPAN_1,0.02090451609102684,2.774929117328336,2.9483933453350333,2.352941176470588,0
2025-10-10 12:29:02.500,ACC_101,accelerometer_rms,SPAN_1,0.02006459182729812,2.9203952008841942,2.7783523544863087,4.901960784313725,0
2025-10-10 12:29:05.500,ACC_101,accelerometer_rms,SPAN_1,0.018606884858494044,2.52650353173408,2.8287371516630824,3.92156862745098,0
2025-10-10 12:29:08.500,ACC_101,accelerometer_rms,SPAN_1,0.01833346891857172,2.6880079566575876,2.92030535996691,4.313725490196077,0
2025-10-10 12:29:11.500,ACC_101,accelerometer_rms,SPAN_1,0.017667461231114706,2.4434847878108306,2.788752575059849,0.196078431372549,0
2025-10-10 12:29:14.500,ACC_101,accelerometer_rms,SPAN_1,0.017390386094891963,2.49605322200475,2.8502122999172372,3.92156862745098,0
2025-10-10 12:29:17.500,ACC_101,accelerometer_rms,SPAN_1,0.016605327806719968,2.4841688201669125,2.8714602370870423,1.176470588235294,0
2025-10-10 12:29:20.500,ACC_101,accelerometer_rms,SPAN_1,0.01575466353552646,3.0755448842837096,2.8765955620905794,2.352941176470588,0
2025-10-10 12:29:23.500,ACC_101,accelerometer_rms,SPAN_1,0.015077259561417417,2.90972479842961,2.788063334092988,4.313725490196077,0
2025-10-10 12:29:26.500,ACC_101,accelerometer_rms,SPAN_1,0.015067445355116168,2.622314476602965,2.8837984608366725,2.1568627450980387,0
2025-10-10 12:29:29.500,ACC_101,accelerometer_rms,SPAN_1,0.01581542529912354,2.7041532914376214,2.8300473683886422,1.764705882352941,0
2025-10-10 12:29:32.500,ACC_101,accelerometer_rms,SPAN_1,0.015564246909592032,2.140495571964145,2.74152880693588,1.764705882352941,0
2025-10-10 12:29:35.500,ACC_101,accelerometer_rms,SPAN_1,0.015664351911391726,2.5032244040591496,2.8404740666938726,0.980392156862745,0
2025-10-10 12:29:38.500,ACC_101,accelerometer_rms,SPAN_1,0.015809559537340243,2.9867044879924296,2.7690737548819504,2.549019607843137,0
2025-10-10 12:29:41.500,ACC_101,accelerometer_rms,SPAN_1,0.01577536033459377,2.7255017926174947,2.7864472891502032,2.9411764705882346,0
2025-10-10 12:29:44.500,ACC_101,accelerometer_rms,SPAN_1,0.016724332559735454,2.375546221851911,3.0403900329969717,1.764705882352941,0
2025-10-10 12:29:47.500,ACC_101,accelerometer_rms,SPAN_1,0.016994464244017123,2.268815572334279,2.8297470741459803,1.568627450980392,0
2025-10-10 12:29:50.500,ACC_101,accelerometer_rms,SPAN_1,0.017858562416068865,2.6279619182387473,2.9650940628564157,1.176470588235294,0
2025-10-10 12:29:53.500,ACC_101,accelerometer_rms,SPAN_1,0.0186018580159902,2.81384233199027,2.848574591357138,4.901960784313725,0
2025-10-10 12:29:56.500,ACC_101,accelerometer_rms,SPAN_1,0.01907003189690619,2.5509206364415804,2.807234554823713,0.196078431372549,0
2025-10-10 12:00:02.500,ACC_102,accelerometer_rms,SPAN_2,0.021027685026845808,1.9915683691501382,2.729262868570577,1.372549019607843,0
2025-10-10 12:00:05.500,ACC_102,accelerometer_rms,SPAN_2,0.020685789191863,2.215044835767928,2.6311433801278126,1.372549019607843,0
2025-10-10 12:00:08.500,ACC_102,accelerometer_rms,SPAN_2,0.022215641430237004,2.5665333363190324,2.7695610876897385,1.96078431372549,0
2025-10-10 12:00:11.500,ACC_102,accelerometer_rms,SPAN_2,0.023441442948961392,2.656956042181165,2.709530243772481,3.333333333333333,0
2025-10-10 12:00:14.500,ACC_102,accelerometer_rms,SPAN_2,0.02297945944516878,2.4068683658788945,2.75637630093496,1.764705882352941,0
2025-10-10 12:00:17.500,ACC_102,accelerometer_rms,SPAN_2,0.022856941364264197,2.4479093286807614,2.7835688792228552,1.764705882352941,0
2025-10-10 12:00:20.500,ACC_102,accelerometer_rms,SPAN_2,0.023958088249863244,2.4642329760690598,2.8699643418135774,1.568627450980392,0
2025-10-10 12:00:23.500,ACC_102,accelerometer_rms,SPAN_2,0.024879391576083175,2.5061221298712053,2.7578761274174326,0.784313725490196,0
2025-10-10 12:00:26.500,ACC_102,accelerometer_rms,SPAN_2,0.02557092848621377,2.732210153708883,2.8661591320987014,3.529411764705882,0
2025-10-10 12:00:29.500,ACC_102,accelerometer_rms,SPAN_2,0.0252837013900337,2.8229198295576343,2.9866126333298775,3.92156862745098,0
2025-10-10 12:00:32.500,ACC_102,accelerometer_rms,SPAN_2,0.025073406518679918,2.1594208970253894,2.8152143714443567,1.372549019607843,0
2025-10-10 12:00:35.500,ACC_102,accelerometer_rms,SPAN_2,0.024876513201387843,2.137658632835118,2.796834539630649,1.568627450980392,0
2025-10-10 12:00:38.500,ACC_102,accelerometer_rms,SPAN_2,0.02457473375516518,2.5538863554480704,2.6420160479389923,1.372549019607843,0
2025-10-10 12:00:41.500,ACC_102,accelerometer_rms,SPAN_2,0.024799134795154353,2.27781605589744,2.892716395205532,3.7254901960784306,0
2025-10-10 12:00:44.500,ACC_102,accelerometer_rms,SPAN_2,0.024314138223852956,2.3111605442345327,2.8671187988497606,2.1568627450980387,0
2025-10-10 12:00:47.500,ACC_102,accelerometer_rms,SPAN_2,0.023386578149216523,2.028372433873726,2.785815631200999,0.392156862745098,0
2025-10-10 12:00:50.500,ACC_102,accelerometer_rms,SPAN_2,0.02186424237174012,2.142687720341984,2.6310381152839213,0.392156862745098,0
2025-10-10 12:00:53.500,ACC_102,accelerometer_rms,SPAN_2,0.021203414127603758,2.4760132430226998,2.8777111010522196,0.392156862745098,0
2025-10-10 12:00:56.500,ACC_102,accelerometer_rms,SPAN_2,0.020790476959793063,2.7715215950828838,2.859937607185552,4.5098039215686265,0
2025-10-10 12:00:59.500,ACC_102,accelerometer_rms,SPAN_2,0.020887247490406442,2.6984208806054237,2.723972546238336,2.352941176470588,0
2025-10-10 12:01:02.500,ACC_102,accelerometer_rms,SPAN_2,0.020512521840927066,2.885000793025808,2.8203106628782297,3.137254901960784,0
2025-10-10 12:01:05.500,ACC_102,accelerometer_rms,SPAN_2,0.01885190342654878,2.9584567668870254,2.7044341632269413,3.333333333333333,0
2025-10-10 12:01:08.500,ACC_102,accelerometer_rms,SPAN_2,0.017760715643150835,3.024736189261236,2.9332354558628193,3.333333333333333,0
2025-10-10 12:01:11.500,ACC_102,accelerometer_rms,SPAN_2,0.017415577996184234,2.9458288905461014,2.7672852351981367,2.745098039215686,0
2025-10-10 12:01:14.500,ACC_102,accelerometer_rms,SPAN_2,0.017686929971137487,2.6451597764190042,2.740810110535698,3.92156862745098,0
2025-10-10 12:01:17.500,ACC_102,accelerometer_rms,SPAN_2,0.017372971379387567,2.553684087278813,2.822098045894589,2.9411764705882346,0
2025-10-10 12:01:20.500,ACC_102,accelerometer_rms,SPAN_2,0.016577026273684656,2.660596076246008,2.9284283097946524,0.588235294117647,0
2025-10-10 12:01:23.500,ACC_102,accelerometer_rms,SPAN_2,0.01584327736136118,2.5350791368086334,2.808123358649838,3.137254901960784,0
2025-10-10 12:01:26.500,ACC_102,accelerometer_rms,SPAN_2,0.01542397679575791,2.7189247352097277,2.9609329253285726,4.117647058823529,0
2025-10-10 12:01:29.500,ACC_102,accelerometer_rms,SPAN_2,0.01579153750042886,2.991843338241626,2.8008429952315996,4.705882352941176,0
2025-10-10 12:01:32.500,ACC_102,accelerometer_rms,SPAN_2,0.015732488591272194,2.6717977191684956,2.9602215669717467,2.352941176470588,0
2025-10-10 12:01:35.500,ACC_102,accelerometer_rms,SPAN_2,0.015979057141685644,2.69161607127138,2.742438191603395,4.313725490196077,0
2025-10-10 12:01:38.500,ACC_102,accelerometer_rms,SPAN_2,0.017011914731832427,2.8879957755953707,2.8048391233449217,0.784313725490196,0
2025-10-10 12:01:41.500,ACC_102,accelerometer_rms,SPAN_2,0.016703380034838317,2.270041586662829,2.8779279475641295,0.980392156862745,0
2025-10-10 12:01:44.500,ACC_102,accelerometer_rms,SPAN_2,0.01621604725476056,2.270127011115027,2.8061471660689143,1.568627450980392,0
2025-10-10 12:01:47.500,ACC_102,accelerometer_rms,SPAN_2,0.016675284334231034,2.073270159898694,2.901948782967517,0.196078431372549,0
2025-10-10 12:01:50.500,ACC_102,accelerometer_rms,SPAN_2,0.01788859579206162,2.0429450917128893,2.655072335696664,0.784313725490196,0
2025-10-10 12:01:53.500,ACC_102,accelerometer_rms,SPAN_2,0.018751252085775865,2.3050545142290364,2.8879074087445464,1.568627450980392,0
2025-10-10 12:01:56.500,ACC_102,accelerometer_rms,SPAN_2,0.01931980234594222,2.074457821885633,2.812777489287737,1.372549019607843,0
2025-10-10 12:01:59.500,ACC_102,accelerometer_rms,SPAN_2,0.020259733058168247,2.745157298013871,2.818655255099748,2.745098039215686,0
2025-10-10 12:02:02.500,ACC_102,accelerometer_rms,SPAN_2,0.0210135548672009,2.60462202276603,2.892643481541196,1.176470588235294,0
2025-10-10 12:02:05.500,ACC_102,accelerometer_rms,SPAN_2,0.021367509756086943,2.4165856811976285,2.9108814086814165,0.588235294117647,0
2025-10-10 12:02:08.500,ACC_102,accelerometer_rms,SPAN_2,0.02198488892264813,1.7738209707909922,2.6878240088338057,0.392156862745098,0
2025-10-10 12:02:11.500,ACC_102,accelerometer_rms,SPAN_2,0.022839174782918623,2.320378536563836,2.992433426588047,0.196078431372549,0
2025-10-10 12:02:14.500,ACC_102,accelerometer_rms,SPAN_2,0.02273461117879478,2.7266761723802415,2.9155845907985563,2.9411764705882346,0
2025-10-10 12:02:17.500,ACC_102,accelerometer_rms,SPAN_2,0.023278908179285553,2.4759570899044827,2.838763826334655,2.745098039215686,0
2025-10-10 12:02:20.500,ACC_102,accelerometer_rms,SPAN_2,0.024076345699771427,2.498230901481616,2.8453761038696443,3.7254901960784306,0
2025-10-10 12:02:23.500,ACC_102,accelerometer_rms,SPAN_2,0.024869330883798287,2.5971460502198527,2.6980938176759715,4.313725490196077,0
2025-10-10 12:02:26.500,ACC_102,accelerometer_rms,SPAN_2,0.02557855816315459,2.539131004221695,2.8250929248293652,3.7254901960784306,0
2025-10-10 12:02:29.500,ACC_102,accelerometer_rms,SPAN_2,0.02550686187760339,2.3981762696636353,2.9752436343375495,1.764705882352941,0
2025-10-10 12:02:32.500,ACC_102,accelerometer_rms,SPAN_2,0.025094898494924987,2.294720030915251,2.8577222663321966,1.568627450980392,0
2025-10-10 12:02:35.500,ACC_102,accelerometer_rms,SPAN_2,0.024517027995364572,2.6533041450497463,2.7794394472488686,4.313725490196077,0
2025-10-10 12:02:38.500,ACC_102,accelerometer_rms,SPAN_2,0.024471715530383235,2.7858011547435737,2.723231346632199,3.7254901960784306,0
2025-10-10 12:02:41.500,ACC_102,accelerometer_rms,SPAN_2,0.024245729451337423,2.601869586404915,2.8073085008335057,1.176470588235294,0
2025-10-10 12:02:44.500,ACC_102,accelerometer_rms,SPAN_2,0.023790835644152117,2.4455037654544665,2.8504613843968274,1.372549019607843,0
2025-10-10 12:02:47.500,ACC_102,accelerometer_rms,SPAN_2,0.02342850424497609,2.2459305485550476,2.734514431818637,1.96078431372549,0
2025-10-10 12:02:50.500,ACC_102,accelerometer_rms,SPAN_2,0.02263010062578895,2.367748452114984,2.89515555548068,1.176470588235294,0
2025-10-10 12:02:53.500,ACC_102,accelerometer_rms,SPAN_2,0.021958184373941304,2.5705811572108765,2.8943151620646437,2.549019607843137,0
2025-10-10 12:02:56.500,ACC_102,accelerometer_rms,SPAN_2,0.021178492221693063,2.2193594030424926,2.777844570977032,1.176470588235294,0
2025-10-10 12:02:59.500,ACC_102,accelerometer_rms,SPAN_2,0.020520298286923453,2.4626574158517496,2.823456895733999,0.588235294117647,0
2025-10-10 12:03:02.500,ACC_102,accelerometer_rms,SPAN_2,0.01933739618854982,2.423694387297653,2.8435246985223253,1.176470588235294,0
2025-10-10 12:03:05.500,ACC_102,accelerometer_rms,SPAN_2,0.01905718457386486,2.1105791586557108,2.761790284293325,2.549019607843137,0
2025-10-10 12:03:08.500,ACC_102,accelerometer_rms,SPAN_2,0.01825077065361845,2.391373846012904,2.829184582289402,1.568627450980392,0
2025-10-10 12:03:11.500,ACC_102,accelerometer_rms,SPAN_2,0.017169112639945527,2.5211049088032893,2.7050931888430196,3.92156862745098,0
2025-10-10 12:03:14.500,ACC_102,accelerometer_rms,SPAN_2,0.01645826975515146,3.003641688480915,2.7855648849136605,4.313725490196077,0
2025-10-10 12:03:17.500,ACC_102,accelerometer_rms,SPAN_2,0.016807669366375927,2.261493786173433,2.9177849980168227,0.588235294117647,0
2025-10-10 12:03:20.500,ACC_102,accelerometer_rms,SPAN_2,0.016971863847868574,2.2447814374765986,2.7915896466089993,2.352941176470588,0
2025-10-10 12:03:23.500,ACC_102,accelerometer_rms,SPAN_2,0.016111498422299666,2.4459299741665133,2.8325912995020897,1.764705882352941,0
2025-10-10 12:03:26.500,ACC_102,accelerometer_rms,SPAN_2,0.015289635136517913,2.3670034661858983,2.90739214716409,4.117647058823529,0
2025-10-10 12:03:29.500,ACC_102,accelerometer_rms,SPAN_2,0.014936479966977547,2.550626509120036,2.9493546467093568,1.372549019607843,0
2025-10-10 12:03:32.500,ACC_102,accelerometer_rms,SPAN_2,0.015695195891062448,2.2906594536985274,2.8333806002532915,1.764705882352941,0
2025-10-10 12:03:35.500,ACC_102,accelerometer_rms,SPAN_2,0.01632612400838775,2.344755056030175,2.742051323135212,1.96078431372549,0
2025-10-10 12:03:38.500,ACC_102,accelerometer_rms,SPAN_2,0.0164940948910363,2.839422666037109,2.9061780817546765,4.313725490196077,0
2025-10-10 12:03:41.500,ACC_102,accelerometer_rms,SPAN_2,0.016363094248709714,2.7126952781775926,2.7454722961929767,0.784313725490196,0
2025-10-10 12:03:44.500,ACC_102,accelerometer_rms,SPAN_2,0.01611121734790306,2.3798507732474246,2.849153118019072,1.568627450980392,0
2025-10-10 12:03:47.500,ACC_102,accelerometer_rms,SPAN_2,0.01719651611832592,2.6708965281638037,2.9692931818660155,4.705882352941176,0
2025-10-10 12:03:50.500,ACC_102,accelerometer_rms,SPAN_2,0.018083048526175004,2.9435197888972464,2.77595032990443,4.705882352941176,0
2025-10-10 12:03:53.500,ACC_102,accelerometer_rms,SPAN_2,0.01891440645873601,2.816855801216954,2.8871110613122757,3.529411764705882,0
2025-10-10 12:03:56.500,ACC_102,accelerometer_rms,SPAN_2,0.01949506740278719,3.0770433650666527,2.7849749983128382,1.764705882352941,0
2025-10-10 12:03:59.500,ACC_102,accelerometer_rms,SPAN_2,0.019867466854525926,2.7364243458210082,2.704918392040352,3.92156862745098,0
2025-10-10 12:04:02.500,ACC_102,accelerometer_rms,SPAN_2,0.02124205189905987,2.685676492747885,2.869847978337924,4.705882352941176,0
2025-10-10 12:04:05.500,ACC_102,accelerometer_rms,SPAN_2,0.02182197062505548,2.330717761241894,2.7851654272048942,0.588235294117647,0
2025-10-10 12:04:08.500,ACC_102,accelerometer_rms,SPAN_2,0.02181719648961953,2.3090902407841996,2.6715056766674614,2.549019607843137,0
2025-10-10 12:04:11.500,ACC_102,accelerometer_rms,SPAN_2,0.02298584842684648,2.351681474567639,2.798727923534837,4.901960784313725,0
2025-10-10 12:04:14.500,ACC_102,accelerometer_rms,SPAN_2,0.02406115905884216,2.2433468902064773,2.8040254578379793,0.392156862745098,0
2025-10-10 12:04:17.500,ACC_102,accelerometer_rms,SPAN_2,0.02461650694347269,2.7692964992804936,2.8407708928271598,4.901960784313725,0
2025-10-10 12:04:20.500,ACC_102,accelerometer_rms,SPAN_2,0.023793595260316686,2.6117321523971904,2.971786608154724,3.333333333333333,0
2025-10-10 12:04:23.500,ACC_102,accelerometer_rms,SPAN_2,0.0243197917867119,2.215410903851645,2.798691556574191,0.196078431372549,0
2025-10-10 12:04:26.500,ACC_102,accelerometer_rms,SPAN_2,0.025248533633212267,2.4139531342017397,2.8176164967086943,1.176470588235294,0
2025-10-10 12:04:29.500,ACC_102,accelerometer_rms,SPAN_2,0.025037792040723355,2.5838973411815234,2.885223635696521,1.568627450980392,0
2025-10-10 12:04:32.500,ACC_102,accelerometer_rms,SPAN_2,0.025449732790692455,2.865745430853721,2.8915757362080474,2.745098039215686,0
2025-10-10 12:04:35.500,ACC_102,accelerometer_rms,SPAN_2,0.02478481930576876,2.6522021826598996,2.943331545445125,0.784313725490196,0
2025-10-10 12:04:38.500,ACC_102,accelerometer_rms,SPAN_2,0.024560372991674947,2.782651019551592,2.8799767791557596,1.176470588235294,0
2025-10-10 12:04:41.500,ACC_102,accelerometer_rms,SPAN_2,0.02414008720235399,2.639958940773118,2.7876806738178668,3.529411764705882,0
2025-10-10 12:04:44.500,ACC_102,accelerometer_rms,SPAN_2,0.02346733883924802,2.7591747489197016,2.8656361661702014,1.764705882352941,0
2025-10-10 12:04:47.500,ACC_102,accelerometer_rms,SPAN_2,0.022941570739171115,2.635099961247938,2.82144153186713,4.313725490196077,0
2025-10-10 12:04:50.500,ACC_102,accelerometer_rms,SPAN_2,0.022328377250204524,2.4574009379487904,2.909007272528444,2.745098039215686,0
2025-10-10 12:04:53.500,ACC_102,accelerometer_rms,SPAN_2,0.02166680731296734,2.396230160504175,2.76874639470077,2.745098039215686,0
2025-10-10 12:04:56.500,ACC_102,accelerometer_rms,SPAN_2,0.02127081049277643,2.6452512649047804,2.8314477745073674,1.764705882352941,0
2025-10-10 12:04:59.500,ACC_102,accelerometer_rms,SPAN_2,0.019761845441529542,2.316015554393377,2.9808240919368423,1.764705882352941,0
2025-10-10 12:05:02.500,ACC_102,accelerometer_rms,SPAN_2,0.019342660163888685,2.4119691238293406,2.689391346736346,1.764705882352941,0
2025-10-10 12:05:05.500,ACC_102,accelerometer_rms,SPAN_2,0.018960806446922218,2.6101912402144323,2.806714440222159,1.764705882352941,0
2025-10-10 12:05:08.500,ACC_102,accelerometer_rms,SPAN_2,0.01897951237054128,2.398320381647921,2.8092276301909243,0.392156862745098,0
2025-10-10 12:05:11.500,ACC_102,accelerometer_rms,SPAN_2,0.017292456024884058,2.4655681061866157,2.7437288301043727,0.196078431372549,0
2025-10-10 12:05:14.500,ACC_102,accelerometer_rms,SPAN_2,0.016562968104520775,2.8614748445589786,2.843906596867751,4.313725490196077,0
2025-10-10 12:05:17.500,ACC_102,accelerometer_rms,SPAN_2,0.016316059295711588,2.4179489568598016,2.8310287407994807,2.1568627450980387,0
2025-10-10 12:05:20.500,ACC_102,accelerometer_rms,SPAN_2,0.015331103469999904,2.6257621872491117,2.8781454394351327,1.764705882352941,0
2025-10-10 12:05:23.500,ACC_102,accelerometer_rms,SPAN_2,0.015070086494150472,2.5093052148767607,2.8050673062530143,1.372549019607843,0
2025-10-10 12:05:26.500,ACC_102,accelerometer_rms,SPAN_2,0.015088011408230772,2.2629128820677056,2.6974079105737445,0.980392156862745,0
2025-10-10 12:05:29.500,ACC_102,accelerometer_rms,SPAN_2,0.015392805895395854,3.071305397374206,2.7264517821150895,4.705882352941176,0
2025-10-10 12:05:32.500,ACC_102,accelerometer_rms,SPAN_2,0.01552221072414319,3.111322127438434,2.854772706221592,4.901960784313725,0
2025-10-10 12:05:35.500,ACC_102,accelerometer_rms,SPAN_2,0.015515423449700928,2.6044119610631977,2.8273444056949937,4.5098039215686265,0
2025-10-10 12:05:38.500,ACC_102,accelerometer_rms,SPAN_2,0.015400824706081522,2.695855330326717,2.801383939308093,1.176470588235294,0
2025-10-10 12:05:41.500,ACC_102,accelerometer_rms,SPAN_2,0.016131385031646094,2.2334986063491398,2.6031615507948587,1.568627450980392,0
2025-10-10 12:05:44.500,ACC_102,accelerometer_rms,SPAN_2,0.017287242910625753,2.3113664718071973,2.743252610295585,1.568627450980392,0
2025-10-10 12:05:47.500,ACC_102,accelerometer_rms,SPAN_2,0.01767577720009649,2.2917412772117767,2.7946855592784825,2.1568627450980387,0
2025-10-10 12:05:50.500,ACC_102,accelerometer_rms,SPAN_2,0.01790510590229918,2.678837752443211,2.9016561283807136,3.92156862745098,0
2025-10-10 12:05:53.500,ACC_102,accelerometer_rms,SPAN_2,0.018091612798937153,2.289380802898017,2.8055546698957765,0.196078431372549,0
2025-10-10 12:05:56.500,ACC_102,accelerometer_rms,SPAN_2,0.019515625732860784,2.2007311017876896,2.947583577616399,0.196078431372549,0
2025-10-10 12:05:59.500,ACC_102,accelerometer_rms,SPAN_2,0.020023892242254294,1.9765330741964469,2.80301223574875,0.392156862745098,0
2025-10-10 12:06:02.500,ACC_102,accelerometer_rms,SPAN_2,0.020520342055590383,2.2398842275453776,2.83340660266432,3.529411764705882,0
2025-10-10 12:06:05.500,ACC_102,accelerometer_rms,SPAN_2,0.021397673838664855,2.7472058794973133,2.8760932906954237,3.333333333333333,0
2025-10-10 12:06:08.500,ACC_102,accelerometer_rms,SPAN_2,0.022587864396183897,2.602208120248504,2.749943106692781,1.176470588235294,0
2025-10-10 12:06:11.500,ACC_102,accelerometer_rms,SPAN_2,0.022527118346126567,2.1056342624657765,2.6977107245587137,1.96078431372549,0
2025-10-10 12:06:14.500,ACC_102,accelerometer_rms,SPAN_2,0.023137163455460696,1.8937510775521953,2.5628350593403137,1.176470588235294,0
2025-10-10 12:06:17.500,ACC_102,accelerometer_rms,SPAN_2,0.0255676160053314,2.1863132842074244,2.8574432797575007,2.352941176470588,0
2025-10-10 12:06:20.500,ACC_102,accelerometer_rms,SPAN_2,0.024877186384946598,1.8061485435649742,2.7064416503271373,0.588235294117647,0
2025-10-10 12:06:23.500,ACC_102,accelerometer_rms,SPAN_2,0.024626815211289104,2.4857686938976653,2.729440924771758,3.7254901960784306,0
2025-10-10 12:06:26.500,ACC_102,accelerometer_rms,SPAN_2,0.025069411521988775,2.8599217398973873,2.843825683784612,3.333333333333333,0
2025-10-10 12:06:29.500,ACC_102,accelerometer_rms,SPAN_2,0.02477071143745466,2.99874828970478,2.815519644222534,4.117647058823529,0
2025-10-10 12:06:32.500,ACC_102,accelerometer_rms,SPAN_2,0.02478835970654727,2.9938145607162703,2.8247695468093346,4.117647058823529,0
2025-10-10 12:06:35.500,ACC_102,accelerometer_rms,SPAN_2,0.024863898899613397,2.5421736994636364,2.968739295403781,2.1568627450980387,0
2025-10-10 12:06:38.500,ACC_102,accelerometer_rms,SPAN_2,0.024902072500173986,2.210370976498949,2.7396736132794928,1.96078431372549,0
2025-10-10 12:06:41.500,ACC_102,accelerometer_rms,SPAN_2,0.02428863293200921,2.230974297323323,2.747429680205881,2.9411764705882346,0
2025-10-10 12:06:44.500,ACC_102,accelerometer_rms,SPAN_2,0.02359784954310082,2.629902992403794,2.726013903954481,2.352941176470588,0
2025-10-10 12:06:47.500,ACC_102,accelerometer_rms,SPAN_2,0.022682212055385825,2.949143610410336,2.7110073078760593,4.5098039215686265,0
2025-10-10 12:06:50.500,ACC_102,accelerometer_rms,SPAN_2,0.02226213533704047,3.026229208233537,2.7688677517968503,3.137254901960784,0
2025-10-10 12:06:53.500,ACC_102,accelerometer_rms,SPAN_2,0.021726220153465783,2.278674176766985,2.755789834061819,2.549019607843137,0
2025-10-10 12:06:56.500,ACC_102,accelerometer_rms,SPAN_2,0.021046561614294954,2.1615178770617494,2.9244738907872674,0.392156862745098,0
2025-10-10 12:06:59.500,ACC_102,accelerometer_rms,SPAN_2,0.02038726648199418,2.22509509780739,2.8196903298583464,0.588235294117647,0
2025-10-10 12:07:02.500,ACC_102,accelerometer_rms,SPAN_2,0.019019284393045115,2.036724562511835,2.7946493236480214,1.568627450980392,0
2025-10-10 12:07:05.500,ACC_102,accelerometer_rms,SPAN_2,0.018572788218673208,2.404075106096718,2.804719619735382,1.764705882352941,0
2025-10-10 12:07:08.500,ACC_102,accelerometer_rms,SPAN_2,0.01877289729380954,2.4839729011770855,2.8359377962859225,1.764705882352941,0
2025-10-10 12:07:11.500,ACC_102,accelerometer_rms,SPAN_2,0.01796238408397928,2.264262877713831,2.8393100720222466,0.980392156862745,0
2025-10-10 12:07:14.500,ACC_102,accelerometer_rms,SPAN_2,0.01700526366954033,2.624064924719506,2.91785141045124,3.7254901960784306,0
2025-10-10 12:07:17.500,ACC_102,accelerometer_rms,SPAN_2,0.016532905521425813,2.3771164832015965,2.790408999946685,3.7254901960784306,0
2025-10-10 12:07:20.500,ACC_102,accelerometer_rms,SPAN_2,0.015950182062394444,2.8184413512631235,2.890773455545144,2.352941176470588,0
2025-10-10 12:07:23.500,ACC_102,accelerometer_rms,SPAN_2,0.01588531551403346,2.6193115095805726,2.7775158455415934,2.352941176470588,0
2025-10-10 12:07:26.500,ACC_102,accelerometer_rms,SPAN_2,0.016422944413109312,2.7677666446086513,2.6512907767224987,4.117647058823529,0
2025-10-10 12:07:29.500,ACC_102,accelerometer_rms,SPAN_2,0.01574110803708856,2.7811595243909326,2.8689251325030276,4.313725490196077,0
2025-10-10 12:07:32.500,ACC_102,accelerometer_rms,SPAN_2,0.015509068067854152,2.7461643764293457,2.8766215552189394,3.92156862745098,0
2025-10-10 12:07:35.500,ACC_102,accelerometer_rms,SPAN_2,0.0155170964859068,2.1677663004040837,2.7502365972260754,0.784313725490196,0
2025-10-10 12:07:38.500,ACC_102,accelerometer_rms,SPAN_2,0.015483067232986378,2.5800467385206645,2.8984110257801943,1.176470588235294,0
2025-10-10 12:07:41.500,ACC_102,accelerometer_rms,SPAN_2,0.016023213737892786,2.7320529788958936,2.877876510044171,0.196078431372549,0
2025-10-10 12:07:44.500,ACC_102,accelerometer_rms,SPAN_2,0.016810627806102128,2.6981762724977307,2.9367961749234066,4.313725490196077,0
2025-10-10 12:07:47.500,ACC_102,accelerometer_rms,SPAN_2,0.01671160635899611,2.7618950536959663,3.0082242121125597,4.117647058823529,0
2025-10-10 12:07:50.500,ACC_102,accelerometer_rms,SPAN_2,0.01730742106840923,2.543437203945799,2.9522762078728286,0.980392156862745,0
2025-10-10 12:07:53.500,ACC_102,accelerometer_rms,SPAN_2,0.018628964980773946,2.7814647814976334,2.823039014063147,4.901960784313725,0
2025-10-10 12:07:56.500,ACC_102,accelerometer_rms,SPAN_2,0.01907438333955553,2.877160851269986,2.7205407146255167,2.9411764705882346,0
2025-10-10 12:07:59.500,ACC_102,accelerometer_rms,SPAN_2,0.019766082921976003,2.9691333923836725,2.842401979444581,4.901960784313725,0
2025-10-10 12:08:02.500,ACC_102,accelerometer_rms,SPAN_2,0.021350249706029292,2.762742767528472,2.9087025574365137,4.313725490196077,0
2025-10-10 12:08:05.500,ACC_102,accelerometer_rms,SPAN_2,0.021676289658355767,2.755291020768067,2.8911181208262517,2.9411764705882346,0
2025-10-10 12:08:08.500,ACC_102,accelerometer_rms,SPAN_2,0.022155018967515698,2.653611696715385,2.8721987618245346,4.313725490196077,0
2025-10-10 12:08:11.500,ACC_102,accelerometer_rms,SPAN_2,0.023050551661979127,2.943575292390447,2.7960297849426197,3.333333333333333,0
2025-10-10 12:08:14.500,ACC_102,accelerometer_rms,SPAN_2,0.02359052746170735,2.909465062739974,2.809135329796974,4.313725490196077,0
2025-10-10 12:08:17.500,ACC_102,accelerometer_rms,SPAN_2,0.02407308710621738,2.4376984681762845,2.7152848192101966,2.352941176470588,0
2025-10-10 12:08:20.500,ACC_102,accelerometer_rms,SPAN_2,0.02500063505860068,2.893613265782945,2.841144788615078,3.92156862745098,0
2025-10-10 12:08:23.500,ACC_102,accelerometer_rms,SPAN_2,0.024981803561321802,2.726175929946827,2.748863496423392,3.137254901960784,0
2025-10-10 12:08:26.500,ACC_102,accelerometer_rms,SPAN_2,0.024586043805777454,2.7152579835945154,2.7797822606547835,3.137254901960784,0
2025-10-10 12:08:29.500,ACC_102,accelerometer_rms,SPAN_2,0.02491793424502151,2.30554430711306,2.8285886890641936,2.9411764705882346,0
2025-10-10 12:08:32.500,ACC_102,accelerometer_rms,SPAN_2,0.025468009648784654,2.278380916833327,2.876482629262863,0.784313725490196,0
2025-10-10 12:08:35.500,ACC_102,accelerometer_rms,SPAN_2,0.02535600793020981,2.1761712671091953,2.8539620701782153,0.392156862745098,0
2025-10-10 12:08:38.500,ACC_102,accelerometer_rms,SPAN_2,0.024926981144542795,2.203194892416501,2.7974004165347868,0.392156862745098,0
2025-10-10 12:08:41.500,ACC_102,accelerometer_rms,SPAN_2,0.0244054237972933,2.3355769762513483,2.9148150656637504,0.588235294117647,0
2025-10-10 12:08:44.500,ACC_102,accelerometer_rms,SPAN_2,0.02404209077479597,2.395242085172492,2.8454240854498054,1.176470588235294,0
2025-10-10 12:08:47.500,ACC_102,accelerometer_rms,SPAN_2,0.023121734650222377,2.4543138429583164,2.875143877269789,2.745098039215686,0
2025-10-10 12:08:50.500,ACC_102,accelerometer_rms,SPAN_2,0.02246027971164852,2.569031667653422,2.742237567321948,2.745098039215686,0
2025-10-10 12:08:53.500,ACC_102,accelerometer_rms,SPAN_2,0.022037472524200727,2.371461414843335,2.79815251516885,0.980392156862745,0
2025-10-10 12:08:56.500,ACC_102,accelerometer_rms,SPAN_2,0.020914004882271745,2.534312801599593,2.5744616940786473,4.313725490196077,0
2025-10-10 12:08:59.500,ACC_102,accelerometer_rms,SPAN_2,0.020265540574203933,2.683328460755288,2.897044959605098,4.117647058823529,0
2025-10-10 12:09:02.500,ACC_102,accelerometer_rms,SPAN_2,0.019720914778130216,2.481788926838806,2.97116601970455,3.92156862745098,0
2025-10-10 12:09:05.500,ACC_102,accelerometer_rms,SPAN_2,0.01873216976639019,2.220149536121934,2.8608348066035547,0.196078431372549,0
2025-10-10 12:09:08.500,ACC_102,accelerometer_rms,SPAN_2,0.017889115498361717,2.4620637049719676,2.900186978993736,2.1568627450980387,0
2025-10-10 12:09:11.500,ACC_102,accelerometer_rms,SPAN_2,0.017587797579739266,2.65081345094954,2.8597717870677553,2.1568627450980387,0
2025-10-10 12:09:14.500,ACC_102,accelerometer_rms,SPAN_2,0.016721209269409093,2.2297993547803783,2.952182256815445,1.568627450980392,0
2025-10-10 12:09:17.500,ACC_102,accelerometer_rms,SPAN_2,0.016501328995794578,2.620535521466454,3.022129165581633,1.96078431372549,0
2025-10-10 12:09:20.500,ACC_102,accelerometer_rms,SPAN_2,0.016750891527342188,3.0729126213643676,2.536503711626005,3.333333333333333,0
2025-10-10 12:09:23.500,ACC_102,accelerometer_rms,SPAN_2,0.015868634464398814,2.702292696226696,2.7499172358574873,0.784313725490196,0
2025-10-10 12:09:26.500,ACC_102,accelerometer_rms,SPAN_2,0.015863214435154253,2.6664249297325955,2.8008939579076633,4.117647058823529,0
2025-10-10 12:09:29.500,ACC_102,accelerometer_rms,SPAN_2,0.01572085237174237,2.7096920423992534,2.8387225866977555,4.117647058823529,0
2025-10-10 12:09:32.500,ACC_102,accelerometer_rms,SPAN_2,0.01538772533802288,2.4009256649596744,2.8812388291941,3.333333333333333,0
2025-10-10 12:09:35.500,ACC_102,accelerometer_rms,SPAN_2,0.01557139794812346,2.030789310069018,2.771088283520532,0.588235294117647,0
2025-10-10 12:09:38.500,ACC_102,accelerometer_rms,SPAN_2,0.01611203347580591,2.502746582080544,2.9203264001968803,2.1568627450980387,0
2025-10-10 12:09:41.500,ACC_102,accelerometer_rms,SPAN_2,0.015784507131746523,2.4308245027366713,2.778849615577064,4.117647058823529,0
2025-10-10 12:09:44.500,ACC_102,accelerometer_rms,SPAN_2,0.015765640946405583,2.3569562732002938,2.9608128714715853,0.196078431372549,0
2025-10-10 12:09:47.500,ACC_102,accelerometer_rms,SPAN_2,0.017166931499194585,2.688831120117679,2.778630912097993,2.1568627450980387,0
2025-10-10 12:09:50.500,ACC_102,accelerometer_rms,SPAN_2,0.01816394170748577,2.534160403389936,2.588591800333692,1.568627450980392,0
2025-10-10 12:09:53.500,ACC_102,accelerometer_rms,SPAN_2,0.018895921484412926,2.3429978462634917,2.6391926981021805,1.568627450980392,0
2025-10-10 12:09:56.500,ACC_102,accelerometer_rms,SPAN_2,0.01960582613138548,2.8087874180416654,2.802224518435582,4.117647058823529,0
2025-10-10 12:09:59.500,ACC_102,accelerometer_rms,SPAN_2,0.019591139083979858,2.5712741343786174,2.8478673219226973,4.313725490196077,0
2025-10-10 12:10:02.500,ACC_102,accelerometer_rms,SPAN_2,0.020523009265069236,2.6900383412510536,2.7312589550370037,1.96078431372549,0
2025-10-10 12:10:05.500,ACC_102,accelerometer_rms,SPAN_2,0.021490099925861893,2.325874060321728,2.7746370056906495,3.333333333333333,0
2025-10-10 12:10:08.500,ACC_102,accelerometer_rms,SPAN_2,0.022557225638579842,2.2004880302695393,2.8643968810816944,0.392156862745098,0
2025-10-10 12:10:11.500,ACC_102,accelerometer_rms,SPAN_2,0.022475869306401282,2.450975761201998,2.967432214201159,0.392156862745098,0
2025-10-10 12:10:14.500,ACC_102,accelerometer_rms,SPAN_2,0.02369830094472316,2.385743949026736,2.822882356524689,0.196078431372549,0
2025-10-10 12:10:17.500,ACC_102,accelerometer_rms,SPAN_2,0.024307932979689945,2.4599882159939543,2.722133448413851,4.5098039215686265,0
2025-10-10 12:10:20.500,ACC_102,accelerometer_rms,SPAN_2,0.024409434426459126,2.1902422636468644,2.6482114021830485,1.176470588235294,0
2025-10-10 12:10:23.500,ACC_102,accelerometer_rms,SPAN_2,0.02455275564143942,2.418980997268334,2.726264319619216,0.980392156862745,0
2025-10-10 12:10:26.500,ACC_102,accelerometer_rms,SPAN_2,0.024927342091861815,2.6857800425680556,2.8563289615968905,1.176470588235294,0
2025-10-10 12:10:29.500,ACC_102,accelerometer_rms,SPAN_2,0.025040579991951733,2.6344306704538876,2.95887738701728,0.784313725490196,0
2025-10-10 12:10:32.500,ACC_102,accelerometer_rms,SPAN_2,0.025373632704203848,2.1886093056269753,2.8644455456005824,3.92156862745098,0
2025-10-10 12:10:35.500,ACC_102,accelerometer_rms,SPAN_2,0.025650683654842108,2.1700921048325985,2.9100674725183953,2.9411764705882346,0
2025-10-10 12:10:38.500,ACC_102,accelerometer_rms,SPAN_2,0.02528437098443288,2.582121305349563,2.930875873984712,1.764705882352941,0
2025-10-10 12:10:41.500,ACC_102,accelerometer_rms,SPAN_2,0.024394911776200942,2.7552050804057133,2.7974639869986935,4.117647058823529,0
2025-10-10 12:10:44.500,ACC_102,accelerometer_rms,SPAN_2,0.0241524009328996,2.445513080201257,2.6481027711606027,4.117647058823529,0
2025-10-10 12:10:47.500,ACC_102,accelerometer_rms,SPAN_2,0.02242197463099406,2.555869607237753,2.8560229029581006,2.745098039215686,0
2025-10-10 12:10:50.500,ACC_102,accelerometer_rms,SPAN_2,0.022110571865858516,2.5590695656541453,2.778424510761762,2.549019607843137,0
2025-10-10 12:10:53.500,ACC_102,accelerometer_rms,SPAN_2,0.021292649207520182,2.860019134679744,2.8329665345337456,0.980392156862745,0
2025-10-10 12:10:56.500,ACC_102,accelerometer_rms,SPAN_2,0.02108334616491898,2.8894236519751266,2.8001724925712494,4.901960784313725,0
2025-10-10 12:10:59.500,ACC_102,accelerometer_rms,SPAN_2,0.01969724290152225,2.04014302490346,2.811050634650676,0.392156862745098,0
2025-10-10 12:11:02.500,ACC_102,accelerometer_rms,SPAN_2,0.019103779448467424,2.2106840945267603,2.7595678534514825,0.392156862745098,0
2025-10-10 12:11:05.500,ACC_102,accelerometer_rms,SPAN_2,0.018430942190762134,2.6351417711251326,2.9394963615970826,1.96078431372549,0
2025-10-10 12:11:08.500,ACC_102,accelerometer_rms,SPAN_2,0.01787914647313577,2.5154854214233087,2.885155196247716,3.92156862745098,0
2025-10-10 12:11:11.500,ACC_102,accelerometer_rms,SPAN_2,0.01798934970649982,2.2236706621196323,2.898270341402798,0.980392156862745,0
2025-10-10 12:11:14.500,ACC_102,accelerometer_rms,SPAN_2,0.016813922829654257,2.578493761179527,2.8417152537152517,0.784313725490196,0
2025-10-10 12:11:17.500,ACC_102,accelerometer_rms,SPAN_2,0.015534723947262373,2.7674584841842345,2.7879265840480514,4.313725490196077,0
2025-10-10 12:11:20.500,ACC_102,accelerometer_rms,SPAN_2,0.014602470855921581,2.690060877783412,2.9654985522243416,2.745098039215686,0
2025-10-10 12:11:23.500,ACC_102,accelerometer_rms,SPAN_2,0.014859935722157974,2.5884649022006165,2.8868127589808608,1.96078431372549,0
2025-10-10 12:11:26.500,ACC_102,accelerometer_rms,SPAN_2,0.015357486960603224,2.6409285730038374,2.922117315272642,3.333333333333333,0
2025-10-10 12:11:29.500,ACC_102,accelerometer_rms,SPAN_2,0.016263628645105076,3.0515775823551743,2.5802339906630634,3.92156862745098,0
2025-10-10 12:11:32.500,ACC_102,accelerometer_rms,SPAN_2,0.015926926571061976,2.819026209598725,3.0127075237046568,4.901960784313725,0
2025-10-10 12:11:35.500,ACC_102,accelerometer_rms,SPAN_2,0.014907384271679905,2.4346297839757653,2.879259779951411,1.372549019607843,0
2025-10-10 12:11:38.500,ACC_102,accelerometer_rms,SPAN_2,0.015409570636331124,1.8603986686510956,2.7672886315665357,0.196078431372549,0
2025-10-10 12:11:41.500,ACC_102,accelerometer_rms,SPAN_2,0.016840945789890756,2.306972377021184,2.9168298164891038,0.588235294117647,0
2025-10-10 12:11:44.500,ACC_102,accelerometer_rms,SPAN_2,0.017480326428279756,2.270796928163095,2.9674363278318667,2.9411764705882346,0
2025-10-10 12:11:47.500,ACC_102,accelerometer_rms,SPAN_2,0.01768016474892187,2.4830176125411465,2.7948274194203626,3.137254901960784,0
2025-10-10 12:11:50.500,ACC_102,accelerometer_rms,SPAN_2,0.017044129000114643,2.788895336830007,2.6179154814111945,3.137254901960784,0
2025-10-10 12:11:53.500,ACC_102,accelerometer_rms,SPAN_2,0.017520219357454785,2.411709807415543,2.974703759986491,1.176470588235294,0
2025-10-10 12:11:56.500,ACC_102,accelerometer_rms,SPAN_2,0.01850920408983638,2.484238670486441,2.7971151805177374,0.392156862745098,0
2025-10-10 12:11:59.500,ACC_102,accelerometer_rms,SPAN_2,0.019808205668457746,2.4541018484864043,2.85348025927226,1.568627450980392,0
2025-10-10 12:12:02.500,ACC_102,accelerometer_rms,SPAN_2,0.020569891772428257,2.6978810464065344,2.810067082404036,3.529411764705882,0
2025-10-10 12:12:05.500,ACC_102,accelerometer_rms,SPAN_2,0.021052531815046127,2.475534828991174,2.8529276592610353,0.392156862745098,0
2025-10-10 12:12:08.500,ACC_102,accelerometer_rms,SPAN_2,0.02228393988204659,2.129490251114694,3.0310695705951196,0.784313725490196,0
2025-10-10 12:12:11.500,ACC_102,accelerometer_rms,SPAN_2,0.023423249785830567,2.73650587440701,2.846438169370637,3.137254901960784,0
2025-10-10 12:12:14.500,ACC_102,accelerometer_rms,SPAN_2,0.023925611729430262,2.686805389492705,2.8714980946069697,1.96078431372549,0
2025-10-10 12:12:17.500,ACC_102,accelerometer_rms,SPAN_2,0.023767479471154797,2.5163628734515084,2.8958257322881114,1.96078431372549,0
2025-10-10 12:12:20.500,ACC_102,accelerometer_rms,SPAN_2,0.024055117580746296,2.5056006310589454,2.8465196680657048,0.980392156862745,0
2025-10-10 12:12:23.500,ACC_102,accelerometer_rms,SPAN_2,0.025018523607715223,2.477859705570956,2.746089500230188,1.372549019607843,0
2025-10-10 12:12:26.500,ACC_102,accelerometer_rms,SPAN_2,0.025380814089062027,2.723439311027835,2.8532545903056454,2.1568627450980387,0
2025-10-10 12:12:29.500,ACC_102,accelerometer_rms,SPAN_2,0.025141751659146505,2.5407718795849354,2.6524341551299853,2.9411764705882346,0
2025-10-10 12:12:32.500,ACC_102,accelerometer_rms,SPAN_2,0.024995234407743396,2.8850699832440236,2.6548458450252226,3.7254901960784306,0
2025-10-10 12:12:35.500,ACC_102,accelerometer_rms,SPAN_2,0.025400018115247513,2.4655289107300105,2.9222604555659943,1.96078431372549,0
2025-10-10 12:12:38.500,ACC_102,accelerometer_rms,SPAN_2,0.02471066300758662,2.5213942842705266,2.857530593717901,1.568627450980392,0
2025-10-10 12:12:41.500,ACC_102,accelerometer_rms,SPAN_2,0.023764234184019923,2.195245341198547,2.8158111181087975,1.568627450980392,0
2025-10-10 12:12:44.500,ACC_102,accelerometer_rms,SPAN_2,0.023908439716683196,2.3197257375691778,2.8525197621193557,1.764705882352941,0
2025-10-10 12:12:47.500,ACC_102,accelerometer_rms,SPAN_2,0.023086659891399977,2.2826573908086245,2.890701255238961,4.5098039215686265,0
2025-10-10 12:12:50.500,ACC_102,accelerometer_rms,SPAN_2,0.022669027413251434,2.3048186411670653,2.919292227180976,2.549019607843137,0
2025-10-10 12:12:53.500,ACC_102,accelerometer_rms,SPAN_2,0.02242442071824866,2.211412234483609,2.5491360317822664,2.745098039215686,0
2025-10-10 12:12:56.500,ACC_102,accelerometer_rms,SPAN_2,0.021453979926033925,2.388326333508013,2.6890359081347435,3.7254901960784306,0
2025-10-10 12:12:59.500,ACC_102,accelerometer_rms,SPAN_2,0.019915064437973265,2.678822738893588,2.8562242628005254,2.352941176470588,0
2025-10-10 12:13:02.500,ACC_102,accelerometer_rms,SPAN_2,0.019613304425572863,2.3169628826614126,2.889157323564538,0.588235294117647,0
2025-10-10 12:13:05.500,ACC_102,accelerometer_rms,SPAN_2,0.018848000933682024,2.6604072444798326,2.7725684615016477,3.137254901960784,0
2025-10-10 12:13:08.500,ACC_102,accelerometer_rms,SPAN_2,0.01787185596263073,2.835463505478436,2.8809684649360823,4.117647058823529,0
2025-10-10 12:13:11.500,ACC_102,accelerometer_rms,SPAN_2,0.0169518013028635,2.113661265355498,2.780221038992302,1.568627450980392,0
2025-10-10 12:13:14.500,ACC_102,accelerometer_rms,SPAN_2,0.01617143108428334,1.9329761983973703,2.7249129456262424,1.372549019607843,0
2025-10-10 12:13:17.500,ACC_102,accelerometer_rms,SPAN_2,0.016378567242038015,2.2167913388878557,2.867715991419355,0.980392156862745,0
2025-10-10 12:13:20.500,ACC_102,accelerometer_rms,SPAN_2,0.01623038929498201,2.757224374364878,2.8180142364294327,2.549019607843137,0
2025-10-10 12:13:23.500,ACC_102,accelerometer_rms,SPAN_2,0.015297511426475133,2.0728715889338263,2.874052535075572,2.352941176470588,0
2025-10-10 12:13:26.500,ACC_102,accelerometer_rms,SPAN_2,0.014762318833209548,2.111997663053976,2.808859952048417,1.372549019607843,0
2025-10-10 12:13:29.500,ACC_102,accelerometer_rms,SPAN_2,0.014569392752495575,2.263709590810007,2.8532563941566726,0.196078431372549,0
2025-10-10 12:13:32.500,ACC_102,accelerometer_rms,SPAN_2,0.015566384296259152,2.5593277393259237,2.848766564428449,3.137254901960784,0
2025-10-10 12:13:35.500,ACC_102,accelerometer_rms,SPAN_2,0.015052349894064159,2.6965632150347894,2.7124155636816276,3.529411764705882,0
2025-10-10 12:13:38.500,ACC_102,accelerometer_rms,SPAN_2,0.015382821451343754,2.743454388324589,2.7550352337441817,1.96078431372549,0
2025-10-10 12:13:41.500,ACC_102,accelerometer_rms,SPAN_2,0.0159048726878176,2.454791311947788,2.9527926444433774,3.137254901960784,0
2025-10-10 12:13:44.500,ACC_102,accelerometer_rms,SPAN_2,0.016570887505667587,2.7445235259912697,2.803603259480721,2.9411764705882346,0
2025-10-10 12:13:47.500,ACC_102,accelerometer_rms,SPAN_2,0.016674312610108037,3.0653146912650255,2.6276794172938645,4.901960784313725,0
2025-10-10 12:13:50.500,ACC_102,accelerometer_rms,SPAN_2,0.01749440790036387,2.6251565964789276,2.8772017227880755,4.705882352941176,0
2025-10-10 12:13:53.500,ACC_102,accelerometer_rms,SPAN_2,0.01853486388287928,2.637318663870876,2.9438511489600647,3.529411764705882,0
2025-10-10 12:13:56.500,ACC_102,accelerometer_rms,SPAN_2,0.019271666879482053,2.9521870074814833,2.9474131470120484,3.529411764705882,0
2025-10-10 12:13:59.500,ACC_102,accelerometer_rms,SPAN_2,0.0198679298520969,2.2317230128986307,2.951913385695795,0.588235294117647,0
2025-10-10 12:14:02.500,ACC_102,accelerometer_rms,SPAN_2,0.02056092338517364,2.1136340752042284,2.6876967456326795,0.392156862745098,0
2025-10-10 12:14:05.500,ACC_102,accelerometer_rms,SPAN_2,0.021667436428256782,2.6378257124983726,2.8359735794409575,2.1568627450980387,0
2025-10-10 12:14:08.500,ACC_102,accelerometer_rms,SPAN_2,0.023145845982700693,2.8315802553060734,2.8690254681731417,2.549019607843137,0
2025-10-10 12:14:11.500,ACC_102,accelerometer_rms,SPAN_2,0.023304197092318953,2.605028551087901,2.7414943969685397,2.549019607843137,0
2025-10-10 12:14:14.500,ACC_102,accelerometer_rms,SPAN_2,0.023677326933289628,2.3002029444842127,2.61250255581543,2.549019607843137,0
2025-10-10 12:14:17.500,ACC_102,accelerometer_rms,SPAN_2,0.023939815334193666,2.8515959094450936,2.864443396100577,4.117647058823529,0
2025-10-10 12:14:20.500,ACC_102,accelerometer_rms,SPAN_2,0.02457847103446748,2.6767964688996337,2.7036023257289306,1.764705882352941,0
2025-10-10 12:14:23.500,ACC_102,accelerometer_rms,SPAN_2,0.024556881843237857,2.4145909633289477,2.949863404612648,1.764705882352941,0
2025-10-10 12:14:26.500,ACC_102,accelerometer_rms,SPAN_2,0.025608766019072606,2.216206754624639,2.8149326838145634,1.372549019607843,0
2025-10-10 12:14:29.500,ACC_102,accelerometer_rms,SPAN_2,0.025428541639692367,1.9443302542696952,2.7578832005750558,1.372549019607843,0
2025-10-10 12:14:32.500,ACC_102,accelerometer_rms,SPAN_2,0.024898025361107513,2.0855555403912542,2.6606907840364453,1.176470588235294,0
2025-10-10 12:14:35.500,ACC_102,accelerometer_rms,SPAN_2,0.02510708203268708,2.962094444194828,2.909428007393482,4.901960784313725,0
2025-10-10 12:14:38.500,ACC_102,accelerometer_rms,SPAN_2,0.025159506981437842,2.561769939331971,2.824260768954717,3.137254901960784,0
2025-10-10 12:14:41.500,ACC_102,accelerometer_rms,SPAN_2,0.023864506395276566,2.5227786428704233,2.928319814960077,3.92156862745098,0
2025-10-10 12:14:44.500,ACC_102,accelerometer_rms,SPAN_2,0.023446625328479954,2.5326274503474853,2.8628416650691992,3.529411764705882,0
2025-10-10 12:14:47.500,ACC_102,accelerometer_rms,SPAN_2,0.022417583545503023,2.9010769606109217,2.712650231085169,3.7254901960784306,0
2025-10-10 12:14:50.500,ACC_102,accelerometer_rms,SPAN_2,0.022330432453685878,2.240985835659207,2.679770218836403,0.392156862745098,0
2025-10-10 12:14:53.500,ACC_102,accelerometer_rms,SPAN_2,0.022256709814011098,2.5350076751784854,2.795572064115227,2.1568627450980387,0
2025-10-10 12:14:56.500,ACC_102,accelerometer_rms,SPAN_2,0.02122749554649513,2.620917000004331,2.8118970896207562,1.764705882352941,0
2025-10-10 12:14:59.500,ACC_102,accelerometer_rms,SPAN_2,0.019927194050972107,2.731592960423802,2.920595451082365,3.137254901960784,0
2025-10-10 12:15:02.500,ACC_102,accelerometer_rms,SPAN_2,0.019495758464795544,2.6382487904337895,2.898362595331431,1.568627450980392,0
2025-10-10 12:15:05.500,ACC_102,accelerometer_rms,SPAN_2,0.01871262450231677,2.9295208672279314,2.791267891344865,4.117647058823529,0
2025-10-10 12:15:08.500,ACC_102,accelerometer_rms,SPAN_2,0.017810387938767977,2.670645090025412,2.9527868943981637,4.5098039215686265,0
2025-10-10 12:15:11.500,ACC_102,accelerometer_rms,SPAN_2,0.016478162783681017,2.7181092031461302,2.8048532438123814,2.9411764705882346,0
2025-10-10 12:15:14.500,ACC_102,accelerometer_rms,SPAN_2,0.016781439382982197,2.424963094086863,2.837230841289452,2.9411764705882346,0
2025-10-10 12:15:17.500,ACC_102,accelerometer_rms,SPAN_2,0.01738831979559053,2.1771604471906216,2.991605907461641,1.372549019607843,0
2025-10-10 12:15:20.500,ACC_102,accelerometer_rms,SPAN_2,0.01659651954890708,2.2470926951478507,2.7882729586739123,0.196078431372549,0
2025-10-10 12:15:23.500,ACC_102,accelerometer_rms,SPAN_2,0.014783274619995262,2.1912442284075064,2.615642500923636,0.392156862745098,0
2025-10-10 12:15:26.500,ACC_102,accelerometer_rms,SPAN_2,0.01491683155259948,2.5271059054304295,2.9585561470615365,2.352941176470588,0
2025-10-10 12:15:29.500,ACC_102,accelerometer_rms,SPAN_2,0.015432029254818324,2.6858882659921015,2.8112094357072945,0.588235294117647,0
2025-10-10 12:15:32.500,ACC_102,accelerometer_rms,SPAN_2,0.015408062186820937,2.2080374628316757,2.7998003160493683,0.588235294117647,0
2025-10-10 12:15:35.500,ACC_102,accelerometer_rms,SPAN_2,0.01562872489247622,1.7392299233406638,2.6924358552647534,0.980392156862745,0
2025-10-10 12:15:38.500,ACC_102,accelerometer_rms,SPAN_2,0.01583300369047974,2.4774616886085274,2.7994152538024015,1.568627450980392,0
2025-10-10 12:15:41.500,ACC_102,accelerometer_rms,SPAN_2,0.01586324445277912,2.3502903628582983,2.8990150997628037,0.588235294117647,0
2025-10-10 12:15:44.500,ACC_102,accelerometer_rms,SPAN_2,0.017222621110666306,2.239840268772121,2.8177499428618917,0.784313725490196,0
2025-10-10 12:15:47.500,ACC_102,accelerometer_rms,SPAN_2,0.017736620576936184,2.5624984250395735,2.9395094610266206,2.352941176470588,0
2025-10-10 12:15:50.500,ACC_102,accelerometer_rms,SPAN_2,0.01807658845676623,2.4757309374438985,2.8209417642221934,2.352941176470588,0
2025-10-10 12:15:53.500,ACC_102,accelerometer_rms,SPAN_2,0.01834056974546416,2.9184491613523362,2.881936041793158,4.313725490196077,0
2025-10-10 12:15:56.500,ACC_102,accelerometer_rms,SPAN_2,0.018713684974203382,2.538228650258986,2.8848526225585895,4.705882352941176,0
2025-10-10 12:15:59.500,ACC_102,accelerometer_rms,SPAN_2,0.01965218373287275,2.3164045150118984,2.7694534254345458,0.196078431372549,0
2025-10-10 12:16:02.500,ACC_102,accelerometer_rms,SPAN_2,0.021492494930857635,2.650739949873477,2.868866275836282,2.9411764705882346,0
2025-10-10 12:16:05.500,ACC_102,accelerometer_rms,SPAN_2,0.021724423829088825,2.6127186620970315,2.726626105077588,3.137254901960784,0
2025-10-10 12:16:08.500,ACC_102,accelerometer_rms,SPAN_2,0.023327176172783504,2.2755789174141987,2.911906333644275,0.392156862745098,0
2025-10-10 12:16:11.500,ACC_102,accelerometer_rms,SPAN_2,0.02301926922657386,2.0643568650483166,2.812245799253521,2.1568627450980387,0
2025-10-10 12:16:14.500,ACC_102,accelerometer_rms,SPAN_2,0.02345900196462907,2.3042392794260267,2.926115407405208,0.196078431372549,0
2025-10-10 12:16:17.500,ACC_102,accelerometer_rms,SPAN_2,0.024343021832976784,2.4751072117480586,2.9442086701814145,2.745098039215686,0
2025-10-10 12:16:20.500,ACC_102,accelerometer_rms,SPAN_2,0.024981410795888635,2.651244943380408,2.977970600750689,2.9411764705882346,0
2025-10-10 12:16:23.500,ACC_102,accelerometer_rms,SPAN_2,0.0248233470314367,2.6111243806247604,2.713561698731081,3.137254901960784,0
2025-10-10 12:16:26.500,ACC_102,accelerometer_rms,SPAN_2,0.02515368123840201,2.593801106309005,2.8443168321769243,2.9411764705882346,0
2025-10-10 12:16:29.500,ACC_102,accelerometer_rms,SPAN_2,0.024800880438198232,2.5871110544712117,2.898966477245616,2.549019607843137,0
2025-10-10 12:16:32.500,ACC_102,accelerometer_rms,SPAN_2,0.026224307230985112,2.072146230893647,2.8762157994271957,0.196078431372549,0
2025-10-10 12:16:35.500,ACC_102,accelerometer_rms,SPAN_2,0.026288522604092503,2.385123467087158,2.8255137335510625,4.117647058823529,0
2025-10-10 12:16:38.500,ACC_102,accelerometer_rms,SPAN_2,0.04417494318959472,0.4870758990268653,1.4801331814093128,0.196078431372549,1
2025-10-10 12:16:41.500,ACC_102,accelerometer_rms,SPAN_2,0.07151751112770885,0.6742578118506367,1.8096705554498336,0.196078431372549,1
2025-10-10 12:16:44.500,ACC_102,accelerometer_rms,SPAN_2,0.07827380835047107,2.2520816153827314,2.859133233445733,0.980392156862745,1
2025-10-10 12:16:47.500,ACC_102,accelerometer_rms,SPAN_2,0.07776165146780256,2.4139798206880836,2.802433639239416,0.784313725490196,1
2025-10-10 12:16:50.500,ACC_102,accelerometer_rms,SPAN_2,0.07722652292190711,2.2934959633807734,2.6878294781656997,2.549019607843137,1
2025-10-10 12:16:53.500,ACC_102,accelerometer_rms,SPAN_2,0.07619560606985774,2.257222790157786,2.853973822531879,3.333333333333333,1
2025-10-10 12:16:56.500,ACC_102,accelerometer_rms,SPAN_2,0.07538889183661572,2.171304174213401,2.713291966056831,0.980392156862745,1
2025-10-10 12:16:59.500,ACC_102,accelerometer_rms,SPAN_2,0.07471261624633786,2.224528277091221,2.8276687467930874,1.764705882352941,1
2025-10-10 12:17:02.500,ACC_102,accelerometer_rms,SPAN_2,0.07483068042011415,2.381079767724277,2.809910960167527,3.333333333333333,1
2025-10-10 12:17:05.500,ACC_102,accelerometer_rms,SPAN_2,0.050290668023159985,0.5233246879664757,1.2308566347435357,0.196078431372549,1
2025-10-10 12:17:08.500,ACC_102,accelerometer_rms,SPAN_2,0.018250579799009126,2.264528864423073,2.7140979200002198,2.1568627450980387,0
2025-10-10 12:17:11.500,ACC_102,accelerometer_rms,SPAN_2,0.017644033252954737,2.5541770647922566,2.8126659862017287,1.96078431372549,0
2025-10-10 12:17:14.500,ACC_102,accelerometer_rms,SPAN_2,0.016492510490356216,2.9236572923330546,2.8635531100508507,3.92156862745098,0
2025-10-10 12:17:17.500,ACC_102,accelerometer_rms,SPAN_2,0.015845864825828577,2.7469730330836652,2.9174246965811395,3.7254901960784306,0
2025-10-10 12:17:20.500,ACC_102,accelerometer_rms,SPAN_2,0.015180698837539674,2.1839672164168378,2.96371224106264,0.392156862745098,0
2025-10-10 12:17:23.500,ACC_102,accelerometer_rms,SPAN_2,0.015036986968739422,2.1610996702311347,2.8254870337751647,1.176470588235294,0
2025-10-10 12:17:26.500,ACC_102,accelerometer_rms,SPAN_2,0.015593599716474931,2.5171852727273873,2.7999615947480425,2.745098039215686,0
2025-10-10 12:17:29.500,ACC_102,accelerometer_rms,SPAN_2,0.015436746563022288,3.087670509624506,2.4820442134830403,4.117647058823529,0
2025-10-10 12:17:32.500,ACC_102,accelerometer_rms,SPAN_2,0.015403802232425809,2.751112568752287,2.7997442221100237,4.313725490196077,0
2025-10-10 12:17:35.500,ACC_102,accelerometer_rms,SPAN_2,0.01538617302173942,2.452797769972736,2.6800979223071506,1.568627450980392,0
2025-10-10 12:17:38.500,ACC_102,accelerometer_rms,SPAN_2,0.015585408175598097,2.499145052049071,2.8942626055736844,0.196078431372549,0
2025-10-10 12:17:41.500,ACC_102,accelerometer_rms,SPAN_2,0.016404285283628382,2.9513471165990497,2.6447270812602843,3.137254901960784,0
2025-10-10 12:17:44.500,ACC_102,accelerometer_rms,SPAN_2,0.016976619993737407,2.7127171046634286,2.88492814163387,4.705882352941176,0
2025-10-10 12:17:47.500,ACC_102,accelerometer_rms,SPAN_2,0.016853755653487176,2.4121973673196546,2.8810923604787315,0.784313725490196,0
2025-10-10 12:17:50.500,ACC_102,accelerometer_rms,SPAN_2,0.01779637176946084,2.4039690492554753,2.789604472586072,4.313725490196077,0
2025-10-10 12:17:53.500,ACC_102,accelerometer_rms,SPAN_2,0.018567871275035126,2.5999942753955674,2.9463809154609835,0.784313725490196,0
2025-10-10 12:17:56.500,ACC_102,accelerometer_rms,SPAN_2,0.018886709050671212,2.6005768656567847,2.559969144381858,1.764705882352941,0
2025-10-10 12:17:59.500,ACC_102,accelerometer_rms,SPAN_2,0.019849560480144187,2.861247156118932,2.862493250247995,4.5098039215686265,0
2025-10-10 12:18:02.500,ACC_102,accelerometer_rms,SPAN_2,0.020821841386051386,2.652068177256864,2.9910495433766635,3.529411764705882,0
2025-10-10 12:18:05.500,ACC_102,accelerometer_rms,SPAN_2,0.021782900848880456,2.197029811802788,2.6780984234922003,0.588235294117647,0
2025-10-10 12:18:08.500,ACC_102,accelerometer_rms,SPAN_2,0.022438706599595824,2.479900525644032,2.9510499320399646,1.764705882352941,0
2025-10-10 12:18:11.500,ACC_102,accelerometer_rms,SPAN_2,0.023160824787626568,2.4556583181212956,2.8429992868645075,4.5098039215686265,0
2025-10-10 12:18:14.500,ACC_102,accelerometer_rms,SPAN_2,0.023469641720115546,2.441971071184739,2.824723873928598,0.784313725490196,0
2025-10-10 12:18:17.500,ACC_102,accelerometer_rms,SPAN_2,0.02421999909975549,2.7799983406933646,2.654999556762636,4.705882352941176,0
2025-10-10 12:18:20.500,ACC_102,accelerometer_rms,SPAN_2,0.024673997410547127,2.732176479143372,2.7438281345572992,1.96078431372549,0
2025-10-10 12:18:23.500,ACC_102,accelerometer_rms,SPAN_2,0.024622755754008702,2.781850206506014,2.9085001105112394,2.745098039215686,0
2025-10-10 12:18:26.500,ACC_102,accelerometer_rms,SPAN_2,0.024467403168377342,2.8077839622602996,2.8437783259663187,4.5098039215686265,0
2025-10-10 12:18:29.500,ACC_102,accelerometer_rms,SPAN_2,0.02515295113430442,2.4230237071824794,2.9117923481967094,0.588235294117647,0
2025-10-10 12:18:32.500,ACC_102,accelerometer_rms,SPAN_2,0.025152001109723446,2.5306403485513194,2.714387386634691,2.9411764705882346,0
2025-10-10 12:18:35.500,ACC_102,accelerometer_rms,SPAN_2,0.024755668097249495,2.5744205926280994,2.8410706368149805,1.764705882352941,0
2025-10-10 12:18:38.500,ACC_102,accelerometer_rms,SPAN_2,0.025182537169906562,2.47629352163408,2.762684565093533,2.1568627450980387,0
2025-10-10 12:18:41.500,ACC_102,accelerometer_rms,SPAN_2,0.024883290209042914,2.4332156859021876,2.783323541520998,2.9411764705882346,0
2025-10-10 12:18:44.500,ACC_102,accelerometer_rms,SPAN_2,0.02390262513518005,2.0605535419797145,2.8081698783042217,2.745098039215686,0
2025-10-10 12:18:47.500,ACC_102,accelerometer_rms,SPAN_2,0.02261135053072968,2.5357515390964047,2.850072331734077,4.117647058823529,0
2025-10-10 12:18:50.500,ACC_102,accelerometer_rms,SPAN_2,0.022824786090100024,3.1396740480999927,2.80433388296225,2.9411764705882346,0
2025-10-10 12:18:53.500,ACC_102,accelerometer_rms,SPAN_2,0.021964794936175373,2.6747036111877502,2.9185166939165876,2.745098039215686,0
2025-10-10 12:18:56.500,ACC_102,accelerometer_rms,SPAN_2,0.021475725891998046,3.0305461925176163,2.812534412619769,4.117647058823529,0
2025-10-10 12:18:59.500,ACC_102,accelerometer_rms,SPAN_2,0.021186906178386797,2.5913031155569555,2.5900696636901994,4.117647058823529,0
2025-10-10 12:19:02.500,ACC_102,accelerometer_rms,SPAN_2,0.019665953084594966,2.2202437603031706,2.819372871587298,0.392156862745098,0
2025-10-10 12:19:05.500,ACC_102,accelerometer_rms,SPAN_2,0.01914885305888027,2.0045291051273546,2.8887118828558744,1.372549019607843,0
2025-10-10 12:19:08.500,ACC_102,accelerometer_rms,SPAN_2,0.01852245786902494,2.1435265798305903,2.8237244889642734,1.764705882352941,0
2025-10-10 12:19:11.500,ACC_102,accelerometer_rms,SPAN_2,0.018019077560664832,2.11447619450844,2.740056638068322,1.764705882352941,0
2025-10-10 12:19:14.500,ACC_102,accelerometer_rms,SPAN_2,0.01677482735190662,2.440813908196639,2.778643851675479,2.549019607843137,0
2025-10-10 12:19:17.500,ACC_102,accelerometer_rms,SPAN_2,0.01603184426536821,2.844507003881899,2.8573363647613794,2.745098039215686,0
2025-10-10 12:19:20.500,ACC_102,accelerometer_rms,SPAN_2,0.01606240893649322,2.655704951453407,2.7761786700810926,3.529411764705882,0
2025-10-10 12:19:23.500,ACC_102,accelerometer_rms,SPAN_2,0.014837356270509892,2.509505254135191,2.811313158450858,3.333333333333333,0
2025-10-10 12:19:26.500,ACC_102,accelerometer_rms,SPAN_2,0.01486470610170938,2.446334411035523,2.8782085308974605,2.1568627450980387,0
2025-10-10 12:19:29.500,ACC_102,accelerometer_rms,SPAN_2,0.015133943672368791,2.8059707418927715,2.8331733432714623,4.117647058823529,0
2025-10-10 12:19:32.500,ACC_102,accelerometer_rms,SPAN_2,0.014946181170072423,2.7081122136212965,2.733715375800616,2.745098039215686,0
2025-10-10 12:19:35.500,ACC_102,accelerometer_rms,SPAN_2,0.015149860576592646,2.538787451245762,2.952645749019057,1.176470588235294,0
2025-10-10 12:19:38.500,ACC_102,accelerometer_rms,SPAN_2,0.01586540282575672,2.5784926774497396,2.968413013628915,2.549019607843137,0
2025-10-10 12:19:41.500,ACC_102,accelerometer_rms,SPAN_2,0.01582436658150595,2.9166755699493816,2.822575855456929,2.352941176470588,0
2025-10-10 12:19:44.500,ACC_102,accelerometer_rms,SPAN_2,0.01604737989792213,2.6880216176105525,2.8598630376800234,2.1568627450980387,0
2025-10-10 12:19:47.500,ACC_102,accelerometer_rms,SPAN_2,0.01674880736813526,2.609966795112804,2.810730495905881,3.333333333333333,0
2025-10-10 12:19:50.500,ACC_102,accelerometer_rms,SPAN_2,0.01734037078442028,2.5883907012111926,2.9577331600731553,3.137254901960784,0
2025-10-10 12:19:53.500,ACC_102,accelerometer_rms,SPAN_2,0.01839289675657533,2.972699281070078,2.9011064525798838,3.137254901960784,0
2025-10-10 12:19:56.500,ACC_102,accelerometer_rms,SPAN_2,0.019345925723470544,2.347116136535554,2.8928124372169086,1.764705882352941,0
2025-10-10 12:19:59.500,ACC_102,accelerometer_rms,SPAN_2,0.02027235054374868,2.200290599095188,2.9389551545325636,0.784313725490196,0
2025-10-10 12:20:02.500,ACC_102,accelerometer_rms,SPAN_2,0.021043336283982736,2.764279575027621,2.8987385274629265,4.117647058823529,0
2025-10-10 12:20:05.500,ACC_102,accelerometer_rms,SPAN_2,0.02151864079277842,2.6215571746484883,2.9096140416876217,2.352941176470588,0
2025-10-10 12:20:08.500,ACC_102,accelerometer_rms,SPAN_2,0.022017207939495423,2.6220824167255494,2.8875169090924633,0.980392156862745,0
2025-10-10 12:20:11.500,ACC_102,accelerometer_rms,SPAN_2,0.022934987361551123,2.4624748282424727,2.8451312708504872,0.588235294117647,0
2025-10-10 12:20:14.500,ACC_102,accelerometer_rms,SPAN_2,0.02334628578092682,2.6580708065675376,2.9001893657512112,4.901960784313725,0
2025-10-10 12:20:17.500,ACC_102,accelerometer_rms,SPAN_2,0.02390931458698906,2.6591811089228417,2.9690645404609097,2.549019607843137,0
2025-10-10 12:20:20.500,ACC_102,accelerometer_rms,SPAN_2,0.02517723367507661,2.3289164374600415,2.7654034532757312,0.196078431372549,0
2025-10-10 12:20:23.500,ACC_102,accelerometer_rms,SPAN_2,0.025373259978204783,2.4590847698406977,2.7803877544226947,3.92156862745098,0
2025-10-10 12:20:26.500,ACC_102,accelerometer_rms,SPAN_2,0.02497294472455514,2.652721340731417,2.9312332026519314,1.176470588235294,0
2025-10-10 12:20:29.500,ACC_102,accelerometer_rms,SPAN_2,0.02522797134912272,2.6574534641396816,3.0621204020028916,1.568627450980392,0
2025-10-10 12:20:32.500,ACC_102,accelerometer_rms,SPAN_2,0.02492394796135621,2.0302787594958054,2.4947444690942184,1.176470588235294,0
2025-10-10 12:20:35.500,ACC_102,accelerometer_rms,SPAN_2,0.025380897079666575,2.4054270550062213,2.9090713562688886,0.392156862745098,0
2025-10-10 12:20:38.500,ACC_102,accelerometer_rms,SPAN_2,0.024876786703002193,2.6581977754486448,2.940888265761845,3.137254901960784,0
2025-10-10 12:20:41.500,ACC_102,accelerometer_rms,SPAN_2,0.02429995434152089,3.0291386833389,2.8400716260231227,4.705882352941176,0
2025-10-10 12:20:44.500,ACC_102,accelerometer_rms,SPAN_2,0.023939850304624775,2.777148252047805,2.855686419896618,4.313725490196077,0
2025-10-10 12:20:47.500,ACC_102,accelerometer_rms,SPAN_2,0.023401336931809655,2.4110483016842026,2.8125144508136515,3.92156862745098,0
2025-10-10 12:20:50.500,ACC_102,accelerometer_rms,SPAN_2,0.022231247450732187,2.158995621224077,2.9511753602540254,1.176470588235294,0
2025-10-10 12:20:53.500,ACC_102,accelerometer_rms,SPAN_2,0.021543192133797757,2.0227692898783203,2.892115037260309,1.372549019607843,0
2025-10-10 12:20:56.500,ACC_102,accelerometer_rms,SPAN_2,0.020757643107360453,2.3360030114917514,2.7857637009622738,1.372549019607843,0
2025-10-10 12:20:59.500,ACC_102,accelerometer_rms,SPAN_2,0.020080431485091425,2.744379367416008,2.661255278920683,1.372549019607843,0
2025-10-10 12:21:02.500,ACC_102,accelerometer_rms,SPAN_2,0.019135917137317313,2.645278059835637,2.8688363078419954,0.196078431372549,0
2025-10-10 12:21:05.500,ACC_102,accelerometer_rms,SPAN_2,0.018260695870274676,2.6865542141577357,2.9702673917936475,4.705882352941176,0
2025-10-10 12:21:08.500,ACC_102,accelerometer_rms,SPAN_2,0.0176982880528033,2.7963222613606233,2.9412880554758427,4.705882352941176,0
2025-10-10 12:21:11.500,ACC_102,accelerometer_rms,SPAN_2,0.017339047833843522,2.512742013068866,2.913374545298417,1.764705882352941,0
2025-10-10 12:21:14.500,ACC_102,accelerometer_rms,SPAN_2,0.016238696597217113,3.092932178101771,2.7154116673170074,3.7254901960784306,0
2025-10-10 12:21:17.500,ACC_102,accelerometer_rms,SPAN_2,0.015663959507448314,2.777974936424673,2.7621402734437206,2.549019607843137,0
2025-10-10 12:21:20.500,ACC_102,accelerometer_rms,SPAN_2,0.015712972132454577,3.2539945286446414,2.6695933842549144,3.92156862745098,0
2025-10-10 12:21:23.500,ACC_102,accelerometer_rms,SPAN_2,0.01601741656362065,2.6746800929983117,2.9401257804979952,3.529411764705882,0
2025-10-10 12:21:26.500,ACC_102,accelerometer_rms,SPAN_2,0.01596734526291387,2.5240735680946953,2.841798396113952,1.372549019607843,0
2025-10-10 12:21:29.500,ACC_102,accelerometer_rms,SPAN_2,0.01636353722786865,2.7639003108411577,2.6983395392338507,2.1568627450980387,0
2025-10-10 12:21:32.500,ACC_102,accelerometer_rms,SPAN_2,0.01585196571159453,2.993634394470177,2.8587293619762293,4.117647058823529,0
2025-10-10 12:21:35.500,ACC_102,accelerometer_rms,SPAN_2,0.015339507956676485,2.347432361798214,2.9280550520270294,0.980392156862745,0
2025-10-10 12:21:38.500,ACC_102,accelerometer_rms,SPAN_2,0.015383842963750421,2.411205329589234,2.8095819341854757,0.784313725490196,0
2025-10-10 12:21:41.500,ACC_102,accelerometer_rms,SPAN_2,0.015675604402145042,2.5641322051898428,2.8955464266764337,1.764705882352941,0
2025-10-10 12:21:44.500,ACC_102,accelerometer_rms,SPAN_2,0.016990241486933424,2.1180524027233236,2.8187992657241456,3.137254901960784,0
2025-10-10 12:21:47.500,ACC_102,accelerometer_rms,SPAN_2,0.01734917276606198,2.1933605880213234,2.732367272787955,2.549019607843137,0
2025-10-10 12:21:50.500,ACC_102,accelerometer_rms,SPAN_2,0.017508156075294243,2.9793183229281057,2.636220952131219,3.137254901960784,0
2025-10-10 12:21:53.500,ACC_102,accelerometer_rms,SPAN_2,0.01805523322594137,2.826829142863777,2.805922221316922,4.5098039215686265,0
2025-10-10 12:21:56.500,ACC_102,accelerometer_rms,SPAN_2,0.018685201812255223,2.5285010526685605,2.8685322316956356,0.784313725490196,0
2025-10-10 12:21:59.500,ACC_102,accelerometer_rms,SPAN_2,0.020024629157663842,2.417978332854261,2.859353022174971,4.5098039215686265,0
2025-10-10 12:22:02.500,ACC_102,accelerometer_rms,SPAN_2,0.020161427832256676,2.7590002650514407,2.855853822344727,4.901960784313725,0
2025-10-10 12:22:05.500,ACC_102,accelerometer_rms,SPAN_2,0.020805270081795876,2.5083951540124025,2.7975344357150376,4.901960784313725,0
2025-10-10 12:22:08.500,ACC_102,accelerometer_rms,SPAN_2,0.022259594494042693,2.172483699373664,2.830050370810296,0.196078431372549,0
2025-10-10 12:22:11.500,ACC_102,accelerometer_rms,SPAN_2,0.024078869674549124,2.4497067101726286,2.7906212422891565,4.901960784313725,0
2025-10-10 12:22:14.500,ACC_102,accelerometer_rms,SPAN_2,0.023342771541847853,3.2077122622683865,2.59992110594658,4.901960784313725,0
2025-10-10 12:22:17.500,ACC_102,accelerometer_rms,SPAN_2,0.02338059872889419,3.4407852842583324,2.6081600500052424,4.901960784313725,0
2025-10-10 12:22:20.500,ACC_102,accelerometer_rms,SPAN_2,0.02418938731847372,2.692910299450097,2.9519971087152737,3.529411764705882,0
2025-10-10 12:22:23.500,ACC_102,accelerometer_rms,SPAN_2,0.024571294262718396,2.5027811223148118,2.6690616918322654,3.333333333333333,0
2025-10-10 12:22:26.500,ACC_102,accelerometer_rms,SPAN_2,0.025270450988394776,3.1236750049220894,2.7600721316602073,4.705882352941176,0
2025-10-10 12:22:29.500,ACC_102,accelerometer_rms,SPAN_2,0.02529059623848436,2.6864268579593875,2.9597906255531563,3.92156862745098,0
2025-10-10 12:22:32.500,ACC_102,accelerometer_rms,SPAN_2,0.02540764828728145,2.7929364677278543,2.7009260304679477,3.92156862745098,0
2025-10-10 12:22:35.500,ACC_102,accelerometer_rms,SPAN_2,0.025345874720998467,2.448762172883413,2.8169900611542205,3.137254901960784,0
2025-10-10 12:22:38.500,ACC_102,accelerometer_rms,SPAN_2,0.024435422732534157,2.220976883878437,2.6810915275816014,1.176470588235294,0
2025-10-10 12:22:41.500,ACC_102,accelerometer_rms,SPAN_2,0.024503692552468134,2.6478294078422038,2.719124372208341,1.176470588235294,0
2025-10-10 12:22:44.500,ACC_102,accelerometer_rms,SPAN_2,0.024606285116516354,2.6226450492483884,2.9168509897221946,3.333333333333333,0
2025-10-10 12:22:47.500,ACC_102,accelerometer_rms,SPAN_2,0.023149591075031468,2.841815425791509,2.910668822946025,2.745098039215686,0
2025-10-10 12:22:50.500,ACC_102,accelerometer_rms,SPAN_2,0.023053880222932827,2.448105012244776,2.958170088176439,0.392156862745098,0
2025-10-10 12:22:53.500,ACC_102,accelerometer_rms,SPAN_2,0.022331641235576703,2.2009160841800237,2.688160744339347,0.392156862745098,0
2025-10-10 12:22:56.500,ACC_102,accelerometer_rms,SPAN_2,0.021315364193601815,2.6067557292991816,2.8029287215873033,3.529411764705882,0
2025-10-10 12:22:59.500,ACC_102,accelerometer_rms,SPAN_2,0.02068244720036965,2.438533416853999,2.8957010375571683,1.176470588235294,0
2025-10-10 12:23:02.500,ACC_102,accelerometer_rms,SPAN_2,0.01975964385693581,2.554476075148092,2.8725162650467944,0.980392156862745,0
2025-10-10 12:23:05.500,ACC_102,accelerometer_rms,SPAN_2,0.01912020316160831,2.5580895967410227,2.8417356033476526,2.549019607843137,0
2025-10-10 12:23:08.500,ACC_102,accelerometer_rms,SPAN_2,0.017793866085663055,3.091336250910986,2.7906425048510197,4.901960784313725,0
2025-10-10 12:23:11.500,ACC_102,accelerometer_rms,SPAN_2,0.017391019435892992,2.819307465550309,2.435859554759461,3.529411764705882,0
2025-10-10 12:23:14.500,ACC_102,accelerometer_rms,SPAN_2,0.01671508284073247,2.457034929864422,2.8940061317458956,2.9411764705882346,0
2025-10-10 12:23:17.500,ACC_102,accelerometer_rms,SPAN_2,0.016027956261531556,2.903924069605838,2.873682198943046,3.137254901960784,0
2025-10-10 12:23:20.500,ACC_102,accelerometer_rms,SPAN_2,0.0160480371342649,2.810256991873864,2.9107607673355083,3.333333333333333,0
2025-10-10 12:23:23.500,ACC_102,accelerometer_rms,SPAN_2,0.016451468166797066,3.2331780250468807,2.606726191717808,2.549019607843137,0
2025-10-10 12:23:26.500,ACC_102,accelerometer_rms,SPAN_2,0.01611314013042601,2.6283384860308203,2.779209131090772,0.196078431372549,0
2025-10-10 12:23:29.500,ACC_102,accelerometer_rms,SPAN_2,0.015285035850817764,2.542098846299668,2.8077881504021485,3.137254901960784,0
2025-10-10 12:23:32.500,ACC_102,accelerometer_rms,SPAN_2,0.015685877598005406,2.6196495053303805,2.830842131791046,3.92156862745098,0
2025-10-10 12:23:35.500,ACC_102,accelerometer_rms,SPAN_2,0.015935989692221448,2.2585245401061003,2.683607188166902,1.372549019607843,0
2025-10-10 12:23:38.500,ACC_102,accelerometer_rms,SPAN_2,0.016120964410649002,2.593907626029894,2.7329972839395547,4.901960784313725,0
2025-10-10 12:23:41.500,ACC_102,accelerometer_rms,SPAN_2,0.01638130848756307,2.9315909057738834,2.812423605672076,4.901960784313725,0
2025-10-10 12:23:44.500,ACC_102,accelerometer_rms,SPAN_2,0.016669795676671047,2.7722356738195346,2.8712123064096455,4.901960784313725,0
2025-10-10 12:23:47.500,ACC_102,accelerometer_rms,SPAN_2,0.017424384598804597,2.783114914780184,2.885915577951862,1.176470588235294,0
2025-10-10 12:23:50.500,ACC_102,accelerometer_rms,SPAN_2,0.01762786353653627,2.7379662003430183,2.846952650489029,3.529411764705882,0
2025-10-10 12:23:53.500,ACC_102,accelerometer_rms,SPAN_2,0.018596866040529833,2.377513883236492,2.747572652012407,0.196078431372549,0
2025-10-10 12:23:56.500,ACC_102,accelerometer_rms,SPAN_2,0.019948227252310012,2.4278308514777134,2.739802365153003,2.352941176470588,0
2025-10-10 12:23:59.500,ACC_102,accelerometer_rms,SPAN_2,0.020059608588541555,2.674071104480211,2.8358274347474826,1.764705882352941,0
2025-10-10 12:24:02.500,ACC_102,accelerometer_rms,SPAN_2,0.020668222843529725,2.4974158056644855,2.7649829265018986,1.764705882352941,0
2025-10-10 12:24:05.500,ACC_102,accelerometer_rms,SPAN_2,0.020436018086106848,2.209723384586618,2.9070707631610526,2.745098039215686,0
2025-10-10 12:24:08.500,ACC_102,accelerometer_rms,SPAN_2,0.022035462530239035,2.119267339055501,2.690376642552261,0.196078431372549,0
2025-10-10 12:24:11.500,ACC_102,accelerometer_rms,SPAN_2,0.022707710533355553,2.591283561475785,2.9819065252858583,0.784313725490196,0
2025-10-10 12:24:14.500,ACC_102,accelerometer_rms,SPAN_2,0.024047790151214783,2.428668310168704,2.625844103522901,1.176470588235294,0
2025-10-10 12:24:17.500,ACC_102,accelerometer_rms,SPAN_2,0.02477628290578413,3.1556255372323343,2.5527807982302564,3.7254901960784306,0
2025-10-10 12:24:20.500,ACC_102,accelerometer_rms,SPAN_2,0.023962164360164327,3.2792770644277285,2.705587073069864,4.705882352941176,0
2025-10-10 12:24:23.500,ACC_102,accelerometer_rms,SPAN_2,0.024348929542440775,2.984822744584294,2.999594915241498,4.901960784313725,0
2025-10-10 12:24:26.500,ACC_102,accelerometer_rms,SPAN_2,0.024910099178020617,2.994386476293741,2.869066271113732,4.901960784313725,0
2025-10-10 12:24:29.500,ACC_102,accelerometer_rms,SPAN_2,0.02513676767987795,2.7933465505994075,2.836183476278439,4.313725490196077,0
2025-10-10 12:24:32.500,ACC_102,accelerometer_rms,SPAN_2,0.025090488230153092,2.735768208773989,2.7915190268967898,3.333333333333333,0
2025-10-10 12:24:35.500,ACC_102,accelerometer_rms,SPAN_2,0.024802035785750475,2.3658647253898306,2.826884057346461,3.92156862745098,0
2025-10-10 12:24:38.500,ACC_102,accelerometer_rms,SPAN_2,0.0243961298465596,2.5351753561480836,2.790073341931556,1.568627450980392,0
2025-10-10 12:24:41.500,ACC_102,accelerometer_rms,SPAN_2,0.023582713726496413,2.723245458858865,2.8648615879442554,2.9411764705882346,0
2025-10-10 12:24:44.500,ACC_102,accelerometer_rms,SPAN_2,0.02300109033093355,2.5299935411187833,2.8843489907780326,2.9411764705882346,0
2025-10-10 12:24:47.500,ACC_102,accelerometer_rms,SPAN_2,0.023899483361386215,1.9497510199312909,2.7722263873414486,1.96078431372549,0
2025-10-10 12:24:50.500,ACC_102,accelerometer_rms,SPAN_2,0.023611848168688034,2.3932953828654786,2.7492476952443847,0.196078431372549,0
2025-10-10 12:24:53.500,ACC_102,accelerometer_rms,SPAN_2,0.02188674330614355,2.6228890593756646,2.9172830332219957,1.764705882352941,0
2025-10-10 12:24:56.500,ACC_102,accelerometer_rms,SPAN_2,0.02091960939302794,2.5037488171545657,2.6900347655212045,2.549019607843137,0
2025-10-10 12:24:59.500,ACC_102,accelerometer_rms,SPAN_2,0.02067209467980883,2.129012607196612,2.530389742651034,0.392156862745098,0
2025-10-10 12:25:02.500,ACC_102,accelerometer_rms,SPAN_2,0.019626713862968083,2.1048612765124,2.822671074572157,1.96078431372549,0
2025-10-10 12:25:05.500,ACC_102,accelerometer_rms,SPAN_2,0.018343326816209607,2.1723460422573204,2.908539047746178,0.392156862745098,0
2025-10-10 12:25:08.500,ACC_102,accelerometer_rms,SPAN_2,0.01761072084126654,2.726651249278512,2.9606892194582324,2.9411764705882346,0
2025-10-10 12:25:11.500,ACC_102,accelerometer_rms,SPAN_2,0.017415357872393247,2.4254043600059596,2.7695539396858995,1.176470588235294,0
2025-10-10 12:25:14.500,ACC_102,accelerometer_rms,SPAN_2,0.015724162617437146,2.146173111523124,2.646999882553084,0.196078431372549,0
2025-10-10 12:25:17.500,ACC_102,accelerometer_rms,SPAN_2,0.0160808862128975,2.3871257924840292,3.0124687859292356,0.784313725490196,0
2025-10-10 12:25:20.500,ACC_102,accelerometer_rms,SPAN_2,0.016117187846470964,2.779670497279115,2.709674565754318,3.92156862745098,0
2025-10-10 12:25:23.500,ACC_102,accelerometer_rms,SPAN_2,0.01538155250584921,2.6543357203695233,2.878415506218891,0.588235294117647,0
2025-10-10 12:25:26.500,ACC_102,accelerometer_rms,SPAN_2,0.015475501936172234,2.2250209065167557,2.861292704138821,1.372549019607843,0
2025-10-10 12:25:29.500,ACC_102,accelerometer_rms,SPAN_2,0.015760397167658972,2.8768895834766646,2.688755096354007,2.1568627450980387,0
2025-10-10 12:25:32.500,ACC_102,accelerometer_rms,SPAN_2,0.015361926201093504,2.86848680000247,2.645944382471708,1.96078431372549,0
2025-10-10 12:25:35.500,ACC_102,accelerometer_rms,SPAN_2,0.015828597863162912,3.037343247820605,2.8455483066355427,3.333333333333333,0
2025-10-10 12:25:38.500,ACC_102,accelerometer_rms,SPAN_2,0.016389473157858273,2.3883588696786666,2.7968027992189946,3.137254901960784,0
2025-10-10 12:25:41.500,ACC_102,accelerometer_rms,SPAN_2,0.016372768736473354,1.985417207498889,2.6199659067147154,1.372549019607843,0
2025-10-10 12:25:44.500,ACC_102,accelerometer_rms,SPAN_2,0.01648305296773795,1.7479614063545243,2.6383790847716226,1.568627450980392,0
2025-10-10 12:25:47.500,ACC_102,accelerometer_rms,SPAN_2,0.017964967015353665,2.1590075580091797,2.5672940567308733,1.568627450980392,0
2025-10-10 12:25:50.500,ACC_102,accelerometer_rms,SPAN_2,0.018617735284337005,2.728377900140216,2.9097607420077627,4.117647058823529,0
2025-10-10 12:25:53.500,ACC_102,accelerometer_rms,SPAN_2,0.019082830372342773,2.165688782549821,2.8317356052662803,1.176470588235294,0
2025-10-10 12:25:56.500,ACC_102,accelerometer_rms,SPAN_2,0.01930283921714982,2.225139991109342,2.8204570375935982,2.352941176470588,0
2025-10-10 12:25:59.500,ACC_102,accelerometer_rms,SPAN_2,0.020104704030571123,2.8392422224937257,2.7089570521141173,4.5098039215686265,0
2025-10-10 12:26:02.500,ACC_102,accelerometer_rms,SPAN_2,0.020923320234309154,3.241350886490379,2.656274834871953,4.901960784313725,0
2025-10-10 12:26:05.500,ACC_102,accelerometer_rms,SPAN_2,0.021481724080953002,2.7836178594833303,2.794870849333924,2.352941176470588,0
2025-10-10 12:26:08.500,ACC_102,accelerometer_rms,SPAN_2,0.021678108644708025,3.0643501384156777,2.966885350896883,2.9411764705882346,0
2025-10-10 12:26:11.500,ACC_102,accelerometer_rms,SPAN_2,0.02206782324882036,2.535631521867641,2.7374424269561226,0.980392156862745,0
2025-10-10 12:26:14.500,ACC_102,accelerometer_rms,SPAN_2,0.023414092791626626,2.3252777922104166,2.8193572619048983,0.392156862745098,0
2025-10-10 12:26:17.500,ACC_102,accelerometer_rms,SPAN_2,0.0249534869617258,2.6998521709241654,2.88210849850962,3.137254901960784,0
2025-10-10 12:26:20.500,ACC_102,accelerometer_rms,SPAN_2,0.025090438516318852,2.6995683974232514,2.946325741655347,3.137254901960784,0
2025-10-10 12:26:23.500,ACC_102,accelerometer_rms,SPAN_2,0.02470129248940344,2.5617256647916453,2.6999876491340014,4.313725490196077,0
2025-10-10 12:26:26.500,ACC_102,accelerometer_rms,SPAN_2,0.025470894706642374,2.675751494080254,2.9499668299072193,2.352941176470588,0
2025-10-10 12:26:29.500,ACC_102,accelerometer_rms,SPAN_2,0.02632022280844664,2.6634185540761037,2.9015744071278062,0.980392156862745,0
2025-10-10 12:26:32.500,ACC_102,accelerometer_rms,SPAN_2,0.025246910750255615,2.830612197032383,2.9151282948085413,4.5098039215686265,0
2025-10-10 12:26:35.500,ACC_102,accelerometer_rms,SPAN_2,0.024467002227489987,3.057940823452535,2.9229741119472292,4.117647058823529,0
2025-10-10 12:26:38.500,ACC_102,accelerometer_rms,SPAN_2,0.02448677161604752,2.8590696056731444,2.704924109051495,3.92156862745098,0
2025-10-10 12:26:41.500,ACC_102,accelerometer_rms,SPAN_2,0.024394156636375033,2.4037187875483057,2.969191089830765,2.352941176470588,0
2025-10-10 12:26:44.500,ACC_102,accelerometer_rms,SPAN_2,0.023596699523284116,2.3749298313620795,2.839737219988436,0.784313725490196,0
2025-10-10 12:26:47.500,ACC_102,accelerometer_rms,SPAN_2,0.02302613984873134,2.5139393280824187,2.8687070880275516,1.96078431372549,0
2025-10-10 12:26:50.500,ACC_102,accelerometer_rms,SPAN_2,0.021984801025200274,2.4306440192356735,2.92066531110163,0.980392156862745,0
2025-10-10 12:26:53.500,ACC_102,accelerometer_rms,SPAN_2,0.021600114528563474,2.4296105802665804,2.8545650908050275,1.176470588235294,0
2025-10-10 12:26:56.500,ACC_102,accelerometer_rms,SPAN_2,0.021463601281713936,2.818640652773861,2.7224216325437824,3.92156862745098,0
2025-10-10 12:26:59.500,ACC_102,accelerometer_rms,SPAN_2,0.021139928119602504,2.38620046961671,2.847593226547486,1.372549019607843,0
2025-10-10 12:27:02.500,ACC_102,accelerometer_rms,SPAN_2,0.019270668290252445,2.376272773512181,2.9189871743788305,0.196078431372549,0
2025-10-10 12:27:05.500,ACC_102,accelerometer_rms,SPAN_2,0.01820272884465834,2.958475866887127,2.952599310732841,4.313725490196077,0
2025-10-10 12:27:08.500,ACC_102,accelerometer_rms,SPAN_2,0.01743978236900998,2.587140809715007,3.00786919779879,2.352941176470588,0
2025-10-10 12:27:11.500,ACC_102,accelerometer_rms,SPAN_2,0.01643055853358279,2.566581767098426,2.871045436283068,0.784313725490196,0
2025-10-10 12:27:14.500,ACC_102,accelerometer_rms,SPAN_2,0.016754551939287262,2.5122454943239356,2.8392696953454224,1.568627450980392,0
2025-10-10 12:27:17.500,ACC_102,accelerometer_rms,SPAN_2,0.016349029346974554,2.5757639365759464,2.932174612610405,4.5098039215686265,0
2025-10-10 12:27:20.500,ACC_102,accelerometer_rms,SPAN_2,0.01611289644730483,2.7435491992851397,2.922730961980558,4.117647058823529,0
2025-10-10 12:27:23.500,ACC_102,accelerometer_rms,SPAN_2,0.015553668922192489,2.4083542111617944,2.8260015913622953,0.980392156862745,0
2025-10-10 12:27:26.500,ACC_102,accelerometer_rms,SPAN_2,0.01560961565830498,2.6664648597808647,2.8442536298806904,1.568627450980392,0
2025-10-10 12:27:29.500,ACC_102,accelerometer_rms,SPAN_2,0.015209415189025412,2.4601003206711134,2.932034581723776,3.333333333333333,0
2025-10-10 12:27:32.500,ACC_102,accelerometer_rms,SPAN_2,0.015552790789853157,2.7912469895626804,2.8110079487130246,1.372549019607843,0
2025-10-10 12:27:35.500,ACC_102,accelerometer_rms,SPAN_2,0.015611144967492885,2.394727795124574,2.9739988680679135,1.568627450980392,0
2025-10-10 12:27:38.500,ACC_102,accelerometer_rms,SPAN_2,0.016030046322392185,2.4960174608188743,2.8235033314704556,3.92156862745098,0
2025-10-10 12:27:41.500,ACC_102,accelerometer_rms,SPAN_2,0.016340143902815112,2.74200271693912,2.908054715762638,3.7254901960784306,0
2025-10-10 12:27:44.500,ACC_102,accelerometer_rms,SPAN_2,0.016541273730503674,2.151461198587742,2.8509912865856255,0.980392156862745,0
2025-10-10 12:27:47.500,ACC_102,accelerometer_rms,SPAN_2,0.017347901596559787,2.0164299207260887,2.7993173421240765,0.784313725490196,0
2025-10-10 12:27:50.500,ACC_102,accelerometer_rms,SPAN_2,0.018198269627395142,2.5638653018917026,2.817611691265101,3.7254901960784306,0
2025-10-10 12:27:53.500,ACC_102,accelerometer_rms,SPAN_2,0.018360399986565287,2.4302123788208174,2.627801686586379,1.176470588235294,0
2025-10-10 12:27:56.500,ACC_102,accelerometer_rms,SPAN_2,0.01901870344284959,2.3127776906850763,2.835198425041503,3.529411764705882,0
2025-10-10 12:27:59.500,ACC_102,accelerometer_rms,SPAN_2,0.020566890033426512,2.2659194495292003,2.668852298606121,2.1568627450980387,0
2025-10-10 12:28:02.500,ACC_102,accelerometer_rms,SPAN_2,0.02132617107512481,2.4391463678835033,3.0049588092274955,2.1568627450980387,0
2025-10-10 12:28:05.500,ACC_102,accelerometer_rms,SPAN_2,0.02145330669425222,2.896445919081431,2.939174876638791,2.9411764705882346,0
2025-10-10 12:28:08.500,ACC_102,accelerometer_rms,SPAN_2,0.02283218182741194,2.6641974404674054,2.777049103770293,3.333333333333333,0
2025-10-10 12:28:11.500,ACC_102,accelerometer_rms,SPAN_2,0.02304096353002966,2.713731449403782,2.971032698801383,4.313725490196077,0
2025-10-10 12:28:14.500,ACC_102,accelerometer_rms,SPAN_2,0.023418232461640886,2.533050367221644,2.635685131218479,0.196078431372549,0
2025-10-10 12:28:17.500,ACC_102,accelerometer_rms,SPAN_2,0.024812528669218386,2.8694582713565366,2.931519260571379,4.705882352941176,0
2025-10-10 12:28:20.500,ACC_102,accelerometer_rms,SPAN_2,0.025119918715133253,3.1472364480782944,2.8534902777413356,4.705882352941176,0
2025-10-10 12:28:23.500,ACC_102,accelerometer_rms,SPAN_2,0.024707874531070803,2.844514446914676,2.8712293626669645,4.5098039215686265,0
2025-10-10 12:28:26.500,ACC_102,accelerometer_rms,SPAN_2,0.024960738877559806,2.3753754864940153,3.0038912805718865,1.568627450980392,0
2025-10-10 12:28:29.500,ACC_102,accelerometer_rms,SPAN_2,0.025765603280190376,2.550264398422195,2.905254062002728,3.529411764705882,0
2025-10-10 12:28:32.500,ACC_102,accelerometer_rms,SPAN_2,0.025451289203064727,2.7333725466172196,2.7180273511625415,3.7254901960784306,0
2025-10-10 12:28:35.500,ACC_102,accelerometer_rms,SPAN_2,0.025018685475099618,2.585460885756222,2.7355510102387397,1.96078431372549,0
2025-10-10 12:28:38.500,ACC_102,accelerometer_rms,SPAN_2,0.024895770553862925,2.9923139191393333,2.8342274525710076,4.313725490196077,0
2025-10-10 12:28:41.500,ACC_102,accelerometer_rms,SPAN_2,0.024616256646657664,2.780198191069971,2.8784193846518304,1.764705882352941,0
2025-10-10 12:28:44.500,ACC_102,accelerometer_rms,SPAN_2,0.024363263836454794,2.495600067512269,2.8575392559124104,1.764705882352941,0
2025-10-10 12:28:47.500,ACC_102,accelerometer_rms,SPAN_2,0.023316996975613825,2.5324458223819244,2.7909462739250155,3.92156862745098,0
2025-10-10 12:28:50.500,ACC_102,accelerometer_rms,SPAN_2,0.022929247167891808,2.9888706534964316,2.6905970860457313,4.117647058823529,0
2025-10-10 12:28:53.500,ACC_102,accelerometer_rms,SPAN_2,0.021406017534017545,2.438740858673038,3.0100243485660414,0.196078431372549,0
2025-10-10 12:28:56.500,ACC_102,accelerometer_rms,SPAN_2,0.020738730887957857,2.359095179043265,2.7525363803206275,4.901960784313725,0
2025-10-10 12:28:59.500,ACC_102,accelerometer_rms,SPAN_2,0.020627528501932536,2.6942297463967964,2.7430796119588456,4.901960784313725,0
2025-10-10 12:29:02.500,ACC_102,accelerometer_rms,SPAN_2,0.019835901699083062,2.7733282587278625,2.9265642880327962,4.901960784313725,0
2025-10-10 12:29:05.500,ACC_102,accelerometer_rms,SPAN_2,0.019053980772901963,2.7180070841640807,2.9270054172623046,3.7254901960784306,0
2025-10-10 12:29:08.500,ACC_102,accelerometer_rms,SPAN_2,0.01784284583221401,2.8872104229430406,2.915493732605475,4.117647058823529,0
2025-10-10 12:29:11.500,ACC_102,accelerometer_rms,SPAN_2,0.017285545738859275,2.3409407188558675,2.84646828961885,1.96078431372549,0
2025-10-10 12:29:14.500,ACC_102,accelerometer_rms,SPAN_2,0.017374816518709587,2.394180599877437,2.8141426693051046,1.96078431372549,0
2025-10-10 12:29:17.500,ACC_102,accelerometer_rms,SPAN_2,0.01664550546061055,2.6607378232392707,2.912756734735157,2.549019607843137,0
2025-10-10 12:29:20.500,ACC_102,accelerometer_rms,SPAN_2,0.016117568366810903,2.9929271404218465,2.7570856743285637,4.5098039215686265,0
2025-10-10 12:29:23.500,ACC_102,accelerometer_rms,SPAN_2,0.016500398544800513,2.362014561847544,2.8655408465362413,1.568627450980392,0
2025-10-10 12:29:26.500,ACC_102,accelerometer_rms,SPAN_2,0.015996740531966466,2.47012017636016,2.8642724922988636,2.549019607843137,0
2025-10-10 12:29:29.500,ACC_102,accelerometer_rms,SPAN_2,0.01520501331540254,2.8233949555928874,2.838336840678389,3.137254901960784,0
2025-10-10 12:29:32.500,ACC_102,accelerometer_rms,SPAN_2,0.015432324200057692,2.589047675854013,2.77818290142674,1.372549019607843,0
2025-10-10 12:29:35.500,ACC_102,accelerometer_rms,SPAN_2,0.015959592894336034,2.7699311826854403,2.6663219497359094,3.7254901960784306,0
2025-10-10 12:29:38.500,ACC_102,accelerometer_rms,SPAN_2,0.015815169434289792,2.681685817597272,2.7199054229010784,3.137254901960784,0
2025-10-10 12:29:41.500,ACC_102,accelerometer_rms,SPAN_2,0.016694613144341373,2.718276334826019,2.730880327377592,3.137254901960784,0
2025-10-10 12:29:44.500,ACC_102,accelerometer_rms,SPAN_2,0.016985153105568633,2.8079197892677263,2.83201616758378,2.9411764705882346,0
2025-10-10 12:29:47.500,ACC_102,accelerometer_rms,SPAN_2,0.018122145336792857,2.6839035101346633,2.6903483266762453,4.5098039215686265,0
2025-10-10 12:29:50.500,ACC_102,accelerometer_rms,SPAN_2,0.018449046752036364,2.098538353893304,2.6950758129881662,1.176470588235294,0
2025-10-10 12:29:53.500,ACC_102,accelerometer_rms,SPAN_2,0.019011751833650514,2.214944842686313,2.821925446030313,2.352941176470588,0
2025-10-10 12:29:56.500,ACC_102,accelerometer_rms,SPAN_2,0.020078236080832576,2.3965750538875596,2.948803786448764,0.980392156862745,0
