t_center,sensor_id,sensor_type,span_id,f_mean,f_std,f_rms,f_p2p,f_slope,fft_low,fft_mid,fft_high,label_rule
2025-10-10 12:00:02.500,SG_001,strain_gauge,SPAN_1,-0.2739595493353982,0.27047134858920135,-0.2723381301372636,0.7261388741608543,-0.2830518756443781,0.2743998254389763,0.0,0.0,0
2025-10-10 12:00:05.500,SG_001,strain_gauge,SPAN_1,-0.23429630495328832,0.3987381326634093,-0.2322401772894617,0.7261388741608543,0.8722989187017431,0.4078100062336371,0.0,0.0,0
2025-10-10 12:00:08.500,SG_001,strain_gauge,SPAN_1,0.051283896238678024,-0.08324082358354397,0.051002049105177596,-0.18593166660015004,0.5343658560132285,-0.08256139796427452,0.0,0.0,0
2025-10-10 12:00:11.500,SG_001,strain_gauge,SPAN_1,0.20147419447425083,-0.21817795625069958,0.20045344797263445,0.27042980047113985,-0.028777627018122195,-0.21450887963312606,0.0,0.0,0
2025-10-10 12:00:14.500,SG_001,strain_gauge,SPAN_1,0.28891281570285665,-0.028760730067072558,0.28843366610859106,-0.06006982487217372,0.48414529190959854,-0.028626478899640154,0.0,0.0,0
2025-10-10 12:00:17.500,SG_001,strain_gauge,SPAN_1,0.16120230143916223,0.8831922295539318,0.16449301603831193,1.5648044278685527,-1.2713187886267296,0.9307290280210098,0.0,0.0,0
2025-10-10 12:00:20.500,SG_001,strain_gauge,SPAN_1,0.1543161533786949,1.0727460404216924,0.15840873026995772,0.46091659481508424,1.0261943428223304,1.14352756889611,0.0,0.0,0
2025-10-10 12:00:23.500,SG_001,strain_gauge,SPAN_1,0.30829031129093426,-0.2539466423091662,0.306967750078742,-0.7864215429327032,0.006704978299624524,-0.24909345139206904,0.0,0.0,0
2025-10-10 12:00:26.500,SG_001,strain_gauge,SPAN_1,0.32293980955404117,-0.8517294007892316,0.3195577497229303,-0.6690542296967967,0.6010078418887199,-0.8027956447687754,0.0,0.0,0
2025-10-10 12:00:29.500,SG_001,strain_gauge,SPAN_1,0.31919981027956434,-0.06488735773630538,0.3185385327672789,0.7936846174337736,-0.7799105208905025,-0.06443411987181542,0.0,0.0,0
2025-10-10 12:00:32.500,SG_001,strain_gauge,SPAN_1,0.12789551640144398,-0.09055365614993544,0.1274587666890731,0.29978392543398685,-0.5426249425718963,-0.08977206886840859,0.0,0.0,0
2025-10-10 12:00:35.500,SG_001,strain_gauge,SPAN_1,0.29162580760789014,0.17288389381857136,0.29188938089024585,-0.5137152964672947,1.1888529062048996,0.17431284823088267,0.0,0.0,0
2025-10-10 12:00:38.500,SG_001,strain_gauge,SPAN_1,0.34616895605127784,0.5883081524690316,0.3479349831896108,0.33603267243290136,-0.6613943870351591,0.6088461560348689,0.0,0.0,0
2025-10-10 12:00:41.500,SG_001,strain_gauge,SPAN_1,0.22764952421153273,1.2785679802811662,0.2324753772234012,0.7711294241823544,0.5463812436481019,1.3798086143307153,0.0,0.0,0
2025-10-10 12:00:44.500,SG_001,strain_gauge,SPAN_1,0.2333184782433676,1.0215617250723645,0.2370470043192717,0.7711294241823544,0.09146893881412282,1.0856123350397078,0.0,0.0,0
2025-10-10 12:00:47.500,SG_001,strain_gauge,SPAN_1,0.14327769642741744,0.12669385874212016,0.1436210418364488,-0.41617153071988944,-1.0111415806447719,0.12736569316216753,0.0,0.0,0
2025-10-10 12:00:50.500,SG_001,strain_gauge,SPAN_1,0.024243881570350675,-0.03457317438064775,0.02418720720787763,0.15059153053432772,0.4485784808361332,-0.03439890242162594,0.0,0.0,0
2025-10-10 12:00:53.500,SG_001,strain_gauge,SPAN_1,0.014873073004281676,-0.9363571938413668,0.011682289204883378,-0.20434646470642603,-0.34452549916959,-0.877478892429052,0.0,0.0,0
2025-10-10 12:00:56.500,SG_001,strain_gauge,SPAN_1,-0.10800680988513632,0.10919749294708468,-0.10729801348649916,0.06601022656808499,-0.1993574563500249,0.10965400599072954,0.0,0.0,0
2025-10-10 12:00:59.500,SG_001,strain_gauge,SPAN_1,-0.26606218943380655,1.060163675439699,-0.26121360303667646,0.7954206813844175,-0.8438369890243422,1.1292594258750714,0.0,0.0,0
2025-10-10 12:01:02.500,SG_001,strain_gauge,SPAN_1,-0.34737524989653235,-0.12871488210124968,-0.3471531862009643,0.7954206813844175,-0.1071275196399453,-0.1272888719503751,0.0,0.0,0
2025-10-10 12:01:05.500,SG_001,strain_gauge,SPAN_1,-0.36407605998353787,-1.3490308455018978,-0.36802400258111734,-0.11230533977722448,-0.34207766916046034,-1.2284967843504047,0.0,0.0,0
2025-10-10 12:01:08.500,SG_001,strain_gauge,SPAN_1,-0.5648672549871445,-1.8982004909590957,-0.5701880769930862,-0.6165879848500768,-0.7360038248121271,-1.661738230722228,0.0,0.0,0
2025-10-10 12:01:11.500,SG_001,strain_gauge,SPAN_1,-0.5471072386132657,0.4389059113989797,-0.5443217645030225,0.8223968570647004,1.207265303366837,0.4500224224487739,0.0,0.0,0
2025-10-10 12:01:14.500,SG_001,strain_gauge,SPAN_1,-0.4784820771709884,1.389427906073415,-0.47176013399787564,1.4560789793956144,-1.0543387199875494,1.5093261878623763,0.0,0.0,0
2025-10-10 12:01:17.500,SG_001,strain_gauge,SPAN_1,-0.734777463288091,0.3359463347904271,-0.7320648930370256,0.779732386803991,0.25645178784448586,0.34223661285252754,0.0,0.0,0
2025-10-10 12:01:20.500,SG_001,strain_gauge,SPAN_1,-0.6539696148167204,-0.19588823482565457,-0.653476841817123,0.17474461806201785,-0.78484896318791,-0.19287405181766998,0.0,0.0,0
2025-10-10 12:01:23.500,SG_001,strain_gauge,SPAN_1,-0.7313834636892869,0.5017164863326922,-0.7279997100232622,0.17474461806201785,0.8097711989712549,0.5164450673021268,0.0,0.0,0
2025-10-10 12:01:26.500,SG_001,strain_gauge,SPAN_1,-0.538698328443672,0.3204759062454944,-0.536404894210662,-0.5594693569062416,0.7711685964024939,0.32615852057524275,0.0,0.0,0
2025-10-10 12:01:29.500,SG_001,strain_gauge,SPAN_1,-0.6921802430450942,0.9356182924307627,-0.6870357495664089,1.1913063104303687,-1.753240543246752,0.9891229294215378,0.0,0.0,0
2025-10-10 12:01:32.500,SG_001,strain_gauge,SPAN_1,-1.00519531760551,0.5069299071677389,-1.0012741818125341,1.1913063104303687,0.15285439048027546,0.5219810442662961,0.0,0.0,0
2025-10-10 12:01:35.500,SG_001,strain_gauge,SPAN_1,-0.732243067376222,-0.11287332424767613,-0.7313005928020531,-0.47619328685421425,1.0903549007509283,-0.11173750624251835,0.0,0.0,0
2025-10-10 12:01:38.500,SG_001,strain_gauge,SPAN_1,-0.8759656706927773,-0.33820793336369304,-0.8756282581900828,0.015386467621850475,-1.517085921355433,-0.3299165975411952,0.0,0.0,0
2025-10-10 12:01:41.500,SG_001,strain_gauge,SPAN_1,-0.8587081515921438,-1.1473253115399349,-0.8612582670433155,-0.5711031093430758,0.8956544600298985,-1.0596565225932293,0.0,0.0,0
2025-10-10 12:01:44.500,SG_001,strain_gauge,SPAN_1,-0.707005637337153,-0.6207458051192773,-0.707981052664957,-0.7609878147985288,-0.3681658156871157,-0.5942789517229089,0.0,0.0,0
2025-10-10 12:01:47.500,SG_001,strain_gauge,SPAN_1,-0.6504499591787155,0.39302936666252,-0.6476608040577173,-0.06575579762077227,0.33240181218605724,0.40182744807605564,0.0,0.0,0
2025-10-10 12:01:50.500,SG_001,strain_gauge,SPAN_1,-0.43353051469487747,-0.03607110818442593,-0.43281207075055456,-0.4689565942650822,0.9154460029597524,-0.03588582005543732,0.0,0.0,0
2025-10-10 12:01:53.500,SG_001,strain_gauge,SPAN_1,-0.48674330077374034,0.1756799865493982,-0.48511544548584373,-0.6955544130846198,-1.0780120974673253,0.1771635579737027,0.0,0.0,0
2025-10-10 12:01:56.500,SG_001,strain_gauge,SPAN_1,-0.5364426750662578,0.09257676785166921,-0.5350509150180022,-0.6143694449167492,-0.033154350536314936,0.09286510575870703,0.0,0.0,0
2025-10-10 12:01:59.500,SG_001,strain_gauge,SPAN_1,-0.419322689265415,-0.7238720680640062,-0.42112302941768337,-0.7859600830493616,0.23527533908466455,-0.6882202132945022,0.0,0.0,0
2025-10-10 12:02:02.500,SG_001,strain_gauge,SPAN_1,-0.35113829771793637,-0.9607007495595098,-0.35384907180809416,-0.7859600830493616,-0.8423804557559944,-0.8987917114218016,0.0,0.0,0
2025-10-10 12:02:05.500,SG_001,strain_gauge,SPAN_1,-0.14557106668190695,0.4812190835621931,-0.14334665118996548,-0.23412113523155462,2.3332041674972532,0.4947132847771233,0.0,0.0,0
2025-10-10 12:02:08.500,SG_001,strain_gauge,SPAN_1,0.22665396331047083,0.6762684879037771,0.22898424951850416,-0.5092156154536707,0.21182534098125755,0.7036925052602259,0.0,0.0,0
2025-10-10 12:02:11.500,SG_001,strain_gauge,SPAN_1,0.24751629167440045,-0.13325924748118492,0.2467256585428921,-1.0603574547849226,-0.40296474939659366,-0.13174404988073848,0.0,0.0,0
2025-10-10 12:02:14.500,SG_001,strain_gauge,SPAN_1,0.035553671646104824,-0.40489668279273316,0.03413874766342783,-0.32566301601370784,-0.5158973770349803,-0.39323855529542867,0.0,0.0,0
2025-10-10 12:02:17.500,SG_001,strain_gauge,SPAN_1,0.19615944918959602,-0.2177157197022713,0.19514906858158293,0.06203751306659352,1.5182242318013044,-0.2140608711698901,0.0,0.0,0
2025-10-10 12:02:20.500,SG_001,strain_gauge,SPAN_1,0.2475610373107564,-1.2824764325185225,0.2429256311678558,-1.104665428728986,-0.6036434496785624,-1.1733634641591666,0.0,0.0,0
2025-10-10 12:02:23.500,SG_001,strain_gauge,SPAN_1,0.26373179573568123,0.27065872959680937,0.26441275667348557,0.9264006140278189,1.05959604087199,0.274593180964451,0.0,0.0,0
2025-10-10 12:02:26.500,SG_001,strain_gauge,SPAN_1,0.43252010841684235,-0.008333552458125214,0.43187657300774357,-0.351802124928862,-1.0832617867544418,-0.008305571257257194,0.0,0.0,0
2025-10-10 12:02:29.500,SG_001,strain_gauge,SPAN_1,0.21303785790593716,0.4929025088057917,0.21466604913875365,0.5280487233669819,-1.4084248670114452,0.5070936959330259,0.0,0.0,0
2025-10-10 12:02:32.500,SG_001,strain_gauge,SPAN_1,0.093760290870242,0.4343128161964311,0.09537071118667827,0.13182840176029698,0.19380524016711062,0.44518504737423253,0.0,0.0,0
2025-10-10 12:02:35.500,SG_001,strain_gauge,SPAN_1,0.07468334703571268,-0.29983702522563754,0.07357775321431827,-0.03567997086363902,-0.623047278128168,-0.29322429134547945,0.0,0.0,0
2025-10-10 12:02:38.500,SG_001,strain_gauge,SPAN_1,0.19833116171252707,0.31194375176496375,0.19928330632895122,-0.05747880811440228,1.4042188483626885,0.317304366433091,0.0,0.0,0
2025-10-10 12:02:41.500,SG_001,strain_gauge,SPAN_1,0.23666356275289535,0.005912895340188167,0.2363991293842845,0.08015741505555504,-0.4663329678794951,0.005898444195905427,0.0,0.0,0
2025-10-10 12:02:44.500,SG_001,strain_gauge,SPAN_1,0.07017392287887927,-0.6837574736084516,0.0677397157872701,0.3187657110713359,-1.1663495461793179,-0.6518405720886202,0.0,0.0,0
2025-10-10 12:02:47.500,SG_001,strain_gauge,SPAN_1,-0.0026214557414009658,-0.31846808391074793,-0.0036673541679933387,0.5267638348255328,0.7212362184340895,-0.3110638907092674,0.0,0.0,0
2025-10-10 12:02:50.500,SG_001,strain_gauge,SPAN_1,-0.01835798910280477,0.796665117868776,-0.015088859288606166,0.5201372798437862,-0.8554835532916087,0.8351233951501082,0.0,0.0,0
2025-10-10 12:02:53.500,SG_001,strain_gauge,SPAN_1,-0.10376229795429497,0.6463288017025964,-0.10094956481064488,0.17820556718707423,0.6587367632505663,0.6712975603951521,0.0,0.0,0
2025-10-10 12:02:56.500,SG_001,strain_gauge,SPAN_1,0.0057308673094634095,-0.9618876244209752,0.002470446118143114,0.17820556718707423,-0.8007027752080267,-0.8998288786142523,0.0,0.0,0
2025-10-10 12:02:59.500,SG_001,strain_gauge,SPAN_1,-0.07079178977031177,-0.662632411489726,-0.07293286394720166,-0.25526333116576466,0.3938881061508024,-0.6325994270438858,0.0,0.0,0
2025-10-10 12:03:02.500,SG_001,strain_gauge,SPAN_1,-0.05108522313461564,0.10437889416881825,-0.05049281731820505,0.2476838972970078,-1.3871022748588886,0.10478300314061166,0.0,0.0,0
2025-10-10 12:03:05.500,SG_001,strain_gauge,SPAN_1,-0.579854980569939,-0.19124006272834956,-0.5794713192097783,0.16608374937943887,-1.6232014840319988,-0.18835441655403762,0.0,0.0,0
2025-10-10 12:03:08.500,SG_001,strain_gauge,SPAN_1,-0.6456684819069467,-0.19602788814943725,-0.6451904309027773,-0.13236297084027204,0.8431338699338076,-0.19300980039452428,0.0,0.0,0
2025-10-10 12:03:11.500,SG_001,strain_gauge,SPAN_1,-0.4802063569366292,-0.27928842559387485,-0.4803188197082095,0.5078442031840975,-0.06737633984800209,-0.2734969719512347,0.0,0.0,0
2025-10-10 12:03:14.500,SG_001,strain_gauge,SPAN_1,-0.6276746545341383,-1.3049819227548187,-0.631091090984633,-1.19802900288781,-0.5796663574114191,-1.1920704757367384,0.0,0.0,0
2025-10-10 12:03:17.500,SG_001,strain_gauge,SPAN_1,-0.6793276137493115,0.17460625041493538,-0.6773607754694084,0.86607546590624,0.07174392872231662,0.17606872957735245,0.0,0.0,0
2025-10-10 12:03:20.500,SG_001,strain_gauge,SPAN_1,-0.8138478065953635,0.15460526662857588,-0.8117187486631002,1.0780733558004365,-1.1006585632771624,0.1557018859346645,0.0,0.0,0
2025-10-10 12:03:23.500,SG_001,strain_gauge,SPAN_1,-0.8397188902018378,0.29225036628429296,-0.8369908882041408,0.0005783898828462298,0.2743491006690666,0.29690341352306393,0.0,0.0,0
2025-10-10 12:03:26.500,SG_001,strain_gauge,SPAN_1,-0.7416245223585317,-0.674769766013777,-0.7427356459611943,-0.5486583624009485,0.40004459429862643,-0.6436613781912651,0.0,0.0,0
2025-10-10 12:03:29.500,SG_001,strain_gauge,SPAN_1,-0.7600819498153005,0.9289616382282267,-0.7548327295403269,0.8832842976313388,-1.1402541935144286,0.9816889841529559,0.0,0.0,0
2025-10-10 12:03:32.500,SG_001,strain_gauge,SPAN_1,-0.7992424579109404,0.5553884597523362,-0.7955085873495147,0.5768724757624548,0.09753450477022126,0.5736045609224338,0.0,0.0,0
2025-10-10 12:03:35.500,SG_001,strain_gauge,SPAN_1,-0.7181717184982633,-0.579691502336037,-0.7189821115245151,-0.013027298683376088,-0.026938226594463002,-0.5565015211629666,0.0,0.0,0
2025-10-10 12:03:38.500,SG_001,strain_gauge,SPAN_1,-0.7620872501179882,-0.18214421095227415,-0.7613569448450398,0.050378273019924376,-0.17711869553883663,-0.17950207594532322,0.0,0.0,0
2025-10-10 12:03:41.500,SG_001,strain_gauge,SPAN_1,-0.6873053057007746,0.018693168258655475,-0.685934807592276,0.8673505171246005,0.6367829861158245,0.018662805865820954,0.0,0.0,0
2025-10-10 12:03:44.500,SG_001,strain_gauge,SPAN_1,-0.6037056293202497,1.1877891199210617,-0.597631092971712,1.686824794928144,0.38248505965873014,1.2749257696293823,0.0,0.0,0
2025-10-10 12:03:47.500,SG_001,strain_gauge,SPAN_1,-0.6274312741538696,1.7222252209406854,-0.6188633157043215,2.6900533372950894,-0.06169466530066781,1.9076030430960227,0.0,0.0,0
2025-10-10 12:03:50.500,SG_001,strain_gauge,SPAN_1,-0.5880330128164741,-0.5898009089313193,-0.5890919702408264,-0.014257634796760286,-0.06312013641617915,-0.5658240800542605,0.0,0.0,0
2025-10-10 12:03:53.500,SG_001,strain_gauge,SPAN_1,-0.5890884598089213,-1.2479132852665225,-0.5923790564988138,-0.32937817051054624,-0.3001524235210066,-1.144507375705621,0.0,0.0,0
2025-10-10 12:03:56.500,SG_001,strain_gauge,SPAN_1,-0.6041308279460482,-1.2596212588983768,-0.60743660130707,-1.264082826683245,-0.027041398615146026,-1.1542992942692265,0.0,0.0,0
2025-10-10 12:03:59.500,SG_001,strain_gauge,SPAN_1,-0.42812601551804447,-0.06139973731659748,-0.4275128984633619,0.6966984490454045,1.5922182120382722,-0.06098459513395915,0.0,0.0,0
2025-10-10 12:04:02.500,SG_001,strain_gauge,SPAN_1,-0.12345363856231842,-1.3539333304479766,-0.12776979974848654,-1.3400850906090127,0.47203500264621157,-1.2325355077627016,0.0,0.0,0
2025-10-10 12:04:05.500,SG_001,strain_gauge,SPAN_1,-0.0215368118818949,-0.4745309449897571,-0.02310461245475841,-0.8088884238517944,1.2633693660104255,-0.4587484658607432,0.0,0.0,0
2025-10-10 12:04:08.500,SG_001,strain_gauge,SPAN_1,0.1030104862810751,0.37592929008260184,0.10437673448337076,-1.0792804400592322,-0.5386272667739214,0.3839322689137763,0.0,0.0,0
2025-10-10 12:04:11.500,SG_001,strain_gauge,SPAN_1,0.18118908895037578,0.3473724369369276,0.18230746983770524,0.4490420515379583,0.5024863937579496,0.3541312327806825,0.0,0.0,0
2025-10-10 12:04:14.500,SG_001,strain_gauge,SPAN_1,0.3832217038909802,1.128328191209584,0.3871126419586377,0.41721205121265803,1.211812595995456,1.2067995895876413,0.0,0.0,0
2025-10-10 12:04:17.500,SG_001,strain_gauge,SPAN_1,0.230988367820183,2.1434134752474825,0.23969300646897243,1.9865302453528964,-0.7003917805240635,2.4320308003413764,0.0,0.0,0
2025-10-10 12:04:20.500,SG_001,strain_gauge,SPAN_1,0.17976969563491343,1.433733160745258,0.1853615525786405,1.9865302453528964,-0.29397890367454926,1.561528917639057,0.0,0.0,0
2025-10-10 12:04:23.500,SG_001,strain_gauge,SPAN_1,0.23204712263762806,0.19831441575375766,0.23250837891127107,-0.11832041569844587,0.5791824443189603,0.2002770317642694,0.0,0.0,0
2025-10-10 12:04:26.500,SG_001,strain_gauge,SPAN_1,0.28608541908488133,0.32706432245325645,0.2869429053288699,1.5453066299197937,-0.18782412118146152,0.33300197020180927,0.0,0.0,0
2025-10-10 12:04:29.500,SG_001,strain_gauge,SPAN_1,0.3571514160399382,-1.0165283154050009,0.3531868136714562,-0.8181015240808166,0.936494696403757,-0.9473817572751148,0.0,0.0,0
2025-10-10 12:04:32.500,SG_001,strain_gauge,SPAN_1,0.5048923392038025,-0.7277605522042633,0.5016397401353748,-0.7700790663664939,-0.07358281398890092,-0.691735677468012,0.0,0.0,0
2025-10-10 12:04:35.500,SG_001,strain_gauge,SPAN_1,0.4143914362741743,-1.083300228866113,0.41013102329380524,-0.7700790663664939,-0.6735176340139256,-1.004972264283701,0.0,0.0,0
2025-10-10 12:04:38.500,SG_001,strain_gauge,SPAN_1,0.11600235700974088,-0.8491737086771467,0.11294401226881516,-0.6780766200030997,-1.4504319777753245,-0.8005259789580802,0.0,0.0,0
2025-10-10 12:04:41.500,SG_001,strain_gauge,SPAN_1,0.022190386168838897,-0.7225446130919944,0.019699835877574286,-0.7295548846054069,1.1435702159076915,-0.6870196561937071,0.0,0.0,0
2025-10-10 12:04:44.500,SG_001,strain_gauge,SPAN_1,0.20127687282768467,1.23466351950841,0.20596590913543233,0.2086330782448396,-0.7287060152768691,1.3289508780503365,0.0,0.0,0
2025-10-10 12:04:47.500,SG_001,strain_gauge,SPAN_1,-0.01568919989050438,1.5697926892779457,-0.009101983288417147,0.6216244706989191,-0.8207780605888441,1.7234152444597626,0.0,0.0,0
2025-10-10 12:04:50.500,SG_001,strain_gauge,SPAN_1,-0.22835536272368487,0.26140121479604606,-0.22685014813084844,-0.6354823524571983,-0.5943021478238064,0.2650458820574266,0.0,0.0,0
2025-10-10 12:04:53.500,SG_001,strain_gauge,SPAN_1,-0.13939907833475743,0.31428063976798004,-0.13784483640337447,-0.12558125444426058,0.32460571364591856,0.3197285189542006,0.0,0.0,0
2025-10-10 12:04:56.500,SG_001,strain_gauge,SPAN_1,0.004540495876090201,-0.009311259007622611,0.0046109706124806,-0.12558125444426058,0.7093624917193783,-0.00927941106302521,0.0,0.0,0
2025-10-10 12:04:59.500,SG_001,strain_gauge,SPAN_1,-6.41794771115742e-06,-0.23703683597304098,-0.0007638265486952246,-0.4257278193795946,-1.4077945826450313,-0.23276389430359623,0.0,0.0,0
2025-10-10 12:05:02.500,SG_001,strain_gauge,SPAN_1,-0.46257430116156684,0.04171000991079042,-0.46150838859177673,0.361187378312038,-1.0226056677945274,0.04170383832878674,0.0,0.0,0
2025-10-10 12:05:05.500,SG_001,strain_gauge,SPAN_1,-0.5503302080202533,-0.09805725661890122,-0.5496457104643329,-0.16470182906018818,0.4192540751998011,-0.09716371185972113,0.0,0.0,0
2025-10-10 12:05:08.500,SG_001,strain_gauge,SPAN_1,-0.6099961180637508,0.33545181659016304,-0.6075133274936008,1.064631324518419,-0.42936439624903294,0.3417221954430771,0.0,0.0,0
2025-10-10 12:05:11.500,SG_001,strain_gauge,SPAN_1,-0.6128896151169632,-0.8936640887564372,-0.6149672846714695,0.10855553107403544,-0.3060700618227149,-0.8399174499395957,0.0,0.0,0
2025-10-10 12:05:14.500,SG_001,strain_gauge,SPAN_1,-0.6401130178460839,-0.2958189583899715,-0.6400173462848209,0.10056449466397892,0.21906725536883623,-0.28937107755455777,0.0,0.0,0
2025-10-10 12:05:17.500,SG_001,strain_gauge,SPAN_1,-0.5361098801335743,-1.0613508112095054,-0.5388705210271062,-0.49112500185846997,-0.6757384858200595,-0.9861040814558099,0.0,0.0,0
2025-10-10 12:05:20.500,SG_001,strain_gauge,SPAN_1,-0.74435028819259,0.3881749270852776,-0.7414080788787275,0.5518613053702968,-0.224141506402166,0.3967434787445871,0.0,0.0,0
2025-10-10 12:05:23.500,SG_001,strain_gauge,SPAN_1,-0.6578779590727094,0.01456440650557905,-0.6565751443910188,-0.5340622342595237,-0.4379289357955748,0.014536893313749024,0.0,0.0,0
2025-10-10 12:05:26.500,SG_001,strain_gauge,SPAN_1,-0.7195989166282921,-0.530264719525487,-0.7202290813103441,-0.8361085204297157,-0.052114937846835525,-0.5107330435977098,0.0,0.0,0
2025-10-10 12:05:29.500,SG_001,strain_gauge,SPAN_1,-0.7529692054143642,-0.24442787753179682,-0.7524897913281889,-0.8361085204297157,-0.32998451826351494,-0.23990582937899302,0.0,0.0,0
2025-10-10 12:05:32.500,SG_001,strain_gauge,SPAN_1,-0.8031694422476942,0.38591781753233967,-0.8001278055320484,-0.7931388695775513,0.18469566202106166,0.3943806770712541,0.0,0.0,0
2025-10-10 12:05:35.500,SG_001,strain_gauge,SPAN_1,-0.8721643955092715,0.025282395121438796,-0.8704414710769346,-0.4063547765737152,-0.5723526386138664,0.025252015297491433,0.0,0.0,0
2025-10-10 12:05:38.500,SG_001,strain_gauge,SPAN_1,-0.8849803111933718,0.20587740021348266,-0.8825178604061412,-0.005792394698441673,0.04875292707926052,0.20801473063161008,0.0,0.0,0
2025-10-10 12:05:41.500,SG_001,strain_gauge,SPAN_1,-0.6543552641307263,0.7612126657706558,-0.6500318383298918,0.7629125764921731,0.9552245175916559,0.796228599508369,0.0,0.0,0
2025-10-10 12:05:44.500,SG_001,strain_gauge,SPAN_1,-0.5984744383378189,-0.6384749141794341,-0.5996890078350667,-0.3062682863819133,-0.5807632601384808,-0.6105261146203647,0.0,0.0,0
2025-10-10 12:05:47.500,SG_001,strain_gauge,SPAN_1,-0.653730052746489,-1.0082804462779003,-0.6561320206280131,-0.39010463669927165,0.31686625571599747,-0.9402283171021132,0.0,0.0,0
2025-10-10 12:05:50.500,SG_001,strain_gauge,SPAN_1,-0.4632911224789496,-0.2340043848938852,-0.4632646242379094,-0.45223426288211116,0.702487767954581,-0.22983162111964828,0.0,0.0,0
2025-10-10 12:05:53.500,SG_001,strain_gauge,SPAN_1,-0.5850254238330577,0.8833355316213853,-0.5803154364133887,1.301890789392639,-1.2323494693797123,0.9308881621105097,0.0,0.0,0
2025-10-10 12:05:56.500,SG_001,strain_gauge,SPAN_1,-0.6144793924032984,0.6061070158484435,-0.6108825349947361,0.9892988928651768,0.5705120539350064,0.6279583149296075,0.0,0.0,0
2025-10-10 12:05:59.500,SG_001,strain_gauge,SPAN_1,-0.3184499549738547,0.79691270467829,-0.31461648302441936,0.6772438011729455,0.06666990314596041,0.8353955889286421,0.0,0.0,0
2025-10-10 12:06:02.500,SG_001,strain_gauge,SPAN_1,-0.21532513479857296,0.8560564468700925,-0.21143956648219778,0.588362021985747,-0.9524900844947035,0.9006427604240624,0.0,0.0,0
2025-10-10 12:06:05.500,SG_001,strain_gauge,SPAN_1,-0.29236100638657564,0.10200381753627574,-0.29136011052023675,0.20078736592594984,0.6545918095021661,0.10238319250568699,0.0,0.0,0
2025-10-10 12:06:08.500,SG_001,strain_gauge,SPAN_1,-0.0550268226874661,0.07391667540239485,-0.05454283968999054,0.13449811710282564,0.6094869053628457,0.07405842849721689,0.0,0.0,0
2025-10-10 12:06:11.500,SG_001,strain_gauge,SPAN_1,0.09587804246914326,-0.24860031072975136,0.0949212357632772,-0.644611388288864,0.5638320316618113,-0.24393454098978581,0.0,0.0,0
2025-10-10 12:06:14.500,SG_001,strain_gauge,SPAN_1,0.32547185074302315,-0.25490872941661913,0.3241179892235121,-0.6578555552313686,-0.12368246406253879,-0.2500214222666866,0.0,0.0,0
2025-10-10 12:06:17.500,SG_001,strain_gauge,SPAN_1,0.12772125805570028,0.6963029987277997,0.13031211241154847,0.414544571625382,-1.2682088969391543,0.7254341992268671,0.0,0.0,0
2025-10-10 12:06:20.500,SG_001,strain_gauge,SPAN_1,0.0659690458324673,-0.24260885103820926,0.0650828925363831,0.38816176538811376,1.103657198008482,-0.23814876115324152,0.0,0.0,0
2025-10-10 12:06:23.500,SG_001,strain_gauge,SPAN_1,0.20220483429698094,-0.4906351406025995,0.2002235803382264,0.6769003891667351,-0.02785678800613948,-0.4738102699882127,0.0,0.0,0
2025-10-10 12:06:26.500,SG_001,strain_gauge,SPAN_1,0.2530493327538202,-0.2764322529386924,0.2517366737711104,0.5474412172435302,0.33116472734261787,-0.27075066637802886,0.0,0.0,0
2025-10-10 12:06:29.500,SG_001,strain_gauge,SPAN_1,0.2005504585227106,0.6846386347511622,0.20296168422257269,0.5981959914473408,-1.089030753151347,0.7127696280226123,0.0,0.0,0
2025-10-10 12:06:32.500,SG_001,strain_gauge,SPAN_1,0.17091859034352044,0.045538933245683054,0.1709115497016798,-0.5257845740265839,0.25050472377119404,0.04554337874862574,0.0,0.0,0
2025-10-10 12:06:35.500,SG_001,strain_gauge,SPAN_1,0.21531888504535143,0.49479223001015454,0.21695043224697313,-0.29223892219605313,-0.4634629636249205,0.5090977953939843,0.0,0.0,0
2025-10-10 12:06:38.500,SG_001,strain_gauge,SPAN_1,0.06553482667050398,0.46672898516351236,0.06732279254511005,0.7134502923976607,-0.3869200747140584,0.4793830908400881,0.0,0.0,0
2025-10-10 12:06:41.500,SG_001,strain_gauge,SPAN_1,0.18343656276408615,0.4826850394342815,0.185077288728321,1.4772667847369012,0.15184250200252236,0.49626573295303966,0.0,0.0,0
2025-10-10 12:06:44.500,SG_001,strain_gauge,SPAN_1,0.18354842685497388,-0.16844442295756207,0.18273614023575854,-0.32555078110022156,-0.4842151787231806,-0.16614902388656502,0.0,0.0,0
2025-10-10 12:06:47.500,SG_001,strain_gauge,SPAN_1,0.05770497177569062,-0.9238410560257821,0.054490030735175186,-0.07453449060496437,-0.7016495055898665,-0.8664914053481945,0.0,0.0,0
2025-10-10 12:06:50.500,SG_001,strain_gauge,SPAN_1,-0.08649568749876557,-2.064693924432611,-0.0929430572933246,-0.493770794619834,-0.8848349992192739,-1.7854429961526284,0.0,0.0,0
2025-10-10 12:06:53.500,SG_001,strain_gauge,SPAN_1,-0.24757418303813444,-0.8379954485064739,-0.2500342095032049,-0.017996935450281352,-0.8417916336544923,-0.7905889133770718,0.0,0.0,0
2025-10-10 12:06:56.500,SG_001,strain_gauge,SPAN_1,-0.22854559069379712,0.956453377131997,-0.22421200184193465,1.3177024976627958,1.1503316172394777,1.0124276451208054,0.0,0.0,0
2025-10-10 12:06:59.500,SG_001,strain_gauge,SPAN_1,-0.20208041463483384,1.0013468526886118,-0.19760713305200617,1.0656011951453244,-1.0578096434436655,1.062831708837212,0.0,0.0,0
2025-10-10 12:07:02.500,SG_001,strain_gauge,SPAN_1,-0.30278813242534997,-0.5931466831664146,-0.3043197510086388,-0.8528049170518001,0.4287601654966316,-0.5689065544875129,0.0,0.0,0
2025-10-10 12:07:05.500,SG_001,strain_gauge,SPAN_1,-0.3400386740365083,0.029257749401958435,-0.33923318390723217,0.2172002687824945,-0.8120665085492866,0.029230052766790943,0.0,0.0,0
2025-10-10 12:07:08.500,SG_001,strain_gauge,SPAN_1,-0.4228913544176773,0.01529505471032008,-0.4219956400973852,0.3640176208814151,-0.19068222106537186,0.015266878062477427,0.0,0.0,0
2025-10-10 12:07:11.500,SG_001,strain_gauge,SPAN_1,-0.5475339303340221,-0.41135720774507634,-0.5480176883053376,-0.0854525777866783,-1.1132488940761287,-0.39934260869593974,0.0,0.0,0
2025-10-10 12:07:14.500,SG_001,strain_gauge,SPAN_1,-0.6617481497361074,0.0764720927355142,-0.660197991651084,0.668728033006009,-0.06439740351070332,0.07663128038809121,0.0,0.0,0
2025-10-10 12:07:17.500,SG_001,strain_gauge,SPAN_1,-0.768934740002387,1.555682141812535,-0.7608443572736684,0.7428129132304505,-0.6846324155821045,1.706515866891135,0.0,0.0,0
2025-10-10 12:07:20.500,SG_001,strain_gauge,SPAN_1,-0.8050067575641053,0.8302807990062139,-0.8000964865495879,0.6181541314018194,-0.8098362372477709,0.8721519900824102,0.0,0.0,0
2025-10-10 12:07:23.500,SG_001,strain_gauge,SPAN_1,-0.8479504112475172,0.3584622087529727,-0.8449381167666132,0.3420139884498662,0.4171829231883775,0.36569174667042287,0.0,0.0,0
2025-10-10 12:07:26.500,SG_001,strain_gauge,SPAN_1,-0.7611497782829555,0.46782634673614315,-0.7578501900655976,0.23980889658436036,-0.38930967136850736,0.48054313175016444,0.0,0.0,0
2025-10-10 12:07:29.500,SG_001,strain_gauge,SPAN_1,-0.8195598833342499,0.3557728426821866,-0.8166109746921966,0.6880936978195702,-0.21147271778819057,0.36288677254204826,0.0,0.0,0
2025-10-10 12:07:32.500,SG_001,strain_gauge,SPAN_1,-0.9446422022737525,0.8482091591843282,-0.9393802534657295,1.6407291110871909,-0.875033308161902,0.8919598414619335,0.0,0.0,0
2025-10-10 12:07:35.500,SG_001,strain_gauge,SPAN_1,-1.1198401532664894,-0.19006207155683968,-1.1185184817048606,-0.6168741615219114,-0.5987305228075984,-0.18720856041171235,0.0,0.0,0
2025-10-10 12:07:38.500,SG_001,strain_gauge,SPAN_1,-1.108398832147444,0.19298712638139132,-1.1055801660650593,-0.7197479677823181,0.9792192936856761,0.19483107977588937,0.0,0.0,0
2025-10-10 12:07:41.500,SG_001,strain_gauge,SPAN_1,-0.7960847745237524,-0.4003217530794882,-0.7961131576936037,-0.24889142870685202,0.15543540859105567,-0.38891281774150793,0.0,0.0,0
2025-10-10 12:07:44.500,SG_001,strain_gauge,SPAN_1,-0.7482290184149168,-0.07460397781999732,-0.7471120531150692,-0.5256669733004983,1.0674995332964798,-0.07403637512198698,0.0,0.0,0
2025-10-10 12:07:47.500,SG_001,strain_gauge,SPAN_1,-0.4361091664135288,0.354178652461318,-0.4338666577747156,0.43365647821821296,0.6314284278200859,0.36122449069357,0.0,0.0,0
2025-10-10 12:07:50.500,SG_001,strain_gauge,SPAN_1,-0.5064850643199149,0.10817258185184284,-0.5050854872359518,0.4171950594727692,-0.38126359922608627,0.1086176992176698,0.0,0.0,0
2025-10-10 12:07:53.500,SG_001,strain_gauge,SPAN_1,-0.517095723007718,-0.9856130488487668,-0.5196334208065013,-0.7505320818022568,0.07963792528690297,-0.9205237628298016,0.0,0.0,0
2025-10-10 12:07:56.500,SG_001,strain_gauge,SPAN_1,-0.37352713863307224,0.20623464171463934,-0.37198041877279997,-0.02310004680553636,0.2709727564137479,0.20838040633552982,0.0,0.0,0
2025-10-10 12:07:59.500,SG_001,strain_gauge,SPAN_1,-0.3391076968694861,-0.42085440241961986,-0.3399695311330737,-0.9831999761221359,-0.5036575275878128,-0.4083060573962503,0.0,0.0,0
2025-10-10 12:08:02.500,SG_001,strain_gauge,SPAN_1,-0.2746027486779054,0.2722482656527411,-0.27297323202954554,-0.3824905486241546,0.9257645274642378,0.27623357947121396,0.0,0.0,0
2025-10-10 12:08:05.500,SG_001,strain_gauge,SPAN_1,-0.084454644391201,-0.7758083748898806,-0.08695885738956635,-1.066823258964287,0.3296624735816695,-0.7350142470842757,0.0,0.0,0
2025-10-10 12:08:08.500,SG_001,strain_gauge,SPAN_1,-0.03517053934791144,-1.0962060619498835,-0.03880419758547296,0.376357871976854,-0.15226861447223575,-1.0160375388608882,0.0,0.0,0
2025-10-10 12:08:11.500,SG_001,strain_gauge,SPAN_1,-0.08910981645204763,-0.5213183481655457,-0.09073292880577298,0.31311908761511437,0.5691285456958529,-0.5024153394834598,0.0,0.0,0
2025-10-10 12:08:14.500,SG_001,strain_gauge,SPAN_1,-0.09567002719383842,-0.7591045524769244,-0.09810036119672969,-0.7688932217825618,0.42596863966331056,-0.72000203608055,0.0,0.0,0
2025-10-10 12:08:17.500,SG_001,strain_gauge,SPAN_1,0.13333593838076757,0.7183300736202816,0.13600549478630944,0.7647119123163618,1.4519181343931442,0.749397672216264,0.0,0.0,0
2025-10-10 12:08:20.500,SG_001,strain_gauge,SPAN_1,0.4386955934389431,0.3704923884539279,0.4394543298932675,0.19534017183791147,0.21990323164831757,0.37825042660055064,0.0,0.0,0
2025-10-10 12:08:23.500,SG_001,strain_gauge,SPAN_1,0.27612056232803717,0.21499076628324032,0.27656918318112667,0.42863676053373206,-1.0709899490838424,0.21734837455612194,0.0,0.0,0
2025-10-10 12:08:26.500,SG_001,strain_gauge,SPAN_1,0.2886319958188893,0.05735898797165833,0.2884701565285911,0.3110771723464363,0.13383846196747431,0.05740807278082534,0.0,0.0,0
2025-10-10 12:08:29.500,SG_001,strain_gauge,SPAN_1,0.35678521236980115,0.7909134780066805,0.3593393756450468,0.9008993660851379,-0.23401200062505131,0.8288023288314477,0.0,0.0,0
2025-10-10 12:08:32.500,SG_001,strain_gauge,SPAN_1,0.49298616096828785,0.99911286177027,0.49613610325270613,0.03958382310346832,0.3615438546455108,1.0603173873103944,0.0,0.0,0
2025-10-10 12:08:35.500,SG_001,strain_gauge,SPAN_1,0.36051314885335933,1.184127558494752,0.3646815895463222,-0.6839237907051386,-2.030111638966453,1.270717503817045,0.0,0.0,0
2025-10-10 12:08:38.500,SG_001,strain_gauge,SPAN_1,0.2034688542622597,-0.04486491017243796,0.20307333305034783,-0.9060516640558649,1.490217727636681,-0.04460914548234572,0.0,0.0,0
2025-10-10 12:08:41.500,SG_001,strain_gauge,SPAN_1,0.3534665314446857,0.5298096436313369,0.35499006194151767,-0.33191865919969343,-0.6376235757783775,0.5463175840647192,0.0,0.0,0
2025-10-10 12:08:44.500,SG_001,strain_gauge,SPAN_1,0.06817473659350266,-0.2374716843349053,0.06730345344347712,-0.9731960892616346,-1.1414904698643025,-0.2331842806190355,0.0,0.0,0
2025-10-10 12:08:47.500,SG_001,strain_gauge,SPAN_1,0.15175101623499282,0.27444368318660306,0.1526404355271905,-0.11499249401069062,0.43836103378429236,0.2784997795990659,0.0,0.0,0
2025-10-10 12:08:50.500,SG_001,strain_gauge,SPAN_1,0.05119574757112685,0.34356404856809714,0.052527526441043706,0.8943647006441082,-0.6753401154674272,0.3501648238763791,0.0,0.0,0
2025-10-10 12:08:53.500,SG_001,strain_gauge,SPAN_1,-0.07277639919974346,-0.04075526481241721,-0.0726920519582397,0.8943647006441082,-0.5059617560497905,-0.040533670926508204,0.0,0.0,0
2025-10-10 12:08:56.500,SG_001,strain_gauge,SPAN_1,-0.2191758916212196,0.009145938576218966,-0.21865490077345082,-0.3300667831271584,-0.43542178878372045,0.009125482589343583,0.0,0.0,0
2025-10-10 12:08:59.500,SG_001,strain_gauge,SPAN_1,-0.23369819058689412,0.32764719391251135,-0.2319240066204985,0.08011448855477636,-0.2758422634229924,0.333607672343054,0.0,0.0,0
2025-10-10 12:09:02.500,SG_001,strain_gauge,SPAN_1,-0.3038634204662544,-0.18230173912290426,-0.30391416577080055,-0.5464286436913767,-0.2951737832147636,-0.17965547713340033,0.0,0.0,0
2025-10-10 12:09:05.500,SG_001,strain_gauge,SPAN_1,-0.5212068478543029,0.3142355754526618,-0.5189699430455312,-0.208740841647827,-1.4394609904836544,0.3196817652143755,0.0,0.0,0
2025-10-10 12:09:08.500,SG_001,strain_gauge,SPAN_1,-0.5831293407710925,0.6607436554035304,-0.5793641162761046,0.14788962031621902,0.8101050389316856,0.6868801769658854,0.0,0.0,0
2025-10-10 12:09:11.500,SG_001,strain_gauge,SPAN_1,-0.5555005509568313,0.47471816453406135,-0.5525540489328961,0.19835866499924354,-1.117488705816199,0.487832129388254,0.0,0.0,0
2025-10-10 12:09:14.500,SG_001,strain_gauge,SPAN_1,-0.6887111873920633,0.13621697880991385,-0.6868790225598094,0.28866327882673987,-0.04491992457062662,0.13702251437096497,0.0,0.0,0
2025-10-10 12:09:17.500,SG_001,strain_gauge,SPAN_1,-0.5879522381495312,-1.2435350714455278,-0.5912303956269922,-0.6157759585437311,0.2774570202141943,-1.1408411562446312,0.0,0.0,0
2025-10-10 12:09:20.500,SG_001,strain_gauge,SPAN_1,-0.6526050145454112,-1.7397142530906815,-0.6573343267907802,-1.1183829050576461,-0.5223932421725381,-1.5406793537265038,0.0,0.0,0
2025-10-10 12:09:23.500,SG_001,strain_gauge,SPAN_1,-0.743704126266406,-0.5773443551348398,-0.7444642259543441,-0.298023268175599,0.33089802992380163,-0.5543351847403881,0.0,0.0,0
2025-10-10 12:09:26.500,SG_001,strain_gauge,SPAN_1,-0.6807204972522588,0.14524502854426144,-0.6788670382140065,0.04753595737219644,0.29596411536609213,0.1461880566892432,0.0,0.0,0
2025-10-10 12:09:29.500,SG_001,strain_gauge,SPAN_1,-0.6946220611677987,-0.20208767578787146,-0.694083058401708,-0.3924257977985212,0.497517252948015,-0.19889774510776428,0.0,0.0,0
2025-10-10 12:09:32.500,SG_001,strain_gauge,SPAN_1,-0.7156903658176681,-0.8580735355287078,-0.717483808627017,-0.08356336460148822,-0.45938018145545667,-0.8084261393334508,0.0,0.0,0
2025-10-10 12:09:35.500,SG_001,strain_gauge,SPAN_1,-0.9300730478636282,-0.6522685660496009,-0.9307964883486674,-0.29810688542190056,-1.0673858581323852,-0.6231388900022237,0.0,0.0,0
2025-10-10 12:09:38.500,SG_001,strain_gauge,SPAN_1,-0.864038515358284,-0.9787961380910845,-0.8660120064924133,-0.5040420778080833,1.1602689643038542,-0.9145849953478113,0.0,0.0,0
2025-10-10 12:09:41.500,SG_001,strain_gauge,SPAN_1,-0.7797873390895521,-0.43300747262652606,-0.7799633874366048,-0.5040420778080833,-1.3337464357638746,-0.41975924434409345,0.0,0.0,0
2025-10-10 12:09:44.500,SG_001,strain_gauge,SPAN_1,-0.7867040011717517,-1.3212010192995174,-0.7899339477024157,-0.6364269590497902,1.022383192670304,-1.2055118274534105,0.0,0.0,0
2025-10-10 12:09:47.500,SG_001,strain_gauge,SPAN_1,-0.7178473185362586,-0.45584691633566027,-0.7182102685084565,-0.8414399023958693,-0.09832375812208642,-0.4412321266712464,0.0,0.0,0
2025-10-10 12:09:50.500,SG_001,strain_gauge,SPAN_1,-0.7348348766253732,-0.0412833685467448,-0.7336129892219987,-0.8025225579320509,0.06625628050781408,-0.04105750490762145,0.0,0.0,0
2025-10-10 12:09:53.500,SG_001,strain_gauge,SPAN_1,-0.46419086563379164,0.5522723034125854,-0.4610964445570086,0.273698698220328,1.4477307850364673,0.5702758172159978,0.0,0.0,0
2025-10-10 12:09:56.500,SG_001,strain_gauge,SPAN_1,-0.21400328838673555,1.1622061271288238,-0.20881621371060421,0.10096201194720576,-0.5179893729073263,1.2455589737387045,0.0,0.0,0
2025-10-10 12:09:59.500,SG_001,strain_gauge,SPAN_1,-0.20314998996457762,0.570309401367682,-0.20046297943564204,0.006738119168658254,-0.4069859793877571,0.5895606861575002,0.0,0.0,0
2025-10-10 12:10:02.500,SG_001,strain_gauge,SPAN_1,-0.2802855064611837,0.5983646428254729,-0.27734283264105997,-0.0147126109898809,-0.015286898639518327,0.6196396742072698,0.0,0.0,0
2025-10-10 12:10:05.500,SG_001,strain_gauge,SPAN_1,-0.22041365849189193,-0.2385007886429351,-0.2208109311597551,-0.1989149209051243,0.17444055153312427,-0.23417906267904448,0.0,0.0,0
2025-10-10 12:10:08.500,SG_001,strain_gauge,SPAN_1,-0.051238613560265475,-0.33789223957528847,-0.052274510552797214,-0.11010803951876344,1.5012758443519112,-0.32961548487757436,0.0,0.0,0
2025-10-10 12:10:11.500,SG_001,strain_gauge,SPAN_1,0.11848873191883731,-0.37865329496511146,0.11703240888933962,0.38567873560886673,-0.560069206878977,-0.3683881474914258,0.0,0.0,0
2025-10-10 12:10:14.500,SG_001,strain_gauge,SPAN_1,0.086040562056563,0.4062894982047511,0.08755506813239668,0.36087727905902917,-0.4920773664602216,0.41572995729062007,0.0,0.0,0
2025-10-10 12:10:17.500,SG_001,strain_gauge,SPAN_1,0.2607762496689319,-0.5343368467073503,0.25855195503982126,-0.3248896682731694,0.5233647435484992,-0.5145156195965638,0.0,0.0,0
2025-10-10 12:10:20.500,SG_001,strain_gauge,SPAN_1,0.34048219996034224,-0.6681674724588348,0.3376801856875202,-0.5615099307217706,0.21883598499835613,-0.6376464101132486,0.0,0.0,0
2025-10-10 12:10:23.500,SG_001,strain_gauge,SPAN_1,0.3300909347576674,0.9404246257641734,0.3333026325844972,1.6428895213840486,0.052249064140343617,0.9944940273769359,0.0,0.0,0
2025-10-10 12:10:26.500,SG_001,strain_gauge,SPAN_1,0.23631468606617648,1.1809183322284595,0.24070734682952405,1.3004511865879733,0.0858899405245272,1.2670305251720804,0.0,0.0,0
2025-10-10 12:10:29.500,SG_001,strain_gauge,SPAN_1,0.13730638476433848,0.7454410059033848,0.14007845433701926,1.3004511865879733,-0.8530437039745328,0.7789773684886899,0.0,0.0,0
2025-10-10 12:10:32.500,SG_001,strain_gauge,SPAN_1,0.15694791914735515,0.6378279935227991,0.15925068660225009,0.2229063633283381,0.9034963336086728,0.6621205869374737,0.0,0.0,0
2025-10-10 12:10:35.500,SG_001,strain_gauge,SPAN_1,0.24578482380732258,-0.026150018697712916,0.24538723229932874,0.9515823725454637,-0.32685698032518895,-0.026032332783621152,0.0,0.0,0
2025-10-10 12:10:38.500,SG_001,strain_gauge,SPAN_1,-0.013090417946901634,0.41202800004867646,-0.01137747919100871,-0.04244268334003649,-1.2568699081068888,0.4217534494549511,0.0,0.0,0
2025-10-10 12:10:41.500,SG_001,strain_gauge,SPAN_1,0.07296527866314156,0.45011212169367476,0.07467464135044587,-0.6586237607348384,0.26419085667928627,0.46183598135698567,0.0,0.0,0
2025-10-10 12:10:44.500,SG_001,strain_gauge,SPAN_1,0.17901215649663546,-0.46019324676865797,0.17717332073747175,-0.6104512838433259,0.38133703153236187,-0.4453108228583417,0.0,0.0,0
2025-10-10 12:10:47.500,SG_001,strain_gauge,SPAN_1,0.09326525907180185,-1.4660771055611377,0.08829344401876753,-1.2989205885446817,-1.104495622799224,-1.3240789492279312,0.0,0.0,0
2025-10-10 12:10:50.500,SG_001,strain_gauge,SPAN_1,-0.10813981041714409,-1.46957496530801,-0.11283327030138168,-1.446372447983198,-0.657169306362888,-1.326908322946981,0.0,0.0,0
2025-10-10 12:10:53.500,SG_001,strain_gauge,SPAN_1,-0.025062764485606494,-0.6420815466348042,-0.0272055337044987,-1.0790841407483924,0.14748849024415714,-0.6138263392799854,0.0,0.0,0
2025-10-10 12:10:56.500,SG_001,strain_gauge,SPAN_1,0.06404019730320563,0.736391271319057,0.06691021989705684,1.7222928161941988,-0.1991107906621471,0.7690930674355388,0.0,0.0,0
2025-10-10 12:10:59.500,SG_001,strain_gauge,SPAN_1,-0.17651665777405554,1.3012655903938708,-0.1707970656267437,1.7222928161941988,-1.4844619904732297,1.4061978694984743,0.0,0.0,0
2025-10-10 12:11:02.500,SG_001,strain_gauge,SPAN_1,-0.36531762155800174,0.25019687572288735,-0.36361340541194487,-0.3291270951961109,-0.6775029011933937,0.2535055228517865,0.0,0.0,0
2025-10-10 12:11:05.500,SG_001,strain_gauge,SPAN_1,-0.3927101659793755,-0.6087474006976775,-0.39415198682198765,-0.9735484442888301,0.006314937733713968,-0.5832605963203848,0.0,0.0,0
2025-10-10 12:11:08.500,SG_001,strain_gauge,SPAN_1,-0.37749101952990605,-0.20685998418816712,-0.3775086233536265,-0.25478935105303324,-0.11772593443268602,-0.2035314051997459,0.0,0.0,0
2025-10-10 12:11:11.500,SG_001,strain_gauge,SPAN_1,-0.5712134515167641,-0.1728741546303953,-0.570775574104528,-0.24656110101108666,-0.43597453898145166,-0.17046927468678452,0.0,0.0,0
2025-10-10 12:11:14.500,SG_001,strain_gauge,SPAN_1,-0.598103622597675,-0.5653433005069562,-0.5990590266551548,-0.9318788851138126,-0.06729688202224214,-0.5432475783167089,0.0,0.0,0
2025-10-10 12:11:17.500,SG_001,strain_gauge,SPAN_1,-0.7232461315589609,-0.34860658982652,-0.7232059036336436,-0.12324265445407354,-0.5653292005195267,-0.33982781943509355,0.0,0.0,0
2025-10-10 12:11:20.500,SG_001,strain_gauge,SPAN_1,-0.7849365308311061,0.05315090552866405,-0.7832593002087042,0.6314575458584124,-0.6484569106778953,0.05318204371801819,0.0,0.0,0
2025-10-10 12:11:23.500,SG_001,strain_gauge,SPAN_1,-0.8713258987556528,0.10143584823345597,-0.8693044489086165,1.3506742981936313,-0.6168428064331083,0.10180941559357792,0.0,0.0,0
2025-10-10 12:11:26.500,SG_001,strain_gauge,SPAN_1,-0.8694702531904327,1.330309557878459,-0.862209093149452,0.7481378115063831,0.5981834223676872,1.4400620699646207,0.0,0.0,0
2025-10-10 12:11:29.500,SG_001,strain_gauge,SPAN_1,-0.8052380426948805,1.926803378242557,-0.7953024220049485,1.010700436408247,0.4189054981109231,2.1594841137806187,0.0,0.0,0
2025-10-10 12:11:32.500,SG_001,strain_gauge,SPAN_1,-0.7112240673186639,0.6124606077437991,-0.7074183030953021,-0.2905489148035251,0.41182878186682115,0.6347905513153709,0.0,0.0,0
2025-10-10 12:11:35.500,SG_001,strain_gauge,SPAN_1,-0.7336038050757908,0.7681248964896122,-0.7290984610582769,1.2892167400385637,-1.0657146013384928,0.8037993372530758,0.0,0.0,0
2025-10-10 12:11:38.500,SG_001,strain_gauge,SPAN_1,-0.6558269010159374,-0.26061881294960704,-0.6555735999042446,0.2525880264351219,0.8082539062604143,-0.25552657892602476,0.0,0.0,0
2025-10-10 12:11:41.500,SG_001,strain_gauge,SPAN_1,-0.5880521663330603,-0.16725458656161837,-0.5875643629914237,0.5147810809943676,-0.5792961146345889,-0.16498816545511177,0.0,0.0,0
2025-10-10 12:11:44.500,SG_001,strain_gauge,SPAN_1,-0.7533375070894797,0.057058222466249975,-0.7517010292624803,0.33475471473271845,0.47513788092492004,0.057105949196196666,0.0,0.0,0
2025-10-10 12:11:47.500,SG_001,strain_gauge,SPAN_1,-0.6022531016899283,-0.5942368965988756,-0.6033047027753737,-0.9159802059644832,0.6814047214131662,-0.5699106620513,0.0,0.0,0
2025-10-10 12:11:50.500,SG_001,strain_gauge,SPAN_1,-0.544718242413296,-1.1480895240382165,-0.5477513611325496,-0.16921872538922228,-0.706808942995533,-1.0603060659836163,0.0,0.0,0
2025-10-10 12:11:53.500,SG_001,strain_gauge,SPAN_1,-0.46449706518131884,-0.4768356841709822,-0.46535423289512523,-0.23122627933548043,1.0828850675441335,-0.4609060638964524,0.0,0.0,0
2025-10-10 12:11:56.500,SG_001,strain_gauge,SPAN_1,-0.22779332755115758,-1.073341966748547,-0.23106317827628564,-0.5321332246309112,0.079030182981539,-0.996419590824448,0.0,0.0,0
2025-10-10 12:11:59.500,SG_001,strain_gauge,SPAN_1,-0.1330244775915037,-0.4415991907647765,-0.13429632923197052,-0.2507274309171166,-0.4223895865573997,-0.42784474225265023,0.0,0.0,0
2025-10-10 12:12:02.500,SG_001,strain_gauge,SPAN_1,-0.24141732039212108,-0.8023426460649091,-0.24376647524832826,-0.294229638669534,-0.16177955694255178,-0.7587877822168315,0.0,0.0,0
2025-10-10 12:12:05.500,SG_001,strain_gauge,SPAN_1,-0.0634640721535207,-0.7866555005919855,-0.06603744190259567,-0.2738019901128165,0.27387744589049867,-0.7447437065829721,0.0,0.0,0
2025-10-10 12:12:08.500,SG_001,strain_gauge,SPAN_1,0.11320289543128767,0.8647495566965087,0.1165071349179903,1.0653443068672475,0.5022374431969792,0.9102707926629378,0.0,0.0,0
2025-10-10 12:12:11.500,SG_001,strain_gauge,SPAN_1,0.27810488848252596,2.112445241547558,0.28656372665900504,1.113713306645124,-0.2956806989792683,2.3926967096753344,0.0,0.0,0
2025-10-10 12:12:14.500,SG_001,strain_gauge,SPAN_1,0.21581644566273026,1.2002919205471159,0.22033083145597793,1.3679307515055255,-0.49495552231776785,1.289308314447591,0.0,0.0,0
2025-10-10 12:12:17.500,SG_001,strain_gauge,SPAN_1,0.17501924877147404,1.1349040707277969,0.17933457124958446,1.9906672868651718,-0.2726106601210328,1.2143114678225606,0.0,0.0,0
2025-10-10 12:12:20.500,SG_001,strain_gauge,SPAN_1,0.10731197778445853,0.23166537267016155,0.10811495393667479,0.130673410598799,0.36551883444138994,0.23445360047470698,0.0,0.0,0
2025-10-10 12:12:23.500,SG_001,strain_gauge,SPAN_1,0.22936102709736678,0.0837399422295485,0.22939719103144468,0.14705970796788406,-0.34088294356128734,0.08395329455829018,0.0,0.0,0
2025-10-10 12:12:26.500,SG_001,strain_gauge,SPAN_1,0.23771896548363092,-0.03855369513329518,0.2372893747143462,-0.2196582581029648,-0.13044239022691076,-0.03834951563480687,0.0,0.0,0
2025-10-10 12:12:29.500,SG_001,strain_gauge,SPAN_1,0.32284166069118003,-0.5239013110987413,0.32055531468592496,-0.5529541425358842,-0.005691217074404358,-0.5048178501736748,0.0,0.0,0
2025-10-10 12:12:32.500,SG_001,strain_gauge,SPAN_1,0.3358677486711771,-1.372532874534511,0.33083082604145486,-0.57020858366805,-0.1470594819857183,-1.2478299889555462,0.0,0.0,0
2025-10-10 12:12:35.500,SG_001,strain_gauge,SPAN_1,0.40583475691589466,-1.2271463220100938,0.4011398363253482,-0.3826991445888599,0.32046352356365787,-1.1270957504395627,0.0,0.0,0
2025-10-10 12:12:38.500,SG_001,strain_gauge,SPAN_1,0.3408250570547204,0.32178838195093207,0.34156746784306363,-0.7228055866604997,-0.3901108945463078,0.3275213572509563,0.0,0.0,0
2025-10-10 12:12:41.500,SG_001,strain_gauge,SPAN_1,0.3316740668861906,-0.042344078157245654,0.3310741427576508,0.17158817880184352,-0.5503197697179141,-0.04210953052014159,0.0,0.0,0
2025-10-10 12:12:44.500,SG_001,strain_gauge,SPAN_1,0.13705667791055112,-0.02363189375683825,0.1368505443183728,0.7069847117938239,0.2193162944156055,-0.02352935726696488,0.0,0.0,0
2025-10-10 12:12:47.500,SG_001,strain_gauge,SPAN_1,0.28595731684860104,1.2521981986998105,0.29055745727744886,0.7328711803658662,0.44678721305228175,1.3492329177924547,0.0,0.0,0
2025-10-10 12:12:50.500,SG_001,strain_gauge,SPAN_1,0.16387711614535677,0.8813553301211826,0.16715528832392507,0.6573894002620071,-1.539355169767808,0.9286894211164669,0.0,0.0,0
2025-10-10 12:12:53.500,SG_001,strain_gauge,SPAN_1,-0.030450544539806702,-0.09333871922071227,-0.030632473893769042,0.2095088235757693,0.15009229769137453,-0.09251642028042636,0.0,0.0,0
2025-10-10 12:12:56.500,SG_001,strain_gauge,SPAN_1,-0.1717868958823122,-0.577515964013265,-0.17347375102139853,-0.48924897962925235,-0.887413453666068,-0.5544935977993475,0.0,0.0,0
2025-10-10 12:12:59.500,SG_001,strain_gauge,SPAN_1,-0.21517859018381244,-0.39384669301811215,-0.21614661008681885,-0.33349553737663157,0.20657258620657362,-0.38278585906830487,0.0,0.0,0
2025-10-10 12:13:02.500,SG_001,strain_gauge,SPAN_1,-0.36540070963690635,-0.32975273844039926,-0.36588976038897175,-0.11410154554406655,-1.2147219921896146,-0.32184751330171224,0.0,0.0,0
2025-10-10 12:13:05.500,SG_001,strain_gauge,SPAN_1,-0.5849419108417548,-0.08072517415442768,-0.5841318574436817,-0.02427113540482595,-1.0294441354111523,-0.08007930679945438,0.0,0.0,0
2025-10-10 12:13:08.500,SG_001,strain_gauge,SPAN_1,-0.7202757961800675,-0.6400533658491823,-0.7212983452503454,-0.061648938804361314,-0.12225484746935508,-0.6119706714892987,0.0,0.0,0
2025-10-10 12:13:11.500,SG_001,strain_gauge,SPAN_1,-0.6504671002629666,0.538883518148821,-0.6470811246416619,0.6121068606050244,0.7454983792270673,0.5559878088532818,0.0,0.0,0
2025-10-10 12:13:14.500,SG_001,strain_gauge,SPAN_1,-0.6862331395856945,1.0672466081777396,-0.6805256949468589,0.9587001229553612,-1.5787391431792723,1.1372888275284547,0.0,0.0,0
2025-10-10 12:13:17.500,SG_001,strain_gauge,SPAN_1,-0.7676798231951302,0.8804332545607834,-0.7626260861160926,1.4900684957156782,1.0999399228072702,0.9276657548656511,0.0,0.0,0
2025-10-10 12:13:20.500,SG_001,strain_gauge,SPAN_1,-0.7523218897329793,0.6873157580095614,-0.7481234377323536,1.4900684957156782,-1.242703680329298,0.7156747686697471,0.0,0.0,0
2025-10-10 12:13:23.500,SG_001,strain_gauge,SPAN_1,-0.8581012202934526,-0.5909523086200195,-0.8587222286698735,-0.5415155715322616,0.6939106658484209,-0.5668850309876936,0.0,0.0,0
2025-10-10 12:13:26.500,SG_001,strain_gauge,SPAN_1,-0.6481526525829726,0.44536493190271415,-0.645154814347424,-0.13172667489648182,0.306033375366842,0.45682953909268315,0.0,0.0,0
2025-10-10 12:13:29.500,SG_001,strain_gauge,SPAN_1,-0.5342212773003223,-0.08999397920020868,-0.5335339452029014,-0.07629425356124862,0.6346734300542716,-0.08922045313084992,0.0,0.0,0
2025-10-10 12:13:32.500,SG_001,strain_gauge,SPAN_1,-0.45582569193360534,-1.8427662490564565,-0.46113748092752793,-1.5101167366066763,0.24806876298083533,-1.6197614782233476,0.0,0.0,0
2025-10-10 12:13:35.500,SG_001,strain_gauge,SPAN_1,-0.1560338883130645,-0.4198515416344714,-0.1571911930607149,-0.5631476214414736,0.8210572502634579,-0.40736010414729,0.0,0.0,0
2025-10-10 12:13:38.500,SG_001,strain_gauge,SPAN_1,-0.043160211468423415,-0.010351396751244048,-0.043012746187338725,0.1778324196360575,0.23166018377155995,-0.010315300535848799,0.0,0.0,0
2025-10-10 12:13:41.500,SG_001,strain_gauge,SPAN_1,0.08889062361998822,0.8802265769123216,0.09230407636205624,0.43677312103495847,-0.27303581621679834,0.9274363212424928,0.0,0.0,0
2025-10-10 12:13:44.500,SG_001,strain_gauge,SPAN_1,0.2001634252926272,1.2819712621102648,0.20505734852236487,1.5165411793139414,0.8391616125915035,1.3837612101488461,0.0,0.0,0
2025-10-10 12:13:47.500,SG_001,strain_gauge,SPAN_1,0.49722583361902156,0.4126165354812663,0.49804402820573584,0.778573594858567,0.2956019623733829,0.4223714520641063,0.0,0.0,0
2025-10-10 12:13:50.500,SG_001,strain_gauge,SPAN_1,0.5772010455869558,-0.7089601333229519,0.5738999311396976,0.0651986474127879,0.24728904064075607,-0.6747207901701996,0.0,0.0,0
2025-10-10 12:13:53.500,SG_001,strain_gauge,SPAN_1,0.8571091708212543,0.10951565966328196,0.8561904069586531,-0.04736089773621705,0.7196542862389317,0.1099757377148603,0.0,0.0,0
2025-10-10 12:13:56.500,SG_001,strain_gauge,SPAN_1,1.103244119495467,0.5841540156653279,1.1036679873109638,-0.2778940929445912,0.534370208787382,0.6043913539597621,0.0,0.0,0
2025-10-10 12:13:59.500,SG_001,strain_gauge,SPAN_1,1.3000259974832373,0.4079001731487624,1.299458727153976,-0.09601741563908356,1.205319109065342,0.4174201964991972,0.0,0.0,0
2025-10-10 12:14:02.500,SG_001,strain_gauge,SPAN_1,1.5421746334268311,-0.6770513396949864,1.5375284305618857,-0.4829553286040388,0.4595848333573061,-0.6457386880632191,0.0,0.0,0
2025-10-10 12:14:05.500,SG_001,strain_gauge,SPAN_1,1.6832061956949105,-1.4035310792191018,1.6761972781040448,-1.4973304523391147,0.8103527809947788,-1.2732213295978645,0.0,0.0,0
2025-10-10 12:14:08.500,SG_001,strain_gauge,SPAN_1,1.980640048277713,0.2523847491501989,1.9784035156329531,0.1782234532290635,0.9504346550768905,0.25575774573244453,0.0,0.0,0
2025-10-10 12:14:11.500,SG_001,strain_gauge,SPAN_1,2.1452294415383966,0.8068516840606943,2.1447139892469704,0.1782234532290635,-0.02484316523452011,0.8463288697045613,0.0,0.0,0
2025-10-10 12:14:14.500,SG_001,strain_gauge,SPAN_1,2.123016688452946,0.45213919297059946,2.1212531737515317,0.2683796129080432,-0.34464340831871365,0.4639746353502513,0.0,0.0,0
2025-10-10 12:14:17.500,SG_001,strain_gauge,SPAN_1,2.291050642937267,-0.07427582206583734,2.28722176469604,-0.5160261730923912,1.2605588823971228,-0.07371227937267932,0.0,0.0,0
2025-10-10 12:14:20.500,SG_001,strain_gauge,SPAN_1,2.5013232476637466,-0.5909393088381376,2.4955453032861503,-0.8319106663746755,0.7155668397768018,-0.5668730533591078,0.0,0.0,0
2025-10-10 12:14:23.500,SG_001,strain_gauge,SPAN_1,2.651015164964943,-0.687472134323908,2.644732320896852,-0.6751629837629358,-0.06133337292326652,-0.6552180439934607,0.0,0.0,0
2025-10-10 12:14:26.500,SG_001,strain_gauge,SPAN_1,2.8962506832670583,-0.908506797618416,2.8889794104314053,-1.0092892276952388,1.2742398831287192,-0.8530025955698565,0.0,0.0,0
2025-10-10 12:14:29.500,SG_001,strain_gauge,SPAN_1,3.1045597058263477,-0.4690813692020345,3.0982850690258243,-0.28478893855618936,-0.3925920618842985,-0.453644096221229,0.0,0.0,0
2025-10-10 12:14:32.500,SG_001,strain_gauge,SPAN_1,3.0647178152878043,0.43451575640976964,3.061393760112827,-0.2723773668683209,-0.36376912468107014,0.44539872364675814,0.0,0.0,0
2025-10-10 12:14:35.500,SG_001,strain_gauge,SPAN_1,3.0776469878312116,0.5296243807481618,3.0746266958111894,-0.4016652799394723,0.9251303909351025,0.5461202554160902,0.0,0.0,0
2025-10-10 12:14:38.500,SG_001,strain_gauge,SPAN_1,3.3737031593324933,-0.31357732981002556,3.3675128553146143,-0.2329091323112115,0.5623696813611001,-0.30638520914653433,0.0,0.0,0
2025-10-10 12:14:41.500,SG_001,strain_gauge,SPAN_1,3.2629067464267414,-0.6018989274826966,3.256012938558139,-0.687636485871197,-0.9771076163891503,-0.5769632388740085,0.0,0.0,0
2025-10-10 12:14:44.500,SG_001,strain_gauge,SPAN_1,3.284330980128865,-0.3962261554088709,3.2780187491931723,-0.7379081133657602,0.7264287143777438,-0.3850380258222102,0.0,0.0,0
2025-10-10 12:14:47.500,SG_001,strain_gauge,SPAN_1,3.3437746639378974,0.42857335714390266,3.339996887019761,1.0248060398480907,-0.7717261502883553,0.4391441437112222,0.0,0.0,0
2025-10-10 12:14:50.500,SG_001,strain_gauge,SPAN_1,3.443839509922548,0.6182778501770594,3.440546104440939,1.16369093232447,1.001697647381247,0.6410505737186587,0.0,0.0,0
2025-10-10 12:14:53.500,SG_001,strain_gauge,SPAN_1,3.662847251313777,-0.2534829235541136,3.6564238579854926,-0.5963179570384012,0.22239091905660271,-0.24864613399789157,0.0,0.0,0
2025-10-10 12:14:56.500,SG_001,strain_gauge,SPAN_1,3.5399511656883234,-0.3420192388116126,3.5334367702639513,-0.49529267321765524,-0.8719555210626153,-0.33355085924413974,0.0,0.0,0
2025-10-10 12:14:59.500,SG_001,strain_gauge,SPAN_1,3.3386363694289347,-0.4099888442407688,3.3322051159225827,0.2330305338212199,-0.503599370597598,-0.39805019412385106,0.0,0.0,0
2025-10-10 12:15:02.500,SG_001,strain_gauge,SPAN_1,3.62010255696015,0.9528036957710098,3.6176863956387777,0.9483072146815791,0.9723095610588315,1.008341335672675,0.0,0.0,0
2025-10-10 12:15:05.500,SG_001,strain_gauge,SPAN_1,3.544828153825134,-0.4053000679185571,3.5381175808500047,0.05807217755742334,-1.4263098087936132,-0.39361983960679037,0.0,0.0,0
2025-10-10 12:15:08.500,SG_001,strain_gauge,SPAN_1,3.51803572144859,-0.6137976694207096,3.5107504398745144,0.7405983976565699,0.7929562990206693,-0.5879006015843751,0.0,0.0,0
2025-10-10 12:15:11.500,SG_001,strain_gauge,SPAN_1,3.6333002682388518,-0.005736813278070746,3.627681452236937,0.8084019235096698,-0.9011249541202145,-0.005718506621458715,0.0,0.0,0
2025-10-10 12:15:14.500,SG_001,strain_gauge,SPAN_1,3.5661308537284877,-0.06736810732085333,3.5604182950377745,0.19375189130920178,-0.04035015412406925,-0.06688682229777113,0.0,0.0,0
2025-10-10 12:15:17.500,SG_001,strain_gauge,SPAN_1,3.6696450530043956,-1.8143483231619717,3.658984271960149,-1.0302825223298835,0.1721619706201922,-1.5980895908509,0.0,0.0,0
2025-10-10 12:15:20.500,SG_001,strain_gauge,SPAN_1,3.684951430428667,-0.41395439404106055,3.678016929702997,-0.4640777291612786,-0.09599735972429509,-0.40179498153760584,0.0,0.0,0
2025-10-10 12:15:23.500,SG_001,strain_gauge,SPAN_1,3.8755707920748743,0.2762988601738739,3.8704857877455594,0.021335588763232063,0.12969531551127392,0.2804152514403002,0.0,0.0,0
2025-10-10 12:15:26.500,SG_001,strain_gauge,SPAN_1,3.9133835282007117,-0.6894552172767645,3.905336713953171,-0.7327607340565744,-0.22232273529169966,-0.6570203929588723,0.0,0.0,0
2025-10-10 12:15:29.500,SG_001,strain_gauge,SPAN_1,4.0288400173645895,0.09062830921964672,4.022941927956143,-0.23294624584834223,0.5101344676729824,0.09089925247402621,0.0,0.0,0
2025-10-10 12:15:32.500,SG_001,strain_gauge,SPAN_1,4.113715888630962,0.33462054704263994,4.108461677157912,0.20148872234747625,-0.1150225222760012,0.3408575466372382,0.0,0.0,0
2025-10-10 12:15:35.500,SG_001,strain_gauge,SPAN_1,4.144845711707138,0.2738964281692131,4.139352021192882,0.20148872234747625,0.06212670995545915,0.2779348226473262,0.0,0.0,0
2025-10-10 12:15:38.500,SG_001,strain_gauge,SPAN_1,4.31299502400652,1.4564216853477279,4.311243597831143,0.26838229581434125,0.4813307852226256,1.5883591948330995,0.0,0.0,0
2025-10-10 12:15:41.500,SG_001,strain_gauge,SPAN_1,4.491173404998433,1.636109260497741,4.489778845124517,0.26838229581434125,0.42318040235029014,1.8031808187017104,0.0,0.0,0
2025-10-10 12:15:44.500,SG_001,strain_gauge,SPAN_1,4.631053174338126,-0.0050064829513598265,4.623994036405695,-0.5612371685814231,0.021596738742547125,-0.004990741402067284,0.0,0.0,0
2025-10-10 12:15:47.500,SG_001,strain_gauge,SPAN_1,4.813561076297925,-0.3338919077756802,4.8052861478818745,-0.08275871628746698,0.7716760794458596,-0.32579881123672183,0.0,0.0,0
2025-10-10 12:15:50.500,SG_001,strain_gauge,SPAN_1,5.110286812365988,-0.20569817561242326,5.101968551248881,0.283217873342896,1.7277738009908261,-0.2024036193112438,0.0,0.0,0
2025-10-10 12:15:53.500,SG_001,strain_gauge,SPAN_1,5.457750969280678,-0.0984968463981464,5.449259549383608,0.11295326164831059,-0.16431003753915874,-0.09759651878234275,0.0,0.0,0
2025-10-10 12:15:56.500,SG_001,strain_gauge,SPAN_1,5.460421868301071,0.6652630929080162,5.454218000963024,1.1610833709778616,0.42860451775908537,0.6917712275062536,0.0,0.0,0
2025-10-10 12:15:59.500,SG_001,strain_gauge,SPAN_1,5.7429023010758256,0.8956854029574475,5.737009302820783,1.573909764694584,1.0062261010190212,0.9446123440041644,0.0,0.0,0
2025-10-10 12:16:02.500,SG_001,strain_gauge,SPAN_1,6.031011923163638,0.2186832707919635,6.022639269098013,-0.4872414949914069,0.5576736937971235,0.22113316291593157,0.0,0.0,0
2025-10-10 12:16:05.500,SG_001,strain_gauge,SPAN_1,6.220756348867146,-0.044896526113154527,6.211371324046838,0.430231077601614,1.042049679707369,-0.04464049014571061,0.0,0.0,0
2025-10-10 12:16:08.500,SG_001,strain_gauge,SPAN_1,6.428529795903154,-0.727169141135467,6.417057803519448,0.430231077601614,0.28830032976663683,-0.6912011251768736,0.0,0.0,0
2025-10-10 12:16:11.500,SG_001,strain_gauge,SPAN_1,6.4438074061677835,0.00839979343905506,6.434267986415684,-0.607626183511011,-0.4468268849948658,0.008380604277828519,0.0,0.0,0
2025-10-10 12:16:14.500,SG_001,strain_gauge,SPAN_1,6.62794326261275,0.02733988265037939,6.618206871443411,-0.6677293211363944,0.8921087587984133,0.027310638448243503,0.0,0.0,0
2025-10-10 12:16:17.500,SG_001,strain_gauge,SPAN_1,6.837012592142471,-0.9965195304351288,6.824363287206401,-1.0858265078520268,0.533090168329619,-0.9300128912740647,0.0,0.0,0
2025-10-10 12:16:20.500,SG_001,strain_gauge,SPAN_1,7.05452706742702,0.5211864546992103,7.045605397391085,-0.5582797115383802,0.2204174408247602,0.5371374526093583,0.0,0.0,0
2025-10-10 12:16:23.500,SG_001,strain_gauge,SPAN_1,7.2958291332814005,-0.0513358309009883,7.284984468208707,-0.15410367845457495,-0.2002940967443267,-0.05102187057884455,0.0,0.0,0
2025-10-10 12:16:26.500,SG_001,strain_gauge,SPAN_1,7.262475029526683,0.5347987496004178,7.253303603722981,0.7800100676058892,0.4155499868073152,0.551633275346363,0.0,0.0,0
2025-10-10 12:16:29.500,SG_001,strain_gauge,SPAN_1,7.537532180705559,-0.18016543426185225,7.52602977335664,-0.16552302196305282,-0.10642360660150496,-0.17757486886180976,0.0,0.0,0
2025-10-10 12:16:32.500,SG_001,strain_gauge,SPAN_1,7.497730913562926,-2.223040587285044,7.481665852943005,-1.5913385947361567,-0.8414010767193466,-1.899795565937708,0.0,0.0,0
2025-10-10 12:16:35.500,SG_001,strain_gauge,SPAN_1,7.547216320855745,-0.28416508720105427,7.535432234656082,0.027643548622033227,1.319344570296014,-0.2781836265487318,0.0,0.0,0
2025-10-10 12:16:38.500,SG_001,strain_gauge,SPAN_1,7.819100158362835,-0.2229641444722166,7.8071215796495155,-0.6519558442809834,-0.3800361908505394,-0.2191461332139379,0.0,0.0,0
2025-10-10 12:16:41.500,SG_001,strain_gauge,SPAN_1,7.773584394841256,-0.7980469771428899,7.760243922873091,0.2955675146103781,-0.03094427217958271,-0.7549451797476905,0.0,0.0,0
2025-10-10 12:16:44.500,SG_001,strain_gauge,SPAN_1,7.926712168563462,-0.1892759714943906,7.91468089408552,-0.10092847561847351,-0.2878085256801061,-0.18644380574983052,0.0,0.0,0
2025-10-10 12:16:47.500,SG_001,strain_gauge,SPAN_1,7.8378805103913205,-0.7458253655782259,7.824584407894322,-1.316262224131551,-0.038606129273429504,-0.7080421076856254,0.0,0.0,0
2025-10-10 12:16:50.500,SG_001,strain_gauge,SPAN_1,7.841410791790107,-0.9802321387747429,7.827560682145785,-0.5216265164149662,-0.22977383253904554,-0.9158365083771604,0.0,0.0,0
2025-10-10 12:16:53.500,SG_001,strain_gauge,SPAN_1,8.05185028971406,-1.7007801122637518,8.036182754386685,-0.8322905211914374,0.9926393631211707,-1.5104467183113044,0.0,0.0,0
2025-10-10 12:16:56.500,SG_001,strain_gauge,SPAN_1,8.035635334497965,-0.4797745572271572,8.022735504230488,0.20782060478744846,-0.8953542664926285,-0.46365632248427957,0.0,0.0,0
2025-10-10 12:16:59.500,SG_001,strain_gauge,SPAN_1,7.839199621429578,0.06395309238361761,7.827944095746077,0.20782060478744846,0.25637847311518674,0.06403486837966509,0.0,0.0,0
2025-10-10 12:17:02.500,SG_001,strain_gauge,SPAN_1,7.996065694776653,-0.9585504946224647,7.982076478641841,-0.9435819459633609,-0.39699750328766986,-0.8969122208397631,0.0,0.0,0
2025-10-10 12:17:05.500,SG_001,strain_gauge,SPAN_1,8.103714861206045,1.215406250818171,8.095365820438529,0.3417915308026187,-0.4198200849343444,1.3067217940854472,0.0,0.0,0
2025-10-10 12:17:08.500,SG_001,strain_gauge,SPAN_1,8.141178623269408,1.6498108631297208,8.134117533475548,1.0258615399010262,0.7222013161047154,1.8197314273375826,0.0,0.0,0
2025-10-10 12:17:11.500,SG_001,strain_gauge,SPAN_1,8.181734838764989,0.360035920393264,8.170821023295128,0.9658545397513376,-0.9796571129481855,0.3673335379148531,0.0,0.0,0
2025-10-10 12:17:14.500,SG_001,strain_gauge,SPAN_1,8.035319087542646,-0.028776810569834506,8.023561939017224,-0.5404395025310451,-0.2722454634591601,-0.0286424546605882,0.0,0.0,0
2025-10-10 12:17:17.500,SG_001,strain_gauge,SPAN_1,8.169468494156344,-0.047263051480114,8.157488588423506,0.2151997149859249,0.48136661469959785,-0.04698634577783999,0.0,0.0,0
2025-10-10 12:17:20.500,SG_001,strain_gauge,SPAN_1,8.293585999328187,-0.26676098388666974,8.280887206167211,0.10609172878992036,0.36841279895412254,-0.26144364675469806,0.0,0.0,0
2025-10-10 12:17:23.500,SG_001,strain_gauge,SPAN_1,8.355164410576664,-1.4369519038835308,8.339690622710258,-1.548882720440159,-0.03587327316312343,-1.300459006694088,0.0,0.0,0
2025-10-10 12:17:26.500,SG_001,strain_gauge,SPAN_1,8.466246603628491,-0.24349164534932208,8.453385909930281,0.0718777426428838,0.1839417629895214,-0.23900153942095478,0.0,0.0,0
2025-10-10 12:17:29.500,SG_001,strain_gauge,SPAN_1,8.637281130140067,0.20969119306378453,8.62536116639391,0.4311414771388975,0.7773239633261029,0.21191940977493273,0.0,0.0,0
2025-10-10 12:17:32.500,SG_001,strain_gauge,SPAN_1,8.661777507051829,-1.1633243870635677,8.646527296376695,-1.685855371452287,-0.29101465719249725,-1.0732393238284788,0.0,0.0,0
2025-10-10 12:17:35.500,SG_001,strain_gauge,SPAN_1,8.801002031962781,0.5391166504763764,8.789746876058588,0.021505059011084647,0.7355710674223218,0.5562364021953288,0.0,0.0,0
2025-10-10 12:17:38.500,SG_001,strain_gauge,SPAN_1,9.048981711264942,-0.2242233452134365,9.035430184988865,-0.5064546812970044,0.04168035512221425,-0.2203656624145303,0.0,0.0,0
2025-10-10 12:17:41.500,SG_001,strain_gauge,SPAN_1,9.006591252215518,-0.1665310484441606,8.993235357073235,0.322845517249245,0.22791016639941938,-0.16428216000994614,0.0,0.0,0
2025-10-10 12:17:44.500,SG_001,strain_gauge,SPAN_1,9.364961632752417,-0.015145117809345413,9.351526493543558,-0.8556680252233396,1.1025060619698734,-0.015087648728826867,0.0,0.0,0
2025-10-10 12:17:47.500,SG_001,strain_gauge,SPAN_1,9.638192401256834,-0.6707885984894936,9.622861598089619,-0.7788282473813978,0.03631075787654054,-0.6400350358508525,0.0,0.0,0
2025-10-10 12:17:50.500,SG_001,strain_gauge,SPAN_1,9.666030776161662,-1.5679597494680237,9.648769813959559,-0.7788282473813978,0.4995766775603646,-1.4058475984307062,0.0,0.0,0
2025-10-10 12:17:53.500,SG_001,strain_gauge,SPAN_1,9.764283854687955,-1.6306622321357576,9.746787956242855,-1.419086396625437,0.6755641312142785,-1.455509250658539,0.0,0.0,0
2025-10-10 12:17:56.500,SG_001,strain_gauge,SPAN_1,10.090784837362433,-1.8383832579069492,10.07252523925617,-1.4238970711941545,0.8902439714345682,-1.6164257077267166,0.0,0.0,1
2025-10-10 12:17:59.500,SG_001,strain_gauge,SPAN_1,10.290609524850344,0.08126465803429343,10.276240986799964,0.5228391900618886,0.30175920689296565,0.08145880207948662,0.0,0.0,1
2025-10-10 12:18:02.500,SG_001,strain_gauge,SPAN_1,10.534022629277853,1.9939264216383217,10.524543369008487,0.5834708602280747,1.4700955290231676,2.24329719138504,0.0,0.0,1
2025-10-10 12:18:05.500,SG_001,strain_gauge,SPAN_1,10.780167946994936,-0.05949473037040994,10.764850863533832,-0.5780091337309181,-0.45300955160651546,-0.05909973790022483,0.0,0.0,1
2025-10-10 12:18:08.500,SG_001,strain_gauge,SPAN_1,10.78038880701801,-0.2658526055503298,10.764591271392398,0.00041070823919130324,0.09678103968274229,-0.26056886431518844,0.0,0.0,1
2025-10-10 12:18:11.500,SG_001,strain_gauge,SPAN_1,11.00531619780635,0.37629691030171014,10.990770068200568,0.2676277284178957,0.5835844202304651,0.38431658784622136,0.0,0.0,1
2025-10-10 12:18:14.500,SG_001,strain_gauge,SPAN_1,11.080092878031042,0.13765885886428686,11.064872017743182,0.9661286433448341,0.31830212694358406,0.1384856519475127,0.0,0.0,1
2025-10-10 12:18:17.500,SG_001,strain_gauge,SPAN_1,11.241751567846485,-0.16927626385008807,11.225612671921555,0.3021857972977093,0.9591536496208735,-0.16696049778098085,0.0,0.0,1
2025-10-10 12:18:20.500,SG_001,strain_gauge,SPAN_1,11.516292459311597,-1.1257388684719434,11.497786040150624,-0.6644081067143843,0.7768288161732603,-1.0412781524974757,0.0,0.0,1
2025-10-10 12:18:23.500,SG_001,strain_gauge,SPAN_1,11.839287796654146,-0.019225296312485155,11.82276402805058,0.1024355982316554,0.17039016607637358,-0.01914731341972914,0.0,0.0,1
2025-10-10 12:18:26.500,SG_001,strain_gauge,SPAN_1,11.884786244995405,-0.2524705956057768,11.867681887153156,0.057912321057141496,0.8261189423735874,-0.2476695154388789,0.0,0.0,1
2025-10-10 12:18:29.500,SG_001,strain_gauge,SPAN_1,12.053579196303598,-1.05435851085695,12.034598365448925,-0.4967023169019871,-0.22165056683764758,-0.9800803726970108,0.0,0.0,1
2025-10-10 12:18:32.500,SG_001,strain_gauge,SPAN_1,12.242604581702746,-0.2912264587562857,12.224986844896838,-0.6643875377660969,1.0073149745686467,-0.28496446245298573,0.0,0.0,1
2025-10-10 12:18:35.500,SG_001,strain_gauge,SPAN_1,12.1948396240624,0.9597325807163978,12.180238847032195,0.07309645282897212,-0.49668742218926915,1.0161006121559029,0.0,0.0,1
2025-10-10 12:18:38.500,SG_001,strain_gauge,SPAN_1,12.318096914735737,0.9610030369432079,12.303340777912425,0.5125267689770645,0.7949471435002295,1.0175239942142489,0.0,0.0,1
2025-10-10 12:18:41.500,SG_001,strain_gauge,SPAN_1,12.468237790347773,0.5612742083718422,12.452301993620416,0.02372248106678759,-0.1628710547628798,0.579895239592819,0.0,0.0,1
2025-10-10 12:18:44.500,SG_001,strain_gauge,SPAN_1,12.475470991512566,0.35307868990405344,12.459030522345603,0.02372248106678759,0.1223921992522099,0.36007773621260153,0.0,0.0,1
2025-10-10 12:18:47.500,SG_001,strain_gauge,SPAN_1,12.542703375680004,-0.8401361446215098,12.523586636307554,-0.6116174537810742,0.22309021992414696,-0.7924931550204658,0.0,0.0,1
2025-10-10 12:18:50.500,SG_001,strain_gauge,SPAN_1,12.527797625731834,0.2543842892220754,12.511062390244765,-0.26872414279187834,-0.7004924834271862,0.2578166330503101,0.0,0.0,1
2025-10-10 12:18:53.500,SG_001,strain_gauge,SPAN_1,12.346922066067899,-0.5248731137803455,12.328680232271962,-0.38959577880466206,-0.530543623317589,-0.5057215387222724,0.0,0.0,1
2025-10-10 12:18:56.500,SG_001,strain_gauge,SPAN_1,12.300641572355834,0.49123612173629705,12.28474657587384,-0.10793689759670383,0.7372596298572521,0.5053268283239614,0.0,0.0,1
2025-10-10 12:18:59.500,SG_001,strain_gauge,SPAN_1,12.637834454608385,-1.200854273157167,12.617907282601386,-0.67253485346804,0.6889800418170867,-1.1049723751892693,0.0,0.0,1
2025-10-10 12:19:02.500,SG_001,strain_gauge,SPAN_1,12.637404552438383,0.5723251152927751,12.621284019349849,0.8696562515126219,-0.44598701049158784,0.5917184357541124,0.0,0.0,1
2025-10-10 12:19:05.500,SG_001,strain_gauge,SPAN_1,12.630430680622753,0.9495471087153773,12.615245412154025,0.17431356445005874,-0.45740219529627363,1.004696590741711,0.0,0.0,1
2025-10-10 12:19:08.500,SG_001,strain_gauge,SPAN_1,12.540329289774181,-0.2307062205307586,12.522488584458364,-0.6191698350113229,0.18291600527139976,-0.22664107338289766,0.0,0.0,1
2025-10-10 12:19:11.500,SG_001,strain_gauge,SPAN_1,12.652852056844313,-0.46046241009122024,12.634386525952051,0.06099811045144966,0.43094955878198477,-0.445563332213865,0.0,0.0,1
2025-10-10 12:19:14.500,SG_001,strain_gauge,SPAN_1,12.743710865849156,0.6800908572975913,12.7277173765862,0.3418268557355423,-0.6349275200645743,0.7078366122397496,0.0,0.0,1
2025-10-10 12:19:17.500,SG_001,strain_gauge,SPAN_1,12.733918609099371,-0.7089892649648721,12.71484538439981,-1.2839108456822481,0.3841197293918145,-0.6747471901672686,0.0,0.0,1
2025-10-10 12:19:20.500,SG_001,strain_gauge,SPAN_1,12.667452356743206,0.09874405837671724,12.650190329602285,-0.20481820906390802,-0.5081683652782046,0.09909066439471671,0.0,0.0,1
2025-10-10 12:19:23.500,SG_001,strain_gauge,SPAN_1,12.775611955094755,0.02495032780006814,12.758053238751485,0.7084960823419708,0.5693313745477999,0.02491981558674558,0.0,0.0,1
2025-10-10 12:19:26.500,SG_001,strain_gauge,SPAN_1,12.913964848937225,0.026729281985057404,12.896243500608284,-0.07030757173168767,-0.6109481041360145,0.02669964409953012,0.0,0.0,1
2025-10-10 12:19:29.500,SG_001,strain_gauge,SPAN_1,13.01053289307929,1.0018217901026214,12.994993705286582,0.9683529962418096,1.4747737830627379,1.0633663259216526,0.0,0.0,1
2025-10-10 12:19:32.500,SG_001,strain_gauge,SPAN_1,13.221985641833728,0.7167940260074263,13.205482538393028,0.9370220164880239,0.4054259371253771,0.7477245720149065,0.0,0.0,1
2025-10-10 12:19:35.500,SG_001,strain_gauge,SPAN_1,13.2850818726339,-0.07374435599274959,13.266695654874713,-0.49288923632525633,0.3597924200180813,-0.07318735939551956,0.0,0.0,1
2025-10-10 12:19:38.500,SG_001,strain_gauge,SPAN_1,13.382363772558879,0.6110313118817288,13.365410039622786,-0.156560997048466,0.026059281367190025,0.6332531287765517,0.0,0.0,1
2025-10-10 12:19:41.500,SG_001,strain_gauge,SPAN_1,13.624907399987713,0.41305033358367355,13.607196651545973,0.9904684164357931,0.3275837820950697,0.42282699829808423,0.0,0.0,1
2025-10-10 12:19:44.500,SG_001,strain_gauge,SPAN_1,13.828985729121504,0.08665791291751236,13.810300666607475,0.9904684164357931,0.3635731359028296,0.08689491816890844,0.0,0.0,1
2025-10-10 12:19:47.500,SG_001,strain_gauge,SPAN_1,13.976515963602878,0.28058692269966,13.958081201279942,0.44726552041730944,0.08278029853656621,0.28484436928751616,0.0,0.0,1
2025-10-10 12:19:50.500,SG_001,strain_gauge,SPAN_1,14.045675496649972,-1.2060378138434684,14.024163516236953,0.018036508318179507,0.07772615681084502,-1.1093410697264197,0.0,0.0,1
2025-10-10 12:19:53.500,SG_001,strain_gauge,SPAN_1,14.29837016033485,-0.6669816891383049,14.277585478701432,0.3297794885776959,0.6816701242726059,-0.6365655191408098,0.0,0.0,1
2025-10-10 12:19:56.500,SG_001,strain_gauge,SPAN_1,14.481357634953762,0.6212054343504236,14.46307946515068,1.505417402649351,0.11417191432371729,0.6442026332797819,0.0,0.0,1
2025-10-10 12:19:59.500,SG_001,strain_gauge,SPAN_1,14.511982337512771,0.40837010276897423,14.493187732047879,-0.6495872851704722,0.04327184984464972,0.4179134024557945,0.0,0.0,1
2025-10-10 12:20:02.500,SG_001,strain_gauge,SPAN_1,14.855571349403512,-0.05717846560505596,14.83536954401677,-0.3046424451650242,1.823048672325025,-0.05680734569524871,0.0,0.0,1
2025-10-10 12:20:05.500,SG_001,strain_gauge,SPAN_1,15.2827468919474,-0.7639479836581893,15.260665855727458,-0.613000939128992,0.27889209385744257,-0.7243586530078395,0.0,0.0,1
2025-10-10 12:20:08.500,SG_001,strain_gauge,SPAN_1,15.449446978539894,-1.0470336945125829,15.426665427535774,-1.184953411891067,1.297376474219119,-0.9737634826554831,0.0,0.0,1
2025-10-10 12:20:11.500,SG_001,strain_gauge,SPAN_1,15.675762761743176,-0.8752044696848436,15.653038820748723,-0.5695063329444201,0.35047243960523283,-0.8236042523979137,0.0,0.0,1
2025-10-10 12:20:14.500,SG_001,strain_gauge,SPAN_1,15.82996198454077,-0.2893742097685483,15.808167885424249,0.29176024699729847,0.02744873148855561,-0.28318641885242063,0.0,0.0,1
2025-10-10 12:20:17.500,SG_001,strain_gauge,SPAN_1,16.03553792333022,-0.8992829866772106,16.012371846913357,-0.4789870866130462,0.3320577927220438,-0.8448743239155402,0.0,0.0,1
2025-10-10 12:20:20.500,SG_001,strain_gauge,SPAN_1,16.07155715732934,0.4760961172796281,16.05105063974964,-0.424680144470029,-0.31231080906015246,0.48929022531251276,0.0,0.0,1
2025-10-10 12:20:23.500,SG_001,strain_gauge,SPAN_1,15.975396695653169,0.7475668287410439,15.955596405460753,-0.1399596200244516,-0.49999518267534554,0.7813007584613495,0.0,0.0,1
2025-10-10 12:20:26.500,SG_001,strain_gauge,SPAN_1,16.18128630241574,1.5489479644943502,16.16308875301953,0.37915502536855694,0.6876693004225375,1.6984597398252683,0.0,0.0,1
2025-10-10 12:20:29.500,SG_001,strain_gauge,SPAN_1,16.24436143808571,0.548566973700306,16.223805816472378,0.13056900082868578,-0.37121440125966476,0.566319327295232,0.0,0.0,1
2025-10-10 12:20:32.500,SG_001,strain_gauge,SPAN_1,16.408285194268544,0.5196217425916948,16.38747374008168,-0.2889800853454812,0.22325708232794902,0.5354727035020198,0.0,0.0,1
2025-10-10 12:20:35.500,SG_001,strain_gauge,SPAN_1,16.52254777696394,0.02139785784669031,16.50057457904096,-0.757142092195163,0.2834244808708973,0.021366814424944307,0.0,0.0,1
2025-10-10 12:20:38.500,SG_001,strain_gauge,SPAN_1,16.81852436296284,-0.08456886316637018,16.79600282038115,-0.37503989425771794,0.7650571996495754,-0.08387139436063754,0.0,0.0,1
2025-10-10 12:20:41.500,SG_001,strain_gauge,SPAN_1,16.95263872905744,-0.03754299471489508,16.930056135100912,-0.30521479850869976,-0.8991191482673287,-0.03734660160722045,0.0,0.0,1
2025-10-10 12:20:44.500,SG_001,strain_gauge,SPAN_1,16.8512560202147,0.010893894497797053,16.82888466197494,-0.4924593005909156,-0.061546998255108516,0.010870750402348384,0.0,0.0,1
2025-10-10 12:20:47.500,SG_001,strain_gauge,SPAN_1,16.962200574107484,-1.3651488688226108,16.93723056840046,-1.1296900136526378,0.15669837734973363,-1.2417634025574955,0.0,0.0,1
2025-10-10 12:20:50.500,SG_001,strain_gauge,SPAN_1,17.037922271313107,0.5588331785037394,17.01645250607048,0.5665160102992305,-1.274461870974978,0.5772857314679356,0.0,0.0,1
2025-10-10 12:20:53.500,SG_001,strain_gauge,SPAN_1,16.79091305357259,1.3239268775172128,16.7714293816513,-0.11241444463336091,0.44125474738524506,1.4326108217996485,0.0,0.0,1
2025-10-10 12:20:56.500,SG_001,strain_gauge,SPAN_1,16.977832115745922,-0.18310017018545213,16.954938563678034,-0.8998503497224233,0.39675594310932766,-0.18043294164200419,0.0,0.0,1
2025-10-10 12:20:59.500,SG_001,strain_gauge,SPAN_1,17.25937391112733,-1.4200580506353242,17.233996734229667,-0.8662932284674674,0.5279599542691475,-1.2867085732885897,0.0,0.0,1
2025-10-10 12:21:02.500,SG_001,strain_gauge,SPAN_1,17.044708196111984,-0.8020691542648368,17.020600792356667,0.01834929047748323,-1.1402973976162643,-0.7585432062952111,0.0,0.0,1
2025-10-10 12:21:05.500,SG_001,strain_gauge,SPAN_1,16.904675664862893,-0.6635119658031436,16.880969867398868,-0.6165289609115033,0.7007898429945556,-0.6334016854924214,0.0,0.0,1
2025-10-10 12:21:08.500,SG_001,strain_gauge,SPAN_1,17.055350363234567,0.06099501898159099,17.03284423512668,0.10033510617545881,0.2242258551897111,0.061061440062591746,0.0,0.0,1
2025-10-10 12:21:11.500,SG_001,strain_gauge,SPAN_1,16.981582740781185,-0.10035188121729116,16.958844692357072,0.10033510617545881,-0.5971298982898138,-0.0994226574574537,0.0,0.0,1
2025-10-10 12:21:14.500,SG_001,strain_gauge,SPAN_1,17.09235755397326,0.29426673489569294,17.070276782568726,-0.40881343662075215,0.7293805667868459,0.2989899425000009,0.0,0.0,1
2025-10-10 12:21:17.500,SG_001,strain_gauge,SPAN_1,17.219986296206187,1.1109191087288839,17.19949722596927,0.31284185396426806,0.37318181639584297,1.1869393116272862,0.0,0.0,1
2025-10-10 12:21:20.500,SG_001,strain_gauge,SPAN_1,17.285506782083186,-0.4797975892923251,17.26171112369514,-0.2973400213715893,-0.2969376919159966,-0.4636778719948638,0.0,0.0,1
2025-10-10 12:21:23.500,SG_001,strain_gauge,SPAN_1,17.285479263103724,-1.0960373422792091,17.2606037481879,-0.7179678594532708,0.1509023015698121,-1.0158930188908557,0.0,0.0,1
2025-10-10 12:21:26.500,SG_001,strain_gauge,SPAN_1,17.273004737976066,-0.5767447475203719,17.24904675597239,-0.20733075081244337,0.7379117471861624,-0.5537816541357576,0.0,0.0,1
2025-10-10 12:21:29.500,SG_001,strain_gauge,SPAN_1,17.279223956516784,-0.8973414634280545,17.254693075413424,-0.3194617016802725,0.05412598375612623,-0.8431620107321512,0.0,0.0,1
2025-10-10 12:21:32.500,SG_001,strain_gauge,SPAN_1,17.484802677892304,-0.1999218112672676,17.461304089242265,-0.09751157087181737,0.7477707043150292,-0.1967938409122687,0.0,0.0,1
2025-10-10 12:21:35.500,SG_001,strain_gauge,SPAN_1,17.733352557176794,0.36105262041853414,17.71066589296084,0.3674828179414429,0.4411052378956535,0.36839438984594786,0.0,0.0,1
2025-10-10 12:21:38.500,SG_001,strain_gauge,SPAN_1,17.834248334113724,-0.23234415137624212,17.81029601940682,0.05038185022831969,-0.2712990423533578,-0.22822573419105785,0.0,0.0,1
2025-10-10 12:21:41.500,SG_001,strain_gauge,SPAN_1,18.03984892667472,0.14762375983117657,18.016388073587734,0.4856894336977243,1.4609632403294002,0.1486047551633504,0.0,0.0,1
2025-10-10 12:21:44.500,SG_001,strain_gauge,SPAN_1,18.202790028670638,0.4831213697430134,18.179807653008474,0.951176359392291,0.6156048658228452,0.4967278602570099,0.0,0.0,1
2025-10-10 12:21:47.500,SG_001,strain_gauge,SPAN_1,18.65454580340812,0.08365795955358145,18.63026489835571,0.3125807177512133,1.433553131681238,0.08387066310951015,0.0,0.0,1
2025-10-10 12:21:50.500,SG_001,strain_gauge,SPAN_1,18.759119701751263,0.14259108009974258,18.734832817724353,-0.5912714102909331,-1.0423322997220088,0.14349260495703872,0.0,0.0,1
2025-10-10 12:21:53.500,SG_001,strain_gauge,SPAN_1,18.79028861971903,1.041205384768158,18.767776921472137,-0.04836050390792892,1.071971934209159,1.1077994666368183,0.0,0.0,1
2025-10-10 12:21:56.500,SG_001,strain_gauge,SPAN_1,19.0202717362748,0.06587989146028606,18.995545208859177,0.3083506688205963,0.16969531737799076,0.06597227286782885,0.0,0.0,1
2025-10-10 12:21:59.500,SG_001,strain_gauge,SPAN_1,19.138322410066177,1.0182310931388785,19.115353060171206,0.3083506688205963,1.361666199600014,1.0818553588883988,0.0,0.0,1
2025-10-10 12:22:02.500,SG_001,strain_gauge,SPAN_1,19.407887264543554,0.5053146239538946,19.38356486650854,-0.005198130953326554,-0.36662527787731286,0.5202654501514923,0.0,0.0,1
2025-10-10 12:22:05.500,SG_001,strain_gauge,SPAN_1,19.7205312223842,-0.6987304720167298,19.693679593694714,-0.890568388231742,1.0450859269651525,-0.6654436229487865,0.0,0.0,1
2025-10-10 12:22:08.500,SG_001,strain_gauge,SPAN_1,20.104776826472687,-0.12082768604994512,20.078500168410727,-0.31558423135236896,0.7118255388621813,-0.119550180712404,0.0,0.0,1
2025-10-10 12:22:11.500,SG_001,strain_gauge,SPAN_1,20.039696476072663,0.2644865137249053,20.01419647511579,0.38512337400508,-1.1229085545123234,0.268226537399011,0.0,0.0,1
2025-10-10 12:22:14.500,SG_001,strain_gauge,SPAN_1,20.168514595325924,0.5006435182615722,20.143317451121042,0.38512337400508,1.3866984292957132,0.5153061469530589,0.0,0.0,1
2025-10-10 12:22:17.500,SG_001,strain_gauge,SPAN_1,20.324932976247016,-0.0016884975550135015,20.298625881136804,-0.031442767516221826,0.23092428493393888,-0.0016835480902100439,0.0,0.0,1
2025-10-10 12:22:20.500,SG_001,strain_gauge,SPAN_1,20.60164412254946,1.6383438460271678,20.5782687427329,0.8967737269246276,1.0024025604305256,1.805878403282637,0.0,0.0,1
2025-10-10 12:22:23.500,SG_001,strain_gauge,SPAN_1,20.81988496492648,0.058801575493970165,20.793138133090448,0.11942174873397286,-0.5605671455770492,0.058857335481186955,0.0,0.0,1
2025-10-10 12:22:26.500,SG_001,strain_gauge,SPAN_1,20.768352258871314,-0.23761819871473638,20.741141226765464,0.07248229086214894,-0.31249372860666813,-0.23332591680769477,0.0,0.0,1
2025-10-10 12:22:29.500,SG_001,strain_gauge,SPAN_1,20.805389954779393,0.38533296211867935,20.779256083073292,0.6282168186253604,-0.43751993744963186,0.3937685416422619,0.0,0.0,1
2025-10-10 12:22:32.500,SG_001,strain_gauge,SPAN_1,21.086544038251184,0.20272579918092737,21.059760626175873,0.12990520509533238,1.6636421451917747,0.20478943195142457,0.0,0.0,1
2025-10-10 12:22:35.500,SG_001,strain_gauge,SPAN_1,21.343170619977908,-0.6403821235492974,21.314665546375778,-0.22524988198006315,-0.49681189746974763,-0.6122715015523184,0.0,0.0,1
2025-10-10 12:22:38.500,SG_001,strain_gauge,SPAN_1,21.392667116304068,0.07061444603092908,21.365308570138197,-0.8044830917096831,0.06003502802585545,0.07073491003645734,0.0,0.0,1
2025-10-10 12:22:41.500,SG_001,strain_gauge,SPAN_1,21.386954939238652,-0.7506482448626687,21.358227016538457,-0.9322381709822967,0.28388963497336456,-0.7123884601695505,0.0,0.0,1
2025-10-10 12:22:44.500,SG_001,strain_gauge,SPAN_1,21.51270136970246,0.359458685000844,21.485728888110067,0.2096917083551059,-0.368085927553659,0.36673129411894606,0.0,0.0,1
2025-10-10 12:22:47.500,SG_001,strain_gauge,SPAN_1,21.493086342181165,1.0825189232223662,21.467516072518613,0.2096917083551059,-0.07045352209225567,1.1546238296995404,0.0,0.0,1
2025-10-10 12:22:50.500,SG_001,strain_gauge,SPAN_1,21.462626806613013,0.6592167781284789,21.43626855081883,1.03999151307308,-1.3168802637457224,0.6852283435638815,0.0,0.0,1
2025-10-10 12:22:53.500,SG_001,strain_gauge,SPAN_1,21.349095096852004,-0.17531338570079683,21.321356308811954,-0.6101832167889985,-0.29485414946803246,-0.17284714548384575,0.0,0.0,1
2025-10-10 12:22:56.500,SG_001,strain_gauge,SPAN_1,21.442223106267807,0.4393006449370133,21.415476014500545,1.0755187818532228,0.24840299809701324,0.45043827583602447,0.0,0.0,1
2025-10-10 12:22:59.500,SG_001,strain_gauge,SPAN_1,21.232831731498962,0.6438015424112628,21.206703684486705,1.0755187818532228,-0.922036340630347,0.6685683113437979,0.0,0.0,1
2025-10-10 12:23:02.500,SG_001,strain_gauge,SPAN_1,21.239197397278684,1.5117803086043888,21.214799645341756,1.1114739741879816,0.5434926501023378,1.6541005607789283,0.0,0.0,1
2025-10-10 12:23:05.500,SG_001,strain_gauge,SPAN_1,21.463666083328018,1.3968350470689888,21.438766739380807,1.1114739741879816,-0.9067356509331179,1.518036132559839,0.0,0.0,1
2025-10-10 12:23:08.500,SG_001,strain_gauge,SPAN_1,21.592320956548544,0.8864070787714169,21.566251715522736,1.2791236465436309,1.006705926794741,0.9342996873403229,0.0,0.0,1
2025-10-10 12:23:11.500,SG_001,strain_gauge,SPAN_1,21.64798471112063,1.2240357875754178,21.62251948433463,1.24334239596723,-0.1323025532984437,1.3166771736600789,0.0,0.0,1
2025-10-10 12:23:14.500,SG_001,strain_gauge,SPAN_1,21.65482327784462,1.434159649647089,21.629778288321734,1.0817424537391431,0.18148711108873408,1.5620326524155,0.0,0.0,1
2025-10-10 12:23:17.500,SG_001,strain_gauge,SPAN_1,21.72486401429231,0.4310715448318692,21.69778606010951,0.4729044908833244,0.130690423202199,0.4417730204421956,0.0,0.0,1
2025-10-10 12:23:20.500,SG_001,strain_gauge,SPAN_1,8.4125778924459,109.09416379025537,10.572562528793586,33.10856279727856,-56.935819555796655,872.1383905011663,0.0,0.0,1
2025-10-10 12:23:23.500,SG_001,strain_gauge,SPAN_1,-0.833283494526789,-1.5881050820385563,-0.8372895866646782,-1.2205332209195594,0.5653067299743688,-1.4218581031095328,0.0,0.0,0
2025-10-10 12:23:26.500,SG_001,strain_gauge,SPAN_1,-0.7272271859986315,0.4184973168370911,-0.7241928946434895,0.2406086262368309,-0.3446155546853043,0.4285491163667346,0.0,0.0,0
2025-10-10 12:23:29.500,SG_001,strain_gauge,SPAN_1,-0.8730723182278088,0.0461803758604846,-0.8712657324685489,0.45190851334236887,-0.7597297458883132,0.04618678391417908,0.0,0.0,0
2025-10-10 12:23:32.500,SG_001,strain_gauge,SPAN_1,-0.8537195885409438,0.485030750157894,-0.8501757454705114,0.8043639259549178,0.4214179748771614,0.49875041553203986,0.0,0.0,0
2025-10-10 12:23:35.500,SG_001,strain_gauge,SPAN_1,-0.821208965408198,1.2318936836111933,-0.8144947758587577,1.1138344845796049,0.6595468253114596,1.3257506671838846,0.0,0.0,0
2025-10-10 12:23:38.500,SG_001,strain_gauge,SPAN_1,-0.7270546154993675,-0.3812716733615489,-0.7271286722391068,-0.45826677769427315,-0.23906945511377048,-0.37087151184438205,0.0,0.0,0
2025-10-10 12:23:41.500,SG_001,strain_gauge,SPAN_1,-0.7505837176924803,-0.3185272461194472,-0.7503856279010265,-0.6322159140387871,0.6029437063819638,-0.3111204687474357,0.0,0.0,0
2025-10-10 12:23:44.500,SG_001,strain_gauge,SPAN_1,-0.6750104240933699,0.5222825338820484,-0.6716471064624799,-0.6322159140387871,-0.30042161551216423,0.5383037946624857,0.0,0.0,0
2025-10-10 12:23:47.500,SG_001,strain_gauge,SPAN_1,-0.693928430034807,-0.6701314555721152,-0.6951004210520134,-0.6854501408134557,-0.5829055498860584,-0.6394362658972069,0.0,0.0,0
2025-10-10 12:23:50.500,SG_001,strain_gauge,SPAN_1,-0.6120701302424733,0.3915344162815001,-0.6093574164593389,-0.09529012445666732,0.5301635901322012,0.4002614906682688,0.0,0.0,0
2025-10-10 12:23:53.500,SG_001,strain_gauge,SPAN_1,-0.42407014698815415,1.2729100520904537,-0.41797979022346926,1.246518062722549,0.7075610020072303,1.3732407443840322,0.0,0.0,0
2025-10-10 12:23:56.500,SG_001,strain_gauge,SPAN_1,-0.4003002109383929,0.7865750181977923,-0.3963548729326943,0.8697371858526349,-0.8530187109779586,0.824037158572826,0.0,0.0,0
2025-10-10 12:23:59.500,SG_001,strain_gauge,SPAN_1,-0.5113947766130903,-0.07338824632329324,-0.510683772528146,-0.45653675028279833,0.21516299997128246,-0.0728356156751488,0.0,0.0,0
2025-10-10 12:24:02.500,SG_001,strain_gauge,SPAN_1,-0.19619967127935772,-0.33317483390836033,-0.1969808375742346,-0.8086456208317807,1.163880223817423,-0.32511444179042864,0.0,0.0,0
2025-10-10 12:24:05.500,SG_001,strain_gauge,SPAN_1,0.03393669996616339,-1.6726232927208144,0.028436125947217453,-1.1618886900184588,0.8921045320862114,-1.4884615861453483,0.0,0.0,0
2025-10-10 12:24:08.500,SG_001,strain_gauge,SPAN_1,0.07505595685043907,0.4922944744547959,0.07692772356696136,0.40889683029153573,-1.038801929564804,0.5064489567852504,0.0,0.0,0
2025-10-10 12:24:11.500,SG_001,strain_gauge,SPAN_1,0.02087085316895468,-0.05925355820044978,0.02072850992666748,0.9684913894917038,0.6126241743151145,-0.058861083467539314,0.0,0.0,0
2025-10-10 12:24:14.500,SG_001,strain_gauge,SPAN_1,0.23749085244195378,-0.6800105290409019,0.2348087330051999,0.16598157536456876,0.40350474188106306,-0.6484319536043168,0.0,0.0,0
2025-10-10 12:24:17.500,SG_001,strain_gauge,SPAN_1,0.23511471574365433,-0.36984691438345035,0.23350146095448115,0.3326937955444295,-0.4845256463105758,-0.3600294059794208,0.0,0.0,0
2025-10-10 12:24:20.500,SG_001,strain_gauge,SPAN_1,0.32833844848068766,-0.29182787168651203,0.32684938713714595,-0.5127966246355833,0.08573228306833264,-0.2855416867398494,0.0,0.0,0
2025-10-10 12:24:23.500,SG_001,strain_gauge,SPAN_1,0.34895181358753435,-0.09757551364349623,0.34812281440383225,1.014895607556986,0.23877641438080296,-0.09668937369565075,0.0,0.0,0
2025-10-10 12:24:26.500,SG_001,strain_gauge,SPAN_1,0.3924118037050003,-0.22290671062946005,0.39106280294889184,0.34136807875850206,-0.5364602070625026,-0.21909050399346228,0.0,0.0,0
2025-10-10 12:24:29.500,SG_001,strain_gauge,SPAN_1,0.21571336014400055,0.8639186621854967,0.21882363437135102,0.4887182113331969,-0.27528593742917024,0.9093501185081924,0.0,0.0,0
2025-10-10 12:24:32.500,SG_001,strain_gauge,SPAN_1,0.06268784277120011,1.5830622299187234,0.06917503791266356,1.105121522799725,0.1504431875324444,1.739330700378067,0.0,0.0,0
2025-10-10 12:24:35.500,SG_001,strain_gauge,SPAN_1,0.27379828917800875,0.71740446680122,0.2762079074800002,0.12991079448345283,0.8467970815222514,0.748389442647567,0.0,0.0,0
2025-10-10 12:24:38.500,SG_001,strain_gauge,SPAN_1,0.27600253110578915,-0.005594154993641756,0.27562985819132396,0.9863870452292138,0.31357240810707443,-0.005576354766666542,0.0,0.0,0
2025-10-10 12:24:41.500,SG_001,strain_gauge,SPAN_1,0.25044137683347106,0.3228491820578059,0.2513446660943559,0.6433696498237146,-0.8699879798644536,0.32862302276484084,0.0,0.0,0
2025-10-10 12:24:44.500,SG_001,strain_gauge,SPAN_1,0.22662663908252473,-0.485669762688965,0.2246237667313592,0.2975937795923164,1.050072533417815,-0.4691698382082748,0.0,0.0,0
2025-10-10 12:24:47.500,SG_001,strain_gauge,SPAN_1,0.14399050468324975,0.8335596702620981,0.14710941250694484,1.0726192308711286,-1.5607439893005692,0.8757715157680924,0.0,0.0,0
2025-10-10 12:24:50.500,SG_001,strain_gauge,SPAN_1,-0.07851364609676838,0.16635660985756448,-0.07763795247712707,0.7997372540431649,-0.3015784413090686,0.167661967916728,0.0,0.0,0
2025-10-10 12:24:53.500,SG_001,strain_gauge,SPAN_1,0.018807357572139333,-0.9499482680961766,0.015566100819169914,-0.5345722100317643,0.11916570873260209,-0.8893872711419127,0.0,0.0,0
2025-10-10 12:24:56.500,SG_001,strain_gauge,SPAN_1,-0.11302854561135149,-0.08503745884063219,-0.11304070739165492,-0.37945998238448125,-0.04865034294373976,-0.08433356954026612,0.0,0.0,0
2025-10-10 12:24:59.500,SG_001,strain_gauge,SPAN_1,-0.16592470703498105,1.1572063981217529,-0.16085355561971754,0.15751767671940234,0.7750213360934853,1.239829576665869,0.0,0.0,0
2025-10-10 12:25:02.500,SG_001,strain_gauge,SPAN_1,-0.13715846508583598,1.3547286068266389,-0.13128220035174223,-0.1284465983710528,-1.4960083948734768,1.4686175195493352,0.0,0.0,0
2025-10-10 12:25:05.500,SG_001,strain_gauge,SPAN_1,-0.4831428468625467,0.6644851135455111,-0.4795504625724131,-0.2026993838146735,-0.5192860947569177,0.6909290917027324,0.0,0.0,0
2025-10-10 12:25:08.500,SG_001,strain_gauge,SPAN_1,-0.5083196531150879,0.104421759960323,-0.5069314107461045,0.9233081173677592,-0.6529680392805207,0.10482632198345639,0.0,0.0,0
2025-10-10 12:25:11.500,SG_001,strain_gauge,SPAN_1,-0.6975861526950347,-0.1699525036333267,-0.6969206607408039,-0.36900737944555906,-0.3728647681315327,-0.16762011493168635,0.0,0.0,0
2025-10-10 12:25:14.500,SG_001,strain_gauge,SPAN_1,-0.7890243681175456,1.356231333551411,-0.78181212024707,1.976207092642877,-0.7395348652795856,1.4703772951464786,0.0,0.0,0
2025-10-10 12:25:17.500,SG_001,strain_gauge,SPAN_1,-0.9512641521971266,0.8704463416745214,-0.9458922229828217,0.22599304702474987,0.10252761311112162,0.9165855106079983,0.0,0.0,0
2025-10-10 12:25:20.500,SG_001,strain_gauge,SPAN_1,-1.0174790187053802,7.392090780995841e-05,-1.01559638551743,0.22599304702474987,0.6968421956143545,7.371221486065905e-05,0.0,0.0,0
2025-10-10 12:25:23.500,SG_001,strain_gauge,SPAN_1,-0.8604409797690598,0.5462811060511227,-0.8566294659409199,0.4269407166020349,0.8484374216194042,0.5638793939297331,0.0,0.0,0
2025-10-10 12:25:26.500,SG_001,strain_gauge,SPAN_1,-0.7009871279390745,-1.0277378250710978,-0.7033811330242314,-1.359357300853171,0.1048233784516252,-0.9570898618095453,0.0,0.0,0
2025-10-10 12:25:29.500,SG_001,strain_gauge,SPAN_1,-0.8776878140932987,-1.1245908167140057,-0.8801327713663458,-0.8961515162389039,-1.037615058595708,-1.0402990445991087,0.0,0.0,0
2025-10-10 12:25:32.500,SG_001,strain_gauge,SPAN_1,-0.9422516244554101,-0.07414498379442432,-0.9407927916342328,-0.3458840807854389,0.918735627492875,-0.07358305600522484,0.0,0.0,0
2025-10-10 12:25:35.500,SG_001,strain_gauge,SPAN_1,-0.6688698763130505,-0.3290170562727037,-0.6688487486406284,0.26645261545914944,-0.0010107872538183532,-0.3211449927465758,0.0,0.0,0
2025-10-10 12:25:38.500,SG_001,strain_gauge,SPAN_1,-0.7586579857407567,-0.34031948810856216,-0.7585272709567449,0.3584376229316031,-0.4037357007330833,-0.3319302960019475,0.0,0.0,0
2025-10-10 12:25:41.500,SG_001,strain_gauge,SPAN_1,-1.0908637360706743,1.031896829781405,-1.0844977495550372,1.0393990379321592,-0.8954566106255595,1.0972794643298072,0.0,0.0,0
2025-10-10 12:25:44.500,SG_001,strain_gauge,SPAN_1,-0.7689355219592346,1.757727776550451,-0.7598930735268333,1.8944506654334246,1.0919133636023313,1.9509295591085265,0.0,0.0,0
2025-10-10 12:25:47.500,SG_001,strain_gauge,SPAN_1,-0.47678410361400325,0.7884130463228809,-0.47268550856195396,0.38543861549514796,0.6363256345216916,0.8260556717035344,0.0,0.0,0
2025-10-10 12:25:50.500,SG_001,strain_gauge,SPAN_1,-0.4597737094341691,1.1647537666429635,-0.454089279482631,1.714038184240317,0.07727674348403145,1.2484796529058764,0.0,0.0,0
2025-10-10 12:25:53.500,SG_001,strain_gauge,SPAN_1,-0.3729789898338411,1.0737075006760912,-0.367863091128925,2.496095980078524,0.06938755545610174,1.144618680251533,0.0,0.0,0
2025-10-10 12:25:56.500,SG_001,strain_gauge,SPAN_1,-0.31863066372589294,0.7197779058099253,-0.3151178243339539,0.9494400718661163,1.2067150489535763,0.7509749631360304,0.0,0.0,0
2025-10-10 12:25:59.500,SG_001,strain_gauge,SPAN_1,-0.16338523873133085,-0.5103787964087052,-0.16485068326685284,-0.39656351003736634,0.024215833627185795,-0.49223056404743953,0.0,0.0,0
2025-10-10 12:26:02.500,SG_001,strain_gauge,SPAN_1,-0.12877656636145704,-0.13286356368964847,-0.12893914894748634,0.2278225655447967,0.011185466572129276,-0.13135623704453542,0.0,0.0,0
2025-10-10 12:26:05.500,SG_001,strain_gauge,SPAN_1,-0.0721230344182144,-0.1575834955726758,-0.07247145172111906,-0.7316381613461839,0.6390852981935433,-0.1555458728501831,0.0,0.0,0
2025-10-10 12:26:08.500,SG_001,strain_gauge,SPAN_1,0.016524899304149625,-0.12612904379613515,0.01614372330642665,-0.5161200748128427,-0.47324227625938975,-0.12475260059124131,0.0,0.0,0
2025-10-10 12:26:11.500,SG_001,strain_gauge,SPAN_1,-0.061011707941107704,-0.37430298520936217,-0.062161584263852133,-0.932292499834831,0.25394390991567023,-0.3642602126406923,0.0,0.0,0
2025-10-10 12:26:14.500,SG_001,strain_gauge,SPAN_1,0.18655167228941177,-1.3272692237610975,0.18186722096875294,-0.2719062932374119,0.7111611341281607,-1.2105320934863524,0.0,0.0,0
2025-10-10 12:26:17.500,SG_001,strain_gauge,SPAN_1,0.18226409666712798,-1.646049740221396,0.1766335548107295,-0.8496162829160488,-0.3790671949560884,-1.4676194025989027,0.0,0.0,0
2025-10-10 12:26:20.500,SG_001,strain_gauge,SPAN_1,0.20492116943637986,-0.8680091362461052,0.20166517968905456,-0.99055337513525,0.26028399398095736,-0.8172337279921442,0.0,0.0,0
2025-10-10 12:26:23.500,SG_001,strain_gauge,SPAN_1,0.28496464476170497,-0.06570638354800958,0.2843571993165288,-0.6681735657043163,0.28396698974617085,-0.0652439731352603,0.0,0.0,0
2025-10-10 12:26:26.500,SG_001,strain_gauge,SPAN_1,0.4845132218114098,-0.3601996520377605,0.482534583737971,-0.8187302184567612,0.8330431309137741,-0.35086110727351816,0.0,0.0,0
2025-10-10 12:26:29.500,SG_001,strain_gauge,SPAN_1,0.48777883884977713,-0.0056489538431352794,0.48705341787036077,0.4851861651912384,-0.46769966624059905,-0.005630959391840421,0.0,0.0,0
2025-10-10 12:26:32.500,SG_001,strain_gauge,SPAN_1,0.3506014327035476,0.19507364879037511,0.35084767917562565,0.6010966603070629,-0.9208953319735316,0.1969636446892199,0.0,0.0,0
2025-10-10 12:26:35.500,SG_001,strain_gauge,SPAN_1,0.1917293656203587,-0.17463714307548583,0.19088123844562288,0.6010966603070629,0.4032475548677343,-0.17218799060125664,0.0,0.0,0
2025-10-10 12:26:38.500,SG_001,strain_gauge,SPAN_1,0.3264266082505551,-0.3090537112273096,0.32487993697093437,0.7667777501661983,0.5572959260906984,-0.3020550119090582,0.0,0.0,0
2025-10-10 12:26:41.500,SG_001,strain_gauge,SPAN_1,0.1659007112874965,-0.42347793611614115,0.1642107918121298,-0.031428905833676496,-0.5861013334081413,-0.41078010793145503,0.0,0.0,0
2025-10-10 12:26:44.500,SG_001,strain_gauge,SPAN_1,0.04778476918100132,-0.5937253928992328,0.045692903795820534,-0.10718859031495163,0.37600719592720916,-0.5694395762806344,0.0,0.0,0
2025-10-10 12:26:47.500,SG_001,strain_gauge,SPAN_1,0.16654466307904578,-0.08430551395235353,0.16606633683357844,0.19036628713603798,-0.9270555789497191,-0.08361164108005893,0.0,0.0,0
2025-10-10 12:26:50.500,SG_001,strain_gauge,SPAN_1,0.059679852481629096,-0.33390211459535674,0.05847730623309282,-0.587989321585779,0.17610418763885904,-0.325808552065997,0.0,0.0,0
2025-10-10 12:26:53.500,SG_001,strain_gauge,SPAN_1,-0.13875222887670682,0.6631989753784848,-0.135806440414402,-0.0359733019522706,-1.3458498352560897,0.6895370618076115,0.0,0.0,0
2025-10-10 12:26:56.500,SG_001,strain_gauge,SPAN_1,-0.34864579403761864,1.0733669424582675,-0.34357906302608493,0.2963234234599791,0.3376250575518998,1.1442321848382777,0.0,0.0,0
2025-10-10 12:26:59.500,SG_001,strain_gauge,SPAN_1,-0.1846639782965632,0.5353817427912608,-0.18215163679205096,-0.017356615147044032,-0.09560954100050582,0.5522546394438578,0.0,0.0,0
2025-10-10 12:27:02.500,SG_001,strain_gauge,SPAN_1,-0.13338922357605035,-0.07926596714523146,-0.13334555726799116,0.06699530033067859,-0.14800913342932065,-0.07863919330740043,0.0,0.0,0
2025-10-10 12:27:05.500,SG_001,strain_gauge,SPAN_1,-0.33937335859373385,-0.2613179371391032,-0.33965566050683893,-0.48000837961067333,-1.2485459190308108,-0.2562003251349039,0.0,0.0,0
2025-10-10 12:27:08.500,SG_001,strain_gauge,SPAN_1,-0.44142893097591346,0.9595880680518643,-0.4366709752467777,1.546509019092566,-0.42095905720556065,1.015938717501619,0.0,0.0,0
2025-10-10 12:27:11.500,SG_001,strain_gauge,SPAN_1,-0.5721279515251646,0.8118245529331561,-0.5677478053720478,0.15289681777130365,-0.7736635699498979,0.8518039835324983,0.0,0.0,0
2025-10-10 12:27:14.500,SG_001,strain_gauge,SPAN_1,-0.5611197430253689,-0.3839607379191964,-0.5614810840139458,-0.7298614066500044,0.326870662896827,-0.3734210021029517,0.0,0.0,0
2025-10-10 12:27:17.500,SG_001,strain_gauge,SPAN_1,-0.592547987391534,-0.7806627454990213,-0.5942694775312781,-0.1640588258506496,-0.9254921330143322,-0.7393702988954264,0.0,0.0,0
2025-10-10 12:27:20.500,SG_001,strain_gauge,SPAN_1,-0.7968243670146922,-0.5878853205727883,-0.7975351376463873,-0.10331223786468234,-0.18493191911197168,-0.5640585948368351,0.0,0.0,0
2025-10-10 12:27:23.500,SG_001,strain_gauge,SPAN_1,-0.9702219700698225,-0.8784415219642816,-0.9716808008941666,-1.0929952334815973,-1.046452009562059,-0.8264680718088839,0.0,0.0,0
2025-10-10 12:27:26.500,SG_001,strain_gauge,SPAN_1,-0.9367757960601909,0.7410637826657316,-0.9319924594720528,1.1095404930488701,0.15702693119257768,0.7741951659402577,0.0,0.0,0
2025-10-10 12:27:29.500,SG_001,strain_gauge,SPAN_1,-0.8712646464528696,1.0578275345061272,-0.8652277741635676,1.1095404930488701,0.032561214448906715,1.1266125254739616,0.0,0.0,0
2025-10-10 12:27:32.500,SG_001,strain_gauge,SPAN_1,-0.9423307614391446,-0.7753410341145354,-0.9434726519151863,-0.14251598257586287,-0.26559705849632326,-0.7345947210222166,0.0,0.0,0
2025-10-10 12:27:35.500,SG_001,strain_gauge,SPAN_1,-0.9495431596010199,-0.7264034854712776,-0.9504998387666789,-0.7881348021798134,0.1668427508870021,-0.6905090136748913,0.0,0.0,0
2025-10-10 12:27:38.500,SG_001,strain_gauge,SPAN_1,-0.9941605520807097,-0.041164344705569546,-0.9924813408239473,-0.8025028832858575,-0.7225402458169612,-0.04093944650492596,0.0,0.0,0
2025-10-10 12:27:41.500,SG_001,strain_gauge,SPAN_1,-0.927472415780618,1.6769203436058802,-0.9184693003285817,1.5474511663543844,0.8822679945928129,1.8525488061947828,0.0,0.0,0
2025-10-10 12:27:44.500,SG_001,strain_gauge,SPAN_1,-0.6634950885456404,1.185727163957718,-0.6573090485275936,0.948129695714826,0.8677300682650994,1.2725557333573887,0.0,0.0,0
2025-10-10 12:27:47.500,SG_001,strain_gauge,SPAN_1,-0.6991122609893107,0.3262971022982265,-0.6965038946878803,-0.16981321270986807,-1.4505135944122356,0.33220476498695356,0.0,0.0,0
2025-10-10 12:27:50.500,SG_001,strain_gauge,SPAN_1,-0.49920670440948445,1.1194439086882273,-0.4936425418204384,0.07689500099659097,1.4736364059602507,1.196659544113062,0.0,0.0,0
2025-10-10 12:27:53.500,SG_001,strain_gauge,SPAN_1,-0.32804255305885777,0.5623083147987603,-0.325158658906994,0.20940240162593413,-1.3783344252430805,0.5810009498507117,0.0,0.0,0
2025-10-10 12:27:56.500,SG_001,strain_gauge,SPAN_1,-0.36269494124267315,0.6229797119525872,-0.35949901757964775,0.5481776750224655,0.5607354637541437,0.6461134904306408,0.0,0.0,0
2025-10-10 12:27:59.500,SG_001,strain_gauge,SPAN_1,-0.2674788149171033,0.23755611044157177,-0.26599742315138364,0.5089180364300645,0.22133169188694635,0.24050499154908223,0.0,0.0,0
2025-10-10 12:28:02.500,SG_001,strain_gauge,SPAN_1,-0.15685143157395234,0.05772698906008909,-0.15625378090711523,0.11318175583473664,0.6676634509413008,0.05777775132966139,0.0,0.0,0
2025-10-10 12:28:05.500,SG_001,strain_gauge,SPAN_1,0.010791854318637125,-0.9250536562487824,0.007644363442812908,-0.9804844277970094,0.18514175288782037,-0.8675567845262647,0.0,0.0,0
2025-10-10 12:28:08.500,SG_001,strain_gauge,SPAN_1,0.10982498643885871,-0.32443396031373306,0.10857455623079347,-0.22236955849311676,-0.00023226492665072218,-0.3167669209592433,0.0,0.0,0
2025-10-10 12:28:11.500,SG_001,strain_gauge,SPAN_1,0.11411095978729538,0.18917778610266947,0.1147404445797158,0.07630431445986798,-0.08902006758167866,0.19093912073884622,0.0,0.0,0
2025-10-10 12:28:14.500,SG_001,strain_gauge,SPAN_1,0.17163641492629408,0.18437851536127528,0.17214871958382164,-0.20829972713725173,-0.1589270704524647,0.18603841106784155,0.0,0.0,0
2025-10-10 12:28:17.500,SG_001,strain_gauge,SPAN_1,0.0210220010013865,1.227869183441415,0.026032458613588303,0.12586720754057723,-0.6647815459524549,1.3211025970795753,0.0,0.0,0
2025-10-10 12:28:20.500,SG_001,strain_gauge,SPAN_1,0.26124258807725026,1.038128866822699,0.26498747156400076,0.4909170766203408,1.511003790372353,1.1043213303436303,0.0,0.0,0
2025-10-10 12:28:23.500,SG_001,strain_gauge,SPAN_1,0.36535641251919015,0.2733537021233313,0.3658724455412017,-0.1284501755794481,-1.2181637504830307,0.27737457910682944,0.0,0.0,0
2025-10-10 12:28:26.500,SG_001,strain_gauge,SPAN_1,0.18878893935317928,0.4713469952660682,0.1903757366701305,0.7635797258584007,0.03325559283917976,0.48426591624635673,0.0,0.0,0
2025-10-10 12:28:29.500,SG_001,strain_gauge,SPAN_1,0.25744963704569,-1.137382871063385,0.25325061558768786,-0.8282780112465171,0.40833302905227115,-1.0511991049838658,0.0,0.0,0
2025-10-10 12:28:32.500,SG_001,strain_gauge,SPAN_1,0.302454316522594,-0.6112684396035895,0.2999028409253101,-0.21232006222554192,-0.6198542861513026,-0.5855772451634922,0.0,0.0,0
2025-10-10 12:28:35.500,SG_001,strain_gauge,SPAN_1,0.21100358979052675,-0.0850031609196463,0.2104487170754195,-0.060770957718182174,-0.883979817884389,-0.08429974250989634,0.0,0.0,0
2025-10-10 12:28:38.500,SG_001,strain_gauge,SPAN_1,0.08045994554223694,-0.6866242129927141,0.07799996479240746,-1.1637481676588364,-0.10405682716256798,-0.654447246456024,0.0,0.0,0
2025-10-10 12:28:41.500,SG_001,strain_gauge,SPAN_1,0.16103444333644804,-0.7303055448903977,0.15830209499800976,-0.5583103413852932,0.9005267791906333,-0.6940354803651512,0.0,0.0,0
2025-10-10 12:28:44.500,SG_001,strain_gauge,SPAN_1,0.2815736903684324,0.4466987470591917,0.2829003517859872,-0.18128263713591525,-0.22726388064848974,0.4582359042533501,0.0,0.0,0
2025-10-10 12:28:47.500,SG_001,strain_gauge,SPAN_1,0.16923160254254588,0.22335862975347837,0.1698958525520042,-0.5257423182523814,-0.25876547943874395,0.22592787872783446,0.0,0.0,0
2025-10-10 12:28:50.500,SG_001,strain_gauge,SPAN_1,0.001641796596756631,1.2882693127309996,0.006951677626059998,0.9313552712345604,-1.2839387391387824,1.3910797299697613,0.0,0.0,0
2025-10-10 12:28:53.500,SG_001,strain_gauge,SPAN_1,-0.2883099977922632,1.1687772516839907,-0.2829480496553183,0.9313552712345604,0.14824437475165803,1.2530939749302887,0.0,0.0,0
2025-10-10 12:28:56.500,SG_001,strain_gauge,SPAN_1,-0.2921893063675741,-0.36591673539162134,-0.2929305039552813,-0.7662203763826865,-0.0362217714633222,-0.35629579217950735,0.0,0.0,0
2025-10-10 12:28:59.500,SG_001,strain_gauge,SPAN_1,-0.31793899191119135,0.21101587589555235,-0.3164718812811672,-0.1958418753157304,-0.5276570370661621,0.21327609763660818,0.0,0.0,0
2025-10-10 12:29:02.500,SG_001,strain_gauge,SPAN_1,-0.31700325218434794,0.8880320082804558,-0.3127896527611409,0.990355510795737,-0.9480941534968356,0.9361049636994102,0.0,0.0,0
2025-10-10 12:29:05.500,SG_001,strain_gauge,SPAN_1,-0.514199708938693,1.4355565358947993,-0.5071956809008054,1.4056090404104926,-1.014536580858679,1.5636827067358954,0.0,0.0,0
2025-10-10 12:29:08.500,SG_001,strain_gauge,SPAN_1,-0.5289333103492065,0.3825404261871857,-0.5264087621490922,0.6772742074443279,-0.3726380384160016,0.39084635549785945,0.0,0.0,0
2025-10-10 12:29:11.500,SG_001,strain_gauge,SPAN_1,-0.6519709213116994,0.30017206786638256,-0.6495534532438242,-0.4155169015830613,-1.372298094753484,0.3051037543710992,0.0,0.0,0
2025-10-10 12:29:14.500,SG_001,strain_gauge,SPAN_1,-0.7110044466234307,0.20064979421322313,-0.7088775187708573,0.26742561614340493,0.12881663937779445,0.20266557735275417,0.0,0.0,0
2025-10-10 12:29:17.500,SG_001,strain_gauge,SPAN_1,-0.5955900650980857,-0.9011926504104738,-0.5977205354393508,-0.4070704418288324,-0.004910943213246456,-0.8465580671080316,0.0,0.0,0
2025-10-10 12:29:20.500,SG_001,strain_gauge,SPAN_1,-0.7642967208289176,0.10259941014926796,-0.7624620780747103,0.3886303796882554,-1.578696159685846,0.10298491963117438,0.0,0.0,0
2025-10-10 12:29:23.500,SG_001,strain_gauge,SPAN_1,-0.8271522180989725,0.7167231676849372,-0.8226853242126838,0.9306941584075051,0.5546821415663141,0.7476473987197407,0.0,0.0,0
2025-10-10 12:29:26.500,SG_001,strain_gauge,SPAN_1,-0.7995660021465802,0.3024408292363973,-0.7968703144749463,0.4475592986569897,-1.0267923977505933,0.30745380041117704,0.0,0.0,0
2025-10-10 12:29:29.500,SG_001,strain_gauge,SPAN_1,-0.7366816196856574,-0.8243770521417702,-0.738325199413185,-0.8508506433888737,0.314014192260783,-0.778460996588652,0.0,0.0,0
2025-10-10 12:29:32.500,SG_001,strain_gauge,SPAN_1,-0.8312634019611709,-1.4923685511778633,-0.8349730249490063,-1.8164985993552296,-0.7971527563542943,-1.3453073241583802,0.0,0.0,0
2025-10-10 12:29:35.500,SG_001,strain_gauge,SPAN_1,-0.955272483652256,-0.8319125740856473,-0.9565926098181923,-0.48669440568203554,-0.3321596823046653,-0.7851747254620169,0.0,0.0,0
2025-10-10 12:29:38.500,SG_001,strain_gauge,SPAN_1,-0.8379486461274711,0.2547452147084728,-0.8353753189973672,0.4404176256659339,0.0491058630029779,0.25818832561032407,0.0,0.0,0
2025-10-10 12:29:41.500,SG_001,strain_gauge,SPAN_1,-0.6936611276765667,-0.2523389783009814,-0.6933125588519137,0.4404176256659339,0.21974772936688244,-0.24754253121527175,0.0,0.0,0
2025-10-10 12:29:44.500,SG_001,strain_gauge,SPAN_1,-0.7038480778827516,-0.6349263138262998,-0.7048791170531006,-1.2125980783907202,-0.647580680631385,-0.6072773632874127,0.0,0.0,0
2025-10-10 12:29:47.500,SG_001,strain_gauge,SPAN_1,-0.7755925448603007,-0.3613845999240972,-0.7755113974115747,-0.06711580753858659,-0.047750352641238336,-0.35198786846157526,0.0,0.0,0
2025-10-10 12:29:50.500,SG_001,strain_gauge,SPAN_1,-0.5938083513396989,0.9472950443810985,-0.5888062207047923,0.010511403301963373,0.5942374513691779,1.0021768949165886,0.0,0.0,0
2025-10-10 12:29:53.500,SG_001,strain_gauge,SPAN_1,-0.6011168652766344,1.1153974704142733,-0.5953674834442926,0.6505991879960528,-1.437162617842343,1.1920445115928104,0.0,0.0,0
2025-10-10 12:29:56.500,SG_001,strain_gauge,SPAN_1,-0.4569173892651805,0.6446443776802463,-0.4534564329948084,1.0274021988429307,1.0442921911407546,0.669478418684234,0.0,0.0,0
2025-10-10 12:00:02.500,SG_002,strain_gauge,SPAN_2,-0.19559870940972937,0.8144351375795559,-0.19192411085648556,0.7984686865150283,0.8864999638241361,0.8546794992332833,0.0,0.0,0
2025-10-10 12:00:05.500,SG_002,strain_gauge,SPAN_2,-0.060747176365812984,-0.7324858118970872,-0.06314192903720067,-0.9626777551183938,-0.6056491221966579,-0.69600503521848,0.0,0.0,0
2025-10-10 12:00:08.500,SG_002,strain_gauge,SPAN_2,-0.0850971384971513,0.3601525407789122,-0.0834597032604076,0.007152851767304609,0.08901215598125249,0.367455216004059,0.0,0.0,0
2025-10-10 12:00:11.500,SG_002,strain_gauge,SPAN_2,6.41794771115742e-06,-0.026112186174082154,2.207645246230003e-05,0.3346786990542656,-0.26726544010770775,-0.025994733884757138,0.0,0.0,0
2025-10-10 12:00:14.500,SG_002,strain_gauge,SPAN_2,0.06801412560782814,1.210081482538322,0.07285646600606675,1.3760648762515024,-0.5195182875615924,1.3005836936653046,0.0,0.0,0
2025-10-10 12:00:17.500,SG_002,strain_gauge,SPAN_2,0.019456101431309006,-0.004245157397304657,0.01952017759851304,-0.44280205863871885,0.9602462529076523,-0.004232016980017056,0.0,0.0,0
2025-10-10 12:00:20.500,SG_002,strain_gauge,SPAN_2,0.3360758554206787,-0.6244800562003172,0.333427412467266,-0.33307633326749264,0.942443387161247,-0.5977044150106816,0.0,0.0,0
2025-10-10 12:00:23.500,SG_002,strain_gauge,SPAN_2,0.3562368068526486,-0.6713240960318014,0.35339986171249577,-0.6311396214620432,-0.404845204808002,-0.6405229250325408,0.0,0.0,0
2025-10-10 12:00:26.500,SG_002,strain_gauge,SPAN_2,0.405320890285168,-1.463618732122782,0.39991276540000104,-0.8429702768636302,0.5827282679760162,-1.3220894634377611,0.0,0.0,0
2025-10-10 12:00:29.500,SG_002,strain_gauge,SPAN_2,0.3887945657540028,-0.19823551569294434,0.38753913204941615,-0.9317351260513191,-0.06140516278765367,-0.19515536967659028,0.0,0.0,0
2025-10-10 12:00:32.500,SG_002,strain_gauge,SPAN_2,0.38718718116009276,0.1074988638420724,0.38704489712810675,-0.8828966176712038,0.5107838055779914,0.10793656374067681,0.0,0.0,0
2025-10-10 12:00:35.500,SG_002,strain_gauge,SPAN_2,0.36208040283170867,-0.09249741185199503,0.3612481002466785,0.2733230913385375,-0.04489915586201113,-0.09168751591023545,0.0,0.0,0
2025-10-10 12:00:38.500,SG_002,strain_gauge,SPAN_2,0.3119624101540338,-0.5578998920020593,0.3095771544625054,-1.1645677955330276,-0.5967724132261998,-0.5363614343348463,0.0,0.0,0
2025-10-10 12:00:41.500,SG_002,strain_gauge,SPAN_2,0.3109139594622839,-1.1428257133772446,0.30661919948314326,-1.2638026865505763,0.007303048985628805,-1.05583056424614,0.0,0.0,0
2025-10-10 12:00:44.500,SG_002,strain_gauge,SPAN_2,0.28587739200645684,-0.5301554525324547,0.28362785870259616,-0.7329190255281892,-0.8482056651831021,-0.5106315167990921,0.0,0.0,0
2025-10-10 12:00:47.500,SG_002,strain_gauge,SPAN_2,0.17032895947123242,-0.43104705774263224,0.16860550966498064,-0.7169845742948748,-0.8519755421631859,-0.4179130094229755,0.0,0.0,0
2025-10-10 12:00:50.500,SG_002,strain_gauge,SPAN_2,0.07018348930943841,0.5400435017347347,0.07225309351893276,0.6389674477389405,0.6920320286383956,0.5572247899089516,0.0,0.0,0
2025-10-10 12:00:53.500,SG_002,strain_gauge,SPAN_2,0.08796913616323013,0.2657033717616073,0.08893599591498563,0.13846702982039114,-1.027789155156264,0.2694813402785066,0.0,0.0,0
2025-10-10 12:00:56.500,SG_002,strain_gauge,SPAN_2,-0.1687205981689551,-0.27100837031271907,-0.16932219660784162,-0.76819834905125,-1.1088475654443588,-0.26553254127045745,0.0,0.0,0
2025-10-10 12:00:59.500,SG_002,strain_gauge,SPAN_2,-0.34500509738119745,-0.8350478477753087,-0.34730321286976107,-0.9678161914065851,0.17124161161339108,-0.7879659332569505,0.0,0.0,0
2025-10-10 12:01:02.500,SG_002,strain_gauge,SPAN_2,-0.19327679625492603,-1.0439697513155752,-0.19650324931630503,-0.6793570370340533,0.3401661891723069,-0.9711191096698952,0.0,0.0,0
2025-10-10 12:01:05.500,SG_002,strain_gauge,SPAN_2,-0.2700426655204845,-0.04621665979054767,-0.26964319134161036,0.20562755246395564,-1.2847565988594483,-0.04594918209546014,0.0,0.0,0
2025-10-10 12:01:08.500,SG_002,strain_gauge,SPAN_2,-0.37908111845131676,-0.5454102406849027,-0.3803217625881012,-0.00041070823919130324,-0.09344061823871722,-0.5247908759856525,0.0,0.0,0
2025-10-10 12:01:11.500,SG_002,strain_gauge,SPAN_2,-0.5396755708990382,-1.0968870779104134,-0.5425482016121039,-1.0592782557263531,-0.9553981570382205,-1.016620838624264,0.0,0.0,0
2025-10-10 12:01:14.500,SG_002,strain_gauge,SPAN_2,-0.8152272640467784,-0.8389912227681359,-0.8167963752423146,-0.3163475181942944,-0.994309987181012,-0.7914747707105636,0.0,0.0,0
2025-10-10 12:01:17.500,SG_002,strain_gauge,SPAN_2,-0.8545263142403063,0.8527794442761804,-0.8494218856042606,-0.07904043173328187,0.4318342192223713,0.8970158402452646,0.0,0.0,0
2025-10-10 12:01:20.500,SG_002,strain_gauge,SPAN_2,-0.7741814815983481,1.4536446645891534,-0.7665531529764489,-0.07904043173328187,0.29915507459377616,1.5850716869919368,0.0,0.0,0
2025-10-10 12:01:23.500,SG_002,strain_gauge,SPAN_2,-0.7587508202478362,1.044124675272487,-0.7530003226423629,1.334759074455452,-0.3623519918372006,1.111100973180013,0.0,0.0,0
2025-10-10 12:01:26.500,SG_002,strain_gauge,SPAN_2,-0.7353821283873163,0.7615200269740677,-0.7309014858580578,1.2689590088807505,-0.18914493904824417,0.796565111863905,0.0,0.0,0
2025-10-10 12:01:29.500,SG_002,strain_gauge,SPAN_2,-0.8648756104911349,-0.01408594222053052,-0.8633195338561116,0.14031667013767668,-0.7420618561415926,-0.01403344919178162,0.0,0.0,0
2025-10-10 12:01:32.500,SG_002,strain_gauge,SPAN_2,-0.7905117031553084,0.2326809113738861,-0.7881133080350766,0.9324275394518573,0.5527983321793616,0.23549651759100307,0.0,0.0,0
2025-10-10 12:01:35.500,SG_002,strain_gauge,SPAN_2,-0.6709792949076622,0.5345207430065851,-0.6675729936645756,0.590904970005668,0.3969109362943593,0.5513369865241867,0.0,0.0,0
2025-10-10 12:01:38.500,SG_002,strain_gauge,SPAN_2,-0.834178702331917,-0.3440883972647705,-0.8339341861839834,-1.0002102727811455,-0.6402728976553472,-0.33552312019645536,0.0,0.0,0
2025-10-10 12:01:41.500,SG_002,strain_gauge,SPAN_2,-0.8980544555855027,-1.031447166203088,-0.9001538641777289,-0.9732242597777644,0.46685487410853577,-0.9602988232699474,0.0,0.0,0
2025-10-10 12:01:44.500,SG_002,strain_gauge,SPAN_2,-0.7087989506139042,-0.30503620773495654,-0.7086213945174543,-0.2756279314244648,0.6366500877143139,-0.29820708837762117,0.0,0.0,0
2025-10-10 12:01:47.500,SG_002,strain_gauge,SPAN_2,-0.5280851497892786,-0.6042506600744166,-0.5292926494873132,-0.3583951435818794,0.3108470587443397,-0.5791263992532412,0.0,0.0,0
2025-10-10 12:01:50.500,SG_002,strain_gauge,SPAN_2,-0.4456026802382416,0.16091652289528602,-0.4441052890797937,-0.36202153859534125,0.2532841500801932,0.16212304672161484,0.0,0.0,0
2025-10-10 12:01:53.500,SG_002,strain_gauge,SPAN_2,-0.5279794233219498,0.40866122621802825,-0.5253513497433716,-0.10016764810732183,-0.6050729790196234,0.4182189599073968,0.0,0.0,0
2025-10-10 12:01:56.500,SG_002,strain_gauge,SPAN_2,-0.5548514382500883,-1.3738613376298148,-0.5585957776454183,-1.1166615970916416,-0.08685370605960255,-1.2489206916028572,0.0,0.0,0
2025-10-10 12:01:59.500,SG_002,strain_gauge,SPAN_2,-0.3391372813953447,-0.17933970122029894,-0.33911758389287344,-0.2680113840185772,0.6063339538173729,-0.17677050701282643,0.0,0.0,0
2025-10-10 12:02:02.500,SG_002,strain_gauge,SPAN_2,-0.17228760793332748,-0.13122402653922288,-0.17237095546588466,-0.2680113840185772,0.6477521467211428,-0.12974909960222705,0.0,0.0,0
2025-10-10 12:02:05.500,SG_002,strain_gauge,SPAN_2,0.06190522494897398,0.7446705861482407,0.0648128712340064,1.2000521378124016,0.7229436295569076,0.7781354915149289,0.0,0.0,0
2025-10-10 12:02:08.500,SG_002,strain_gauge,SPAN_2,0.2024961087964557,-0.10957290581098686,0.2018658825020048,0.5202200027879906,0.3855016364015735,-0.108493494145407,0.0,0.0,0
2025-10-10 12:02:11.500,SG_002,strain_gauge,SPAN_2,0.1502234118949746,-0.8101553252519916,0.14724167350854592,-0.02253551860522752,0.2553829678442562,-0.765770386576184,0.0,0.0,0
2025-10-10 12:02:14.500,SG_002,strain_gauge,SPAN_2,0.18772049417238426,0.9496344614170048,0.19123598295934122,1.934726007635329,0.5967069579755039,1.0047943373967416,0.0,0.0,0
2025-10-10 12:02:17.500,SG_002,strain_gauge,SPAN_2,0.2094382390656405,1.1517985587029103,0.21375909472493312,1.7336531357641127,-0.3389545736942152,1.2336361188248,0.0,0.0,0
2025-10-10 12:02:20.500,SG_002,strain_gauge,SPAN_2,0.2850855559457727,1.145023605957339,0.28923313980820536,-0.0442288282082592,-0.08666895497821973,1.2258822355376562,0.0,0.0,0
2025-10-10 12:02:23.500,SG_002,strain_gauge,SPAN_2,0.3725821452584075,-0.6322144427927202,0.3698509648443512,-0.4111998817732622,0.9818647888547394,-0.6047935505392951,0.0,0.0,0
2025-10-10 12:02:26.500,SG_002,strain_gauge,SPAN_2,0.6307994603243609,0.2552868059997951,0.6307944581225859,0.31864028520188037,-0.1258813992688706,0.25874610492059624,0.0,0.0,0
2025-10-10 12:02:29.500,SG_002,strain_gauge,SPAN_2,0.3229005140093753,0.8996138629494276,0.32595830225853534,1.4451852619461105,-0.5529879439192046,0.9489820700000876,0.0,0.0,0
2025-10-10 12:02:32.500,SG_002,strain_gauge,SPAN_2,0.1540809732175874,0.1538714406563771,0.1545081796817723,-0.12204496036732436,-0.5445216236126825,0.15495561267142238,0.0,0.0,0
2025-10-10 12:02:35.500,SG_002,strain_gauge,SPAN_2,0.11782676561199458,-0.5796949085243145,0.11567246160864351,-0.22612272082918,-0.578744046868435,-0.5565046644444809,0.0,0.0,0
2025-10-10 12:02:38.500,SG_002,strain_gauge,SPAN_2,0.3949839253462843,0.12426981911427011,0.3948906619864733,-0.10098213374444448,1.3665176530813996,0.12490947838917196,0.0,0.0,0
2025-10-10 12:02:41.500,SG_002,strain_gauge,SPAN_2,0.479504614107891,0.34596548078163536,0.48009941899208675,-0.16088830133241197,-1.6172120110169297,0.352665681427723,0.0,0.0,0
2025-10-10 12:02:44.500,SG_002,strain_gauge,SPAN_2,0.1388086389485939,0.20814875545770067,0.13946758242399362,-0.3041957412663285,-1.1566279044692607,0.21033998971495635,0.0,0.0,0
2025-10-10 12:02:47.500,SG_002,strain_gauge,SPAN_2,-0.03092836738604684,1.0713804633375745,-0.026486904331040523,0.46969036913772244,1.16947029616573,1.1419780501365653,0.0,0.0,0
2025-10-10 12:02:50.500,SG_002,strain_gauge,SPAN_2,0.19004765381501187,0.13228253695779427,0.19033213135851165,-0.20612545515784858,-0.22928217027222228,0.133031424078026,0.0,0.0,0
2025-10-10 12:02:53.500,SG_002,strain_gauge,SPAN_2,-0.15017668628486908,1.1051252998291816,-0.14536050261470868,0.4071480225359649,-1.869993927201264,1.180338357944845,0.0,0.0,0
2025-10-10 12:02:56.500,SG_002,strain_gauge,SPAN_2,-0.32191400020149974,-0.04165028905592279,-0.32140856357182845,-0.0669338170613377,0.49380703600464565,-0.04142143777708622,0.0,0.0,0
2025-10-10 12:02:59.500,SG_002,strain_gauge,SPAN_2,-0.17576242646078186,1.165498554613579,-0.17063615045080804,0.01268120377087077,0.5287567216413391,1.2493336541834963,0.0,0.0,0
2025-10-10 12:03:02.500,SG_002,strain_gauge,SPAN_2,-0.346167117714988,1.3553414075308179,-0.3398674742405643,0.33052578367972296,-1.041477748696953,1.4693351078805732,0.0,0.0,0
2025-10-10 12:03:05.500,SG_002,strain_gauge,SPAN_2,-0.3686064228792024,-0.6153211910603933,-0.37011002188751346,-0.518355382910535,0.8464377673479808,-0.5892997160999804,0.0,0.0,0
2025-10-10 12:03:08.500,SG_002,strain_gauge,SPAN_2,-0.37175197265673876,-0.4452826937936896,-0.3726479469097975,-0.6370956734446943,-1.1252002846578684,-0.43130831481808607,0.0,0.0,0
2025-10-10 12:03:11.500,SG_002,strain_gauge,SPAN_2,-0.5687615800847068,-0.9718117840678665,-0.571172868503123,-0.9740633387226183,-0.13906087217282762,-0.9084941718255011,0.0,0.0,0
2025-10-10 12:03:14.500,SG_002,strain_gauge,SPAN_2,-0.6096150424596084,-0.5231361003009828,-0.6104004335275132,-0.3576338689196823,-0.026027363447566388,-0.5041061881287718,0.0,0.0,0
2025-10-10 12:03:17.500,SG_002,strain_gauge,SPAN_2,-0.9244547144722355,0.622027133508186,-0.920202717589965,-0.018391769827210122,-0.7194765146266864,0.645087534624583,0.0,0.0,0
2025-10-10 12:03:20.500,SG_002,strain_gauge,SPAN_2,-1.024771961373324,0.12763385870186011,-1.0223694404724037,-0.6603215932707331,-0.28717617947332025,0.1283183728976861,0.0,0.0,0
2025-10-10 12:03:23.500,SG_002,strain_gauge,SPAN_2,-0.9769197816105146,-0.019031087149383123,-0.9751844728549984,-0.027920782272879554,0.3312255267855648,-0.01895412908230682,0.0,0.0,0
2025-10-10 12:03:26.500,SG_002,strain_gauge,SPAN_2,-0.878664053283274,0.3201884435489663,-0.8757510985237996,0.6532811999924439,0.6918088577491313,0.3258600571542129,0.0,0.0,0
2025-10-10 12:03:29.500,SG_002,strain_gauge,SPAN_2,-0.7807358793024481,-0.18367726551394237,-0.7799792537242423,-0.03576895392253673,-0.46609135800369234,-0.18099483171065808,0.0,0.0,0
2025-10-10 12:03:32.500,SG_002,strain_gauge,SPAN_2,-0.8715581871518168,-0.3657912675241328,-0.8713311857210448,0.5639343837135087,0.07991028216064124,-0.35617656686355864,0.0,0.0,0
2025-10-10 12:03:35.500,SG_002,strain_gauge,SPAN_2,-0.8484807756923357,-0.23192429690827807,-0.8477904329894121,0.5257125827075718,-0.03997566524086441,-0.2278195673522258,0.0,0.0,0
2025-10-10 12:03:38.500,SG_002,strain_gauge,SPAN_2,-0.6854277830485056,-0.20956371372008395,-0.6849326774837963,-0.1659330594756728,0.4656953076760398,-0.20615528771300598,0.0,0.0,0
2025-10-10 12:03:41.500,SG_002,strain_gauge,SPAN_2,-0.6645189061213042,-0.7219957148774906,-0.6659209487698978,-0.6189060158919701,-0.7019779164008694,-0.686523163768319,0.0,0.0,0
2025-10-10 12:03:44.500,SG_002,strain_gauge,SPAN_2,-0.6461996283086128,-0.8125076946353363,-0.6479460192768342,-0.23896400467585532,0.20167601223905982,-0.767871289750176,0.0,0.0,0
2025-10-10 12:03:47.500,SG_002,strain_gauge,SPAN_2,-0.47282556362997463,0.8418721476081361,-0.4685087169734182,0.8052090414389408,0.5888593291832049,0.8849537880327257,0.0,0.0,0
2025-10-10 12:03:50.500,SG_002,strain_gauge,SPAN_2,-0.5997289892482951,0.8234865285044327,-0.5952461245004407,0.8052090414389408,-0.8576917370824545,0.8646562265750124,0.0,0.0,0
2025-10-10 12:03:53.500,SG_002,strain_gauge,SPAN_2,-0.6486578586727701,-0.7166358073570391,-0.6500665999318727,-0.9243092885681476,-0.2662859168271243,-0.6816729594794253,0.0,0.0,0
2025-10-10 12:03:56.500,SG_002,strain_gauge,SPAN_2,-0.43569117359384696,-0.4853514220379554,-0.43662601241364524,0.17932031475409477,0.37672500244869306,-0.4688722226430105,0.0,0.0,0
2025-10-10 12:03:59.500,SG_002,strain_gauge,SPAN_2,-0.3073668999252536,0.5086642838713643,-0.30473833176442094,0.3211921762427991,0.21107798989903498,0.523823500330231,0.0,0.0,0
2025-10-10 12:04:02.500,SG_002,strain_gauge,SPAN_2,0.04863875753253886,1.0961191438099267,0.0530322600446653,0.8184610335248154,1.4083157567449864,1.170086089062059,0.0,0.0,0
2025-10-10 12:04:05.500,SG_002,strain_gauge,SPAN_2,-0.045890362162391875,1.6481485233122832,-0.03888824128227214,0.7835653656024362,-1.0504876542539587,1.8177221497123264,0.0,0.0,0
2025-10-10 12:04:08.500,SG_002,strain_gauge,SPAN_2,-0.17731160985900857,1.1744855945853188,-0.17214339294126857,0.14192082452864735,-0.44687189032825375,1.259644134339501,0.0,0.0,0
2025-10-10 12:04:11.500,SG_002,strain_gauge,SPAN_2,0.047353598175353735,1.0937846925614942,0.05173966754349094,0.7145784544961747,1.5499475929808169,1.1674303356863134,0.0,0.0,0
2025-10-10 12:04:14.500,SG_002,strain_gauge,SPAN_2,0.5538066288215527,0.83906946553358,0.5561956914795555,1.1666148530387777,1.3985199712057672,0.8818568505162336,0.0,0.0,0
2025-10-10 12:04:17.500,SG_002,strain_gauge,SPAN_2,0.7032328725953798,-0.2333861567025808,0.7013460948557317,0.3775680862929994,-0.5779803101551464,-0.22923367151617147,0.0,0.0,0
2025-10-10 12:04:20.500,SG_002,strain_gauge,SPAN_2,0.6920773168685165,-0.06642291483549843,0.6907973849180873,0.16333712405636017,-0.6821465718300699,-0.06595240917499899,0.0,0.0,0
2025-10-10 12:04:23.500,SG_002,strain_gauge,SPAN_2,0.9951559595411859,0.5512658864022637,0.9956412325649351,0.6051565682632513,0.777656799639341,0.5692010075241662,0.0,0.0,0
2025-10-10 12:04:26.500,SG_002,strain_gauge,SPAN_2,1.2292465980404836,-0.7375780167062601,1.2248722480202308,0.4886974188093884,-0.5311350515077796,-0.7006027280606263,0.0,0.0,0
2025-10-10 12:04:29.500,SG_002,strain_gauge,SPAN_2,1.244477025324022,0.0965843953245147,1.2428783204552651,0.49237098825859715,0.6328533619601336,0.09691004187280551,0.0,0.0,0
2025-10-10 12:04:32.500,SG_002,strain_gauge,SPAN_2,1.4101673400563008,-1.4707865420602353,1.4033421759299254,-1.1348979819290577,0.16906167176321357,-1.3278879858175445,0.0,0.0,0
2025-10-10 12:04:35.500,SG_002,strain_gauge,SPAN_2,1.518149386991009,-0.6589056804701732,1.5135959195148834,-0.25079204424381046,0.4059844243546015,-0.6291991027891548,0.0,0.0,0
2025-10-10 12:04:38.500,SG_002,strain_gauge,SPAN_2,1.720406727477207,-0.9696775703263021,1.714603905701686,-0.25079204424381046,0.4952763815322415,-0.9066317465915568,0.0,0.0,0
2025-10-10 12:04:41.500,SG_002,strain_gauge,SPAN_2,1.7457576445364618,-1.4304952608780446,1.7385881946139348,-1.2898107802081544,-0.7556372133107792,-1.2952080661087042,0.0,0.0,0
2025-10-10 12:04:44.500,SG_002,strain_gauge,SPAN_2,1.729247333891383,-0.27865562604987343,1.7256035392229312,-0.6144085706335987,0.8926323862581275,-0.2728886042569934,0.0,0.0,0
2025-10-10 12:04:47.500,SG_002,strain_gauge,SPAN_2,1.8126961398128485,0.14093290220946803,1.8103402311959647,-0.14285268731632494,0.3946021756623382,0.1418089545659633,0.0,0.0,0
2025-10-10 12:04:50.500,SG_002,strain_gauge,SPAN_2,1.7902409742031415,0.04207318431891652,1.7875800798455712,-0.8329397845156725,-0.36796155530460833,0.0420679390404032,0.0,0.0,0
2025-10-10 12:04:53.500,SG_002,strain_gauge,SPAN_2,1.8459392529077274,0.04725029998718637,1.8432083509897954,-0.550749911436144,1.4562469919410657,0.047260099009468114,0.0,0.0,0
2025-10-10 12:04:56.500,SG_002,strain_gauge,SPAN_2,2.1016618039954658,-1.0510331612513455,2.0950821436528213,0.1940530475412096,0.606037357894609,-0.977213458555335,0.0,0.0,0
2025-10-10 12:04:59.500,SG_002,strain_gauge,SPAN_2,2.227632057066018,0.14867576931403875,2.2246475731125837,0.4273465061796803,-0.5688372855881403,0.1496737873718203,0.0,0.0,0
2025-10-10 12:05:02.500,SG_002,strain_gauge,SPAN_2,2.2046591297952567,-0.3816011370219445,2.1999660999917565,-0.44925959052365816,0.3910260971338995,-0.37118392475093115,0.0,0.0,0
2025-10-10 12:05:05.500,SG_002,strain_gauge,SPAN_2,2.3278690604406647,-0.6535470231773829,2.3221504126513044,-0.4783966236518507,0.5847714051401702,-0.624306662337818,0.0,0.0,0
2025-10-10 12:05:08.500,SG_002,strain_gauge,SPAN_2,2.300039053949503,0.7093578750837106,2.2989082309975353,0.5207422752140937,-0.7629322567556057,0.7396292158869107,0.0,0.0,0
2025-10-10 12:05:11.500,SG_002,strain_gauge,SPAN_2,2.3180232234175446,0.7811909729042389,2.317124129350668,0.5087995414018848,0.23496968973099797,0.8181269214158463,0.0,0.0,0
2025-10-10 12:05:14.500,SG_002,strain_gauge,SPAN_2,2.582934968429677,0.9807474582971978,2.582325797272001,0.3142658064821938,1.1052139893267101,1.0396716803108519,0.0,0.0,0
2025-10-10 12:05:17.500,SG_002,strain_gauge,SPAN_2,2.5849401359472473,1.0984795478811293,2.5847654464588765,0.4672413228382531,-0.20803512560027093,1.172772078048877,0.0,0.0,0
2025-10-10 12:05:20.500,SG_002,strain_gauge,SPAN_2,2.6737977845945196,0.611184853521693,2.6717050757238305,0.42158205842184887,0.3917611426289841,0.6334182733257285,0.0,0.0,0
2025-10-10 12:05:23.500,SG_002,strain_gauge,SPAN_2,2.670167156001355,-0.6016260618773722,2.6641144322228056,-0.3245393254256895,-0.2824614704955137,-0.576712206893297,0.0,0.0,0
2025-10-10 12:05:26.500,SG_002,strain_gauge,SPAN_2,2.790394284220021,-1.5154963080033774,2.7816039062968296,-0.10441245302259415,0.7329540089232862,-1.3639079491625903,0.0,0.0,0
2025-10-10 12:05:29.500,SG_002,strain_gauge,SPAN_2,3.007052198072384,-1.845820576055341,2.9971460454627197,-1.4653383597582863,-0.055688384831757476,-1.6220845830640087,0.0,0.0,0
2025-10-10 12:05:32.500,SG_002,strain_gauge,SPAN_2,3.1568381183897674,-1.2624235562142172,3.148235366104214,-1.0418729011148904,1.0821707459086711,-1.1566403767901852,0.0,0.0,0
2025-10-10 12:05:35.500,SG_002,strain_gauge,SPAN_2,3.1939424871845183,-0.8170534695099727,3.186521744543276,-0.897367543518691,-0.5124328718298063,-0.7719291140739352,0.0,0.0,0
2025-10-10 12:05:38.500,SG_002,strain_gauge,SPAN_2,3.2918553348111352,-0.015469808115416036,3.2867098806305353,0.6964254633295327,0.6998253671488223,-0.015410784806669027,0.0,0.0,0
2025-10-10 12:05:41.500,SG_002,strain_gauge,SPAN_2,3.651322266713625,0.6587622538089848,3.647841479907113,0.695833435339667,-0.024334570664037148,0.684736679781963,0.0,0.0,0
2025-10-10 12:05:44.500,SG_002,strain_gauge,SPAN_2,3.795205000038623,0.491614695186835,3.7909422435555764,0.6661198009328244,-0.2948647010968418,0.5057281978929297,0.0,0.0,0
2025-10-10 12:05:47.500,SG_002,strain_gauge,SPAN_2,3.956886694139283,0.1878755921062779,3.9513993259655855,0.08628584376787791,0.7420769690316795,0.18960911107076886,0.0,0.0,0
2025-10-10 12:05:50.500,SG_002,strain_gauge,SPAN_2,4.196235296052997,0.6980383110139512,4.192041057224089,0.7625436768761278,0.9481758998320926,0.7273198041579111,0.0,0.0,0
2025-10-10 12:05:53.500,SG_002,strain_gauge,SPAN_2,4.554586711923261,1.0960242180498152,4.551178351372636,1.3180219870878385,0.8694530019793846,1.1699780845625969,0.0,0.0,0
2025-10-10 12:05:56.500,SG_002,strain_gauge,SPAN_2,4.82321127657017,0.7441312349705422,4.818211512782298,0.1204721065498365,-0.7820523282086387,0.7775461602744774,0.0,0.0,0
2025-10-10 12:05:59.500,SG_002,strain_gauge,SPAN_2,5.075607914369655,1.0878944702538755,5.071357487166703,1.0734996712880847,0.9545779082008776,1.1607325200307503,0.0,0.0,0
2025-10-10 12:06:02.500,SG_002,strain_gauge,SPAN_2,5.200150057518991,0.32217199301067206,5.193263856649838,1.0734996712880847,-0.3013302301500046,0.3279197295716588,0.0,0.0,0
2025-10-10 12:06:05.500,SG_002,strain_gauge,SPAN_2,5.483930571748196,0.29238140809533797,5.476547436077041,-0.18169513397931214,1.4058007829821482,0.29703899914123943,0.0,0.0,0
2025-10-10 12:06:08.500,SG_002,strain_gauge,SPAN_2,5.773423118454587,0.8711461978718444,5.767406545198068,0.47543670727803716,-0.5802087378004671,0.9173615676715602,0.0,0.0,0
2025-10-10 12:06:11.500,SG_002,strain_gauge,SPAN_2,5.928061508873131,0.9070106506568177,5.9219291153313325,0.47543670727803716,1.2436739598739248,0.9572150781041677,0.0,0.0,0
2025-10-10 12:06:14.500,SG_002,strain_gauge,SPAN_2,6.19308168916914,-0.9170472939721882,6.181434903085347,-0.5814553268713287,0.8357786779621527,-0.860518981022756,0.0,0.0,0
2025-10-10 12:06:17.500,SG_002,strain_gauge,SPAN_2,6.380689460573498,-0.11840907581922501,6.370884576567787,-0.39779250469759836,0.5516848220006655,-0.11717551080170477,0.0,0.0,0
2025-10-10 12:06:20.500,SG_002,strain_gauge,SPAN_2,6.5597222754848055,0.5633707277904847,6.551619366239154,0.48375192819916896,1.178617644415658,0.5821370695441404,0.0,0.0,0
2025-10-10 12:06:23.500,SG_002,strain_gauge,SPAN_2,6.803752010426708,0.2290775525176522,6.794340773209787,0.6993205428011344,-0.3462012990427057,0.23179661207859423,0.0,0.0,0
2025-10-10 12:06:26.500,SG_002,strain_gauge,SPAN_2,6.828135496375943,-0.46754152249581776,6.816810719199027,1.0632677373922155,-0.564321733907563,-0.4522011015827766,0.0,0.0,0
2025-10-10 12:06:29.500,SG_002,strain_gauge,SPAN_2,6.862486167247891,-0.9138820285132392,6.85000359384037,-0.6420691109955191,0.44670159031162643,-0.8577343612135145,0.0,0.0,0
2025-10-10 12:06:32.500,SG_002,strain_gauge,SPAN_2,7.0064156291337705,0.049116554742525874,6.996228880883019,0.3299160932233923,-0.19300412365715644,0.04913262004684014,0.0,0.0,0
2025-10-10 12:06:35.500,SG_002,strain_gauge,SPAN_2,7.053009395414361,0.7589954270407302,7.044789193353287,0.3474551459987323,1.0363991788292022,0.7938014295578965,0.0,0.0,0
2025-10-10 12:06:38.500,SG_002,strain_gauge,SPAN_2,7.399773751113921,0.30520113181923,7.3897632661446915,-0.29619061959820864,0.6889252933484195,0.3103138888519527,0.0,0.0,0
2025-10-10 12:06:41.500,SG_002,strain_gauge,SPAN_2,7.59317588767453,0.38268398909284684,7.583118749395914,-0.07530716761892987,0.2582405937836435,0.39099655926583987,0.0,0.0,0
2025-10-10 12:06:44.500,SG_002,strain_gauge,SPAN_2,7.572641154967938,-0.30938798225175845,7.560759550618252,-0.4318573659695453,0.06369404562972356,-0.30237507995767354,0.0,0.0,0
2025-10-10 12:06:47.500,SG_002,strain_gauge,SPAN_2,7.5838705628305645,-0.11919403419764393,7.572466986707981,0.10292679365979682,-0.3063786033287655,-0.11794629062633642,0.0,0.0,0
2025-10-10 12:06:50.500,SG_002,strain_gauge,SPAN_2,7.607027795854867,-0.14593988389929705,7.5955239682295925,0.4449347455704891,0.48682305166871487,-0.1441618073809961,0.0,0.0,0
2025-10-10 12:06:53.500,SG_002,strain_gauge,SPAN_2,7.881975862578142,-0.16107002441934082,7.8700750464372575,0.4898148492827102,1.1799035867551675,-0.1589513005070161,0.0,0.0,0
2025-10-10 12:06:56.500,SG_002,strain_gauge,SPAN_2,8.067791197087569,-0.6786073404321836,8.054369498784759,0.5356053525322148,-0.7777186390934991,-0.6471550008023681,0.0,0.0,0
2025-10-10 12:06:59.500,SG_002,strain_gauge,SPAN_2,8.004359350408496,-0.5319971611939907,7.991371033231445,0.4225470103872101,-0.0925735543515538,-0.512342558882717,0.0,0.0,0
2025-10-10 12:07:02.500,SG_002,strain_gauge,SPAN_2,7.981994363603378,0.27525795110669593,7.971117137557826,0.5452975751110338,-0.8741114558056692,0.2793404575668232,0.0,0.0,0
2025-10-10 12:07:05.500,SG_002,strain_gauge,SPAN_2,8.035235742745831,-0.454016448672469,8.022399813638552,-0.03764654118043409,1.3358128689365973,-0.4395136486408666,0.0,0.0,0
2025-10-10 12:07:08.500,SG_002,strain_gauge,SPAN_2,8.263743235911864,-0.47616786725868976,8.250564786426734,-0.5967349253922875,-0.11737227607693454,-0.46028095244156775,0.0,0.0,0
2025-10-10 12:07:11.500,SG_002,strain_gauge,SPAN_2,8.12467946952561,-0.2713448736047444,8.112184981243592,-0.050664226116237845,0.0002322649266507338,-0.2658563889538423,0.0,0.0,0
2025-10-10 12:07:14.500,SG_002,strain_gauge,SPAN_2,8.145788536258081,-0.6236676747797261,8.13240114199488,-0.8485871647750486,-0.11861516825565649,-0.5969593622140601,0.0,0.0,0
2025-10-10 12:07:17.500,SG_002,strain_gauge,SPAN_2,8.179679882727097,-0.39227165408079445,8.166813536606767,-0.5584411330673449,0.11351002234403072,-0.38129468151750606,0.0,0.0,0
2025-10-10 12:07:20.500,SG_002,strain_gauge,SPAN_2,8.280522020375061,0.15097986054464824,8.268915784019471,-0.5336202254468512,-0.1257128459377386,0.15201565742478076,0.0,0.0,0
2025-10-10 12:07:23.500,SG_002,strain_gauge,SPAN_2,8.489127026879604,0.29548051125738395,8.477629730934597,-0.24112821575664226,1.075279921364336,0.30024620417157,0.0,0.0,0
2025-10-10 12:07:26.500,SG_002,strain_gauge,SPAN_2,8.609222030948086,0.6154674458183201,8.598434396706637,0.2100436162312655,-0.5005315084537098,0.638025713158662,0.0,0.0,0
2025-10-10 12:07:29.500,SG_002,strain_gauge,SPAN_2,8.726976071622493,0.6948189034304288,8.716249103734398,0.2100436162312655,1.1877147933368808,0.7238218752396158,0.0,0.0,0
2025-10-10 12:07:32.500,SG_002,strain_gauge,SPAN_2,8.940175121817875,-1.089760297570335,8.924753387109316,-0.9867999892236625,-0.3535224530719122,-1.010513704484434,0.0,0.0,0
2025-10-10 12:07:35.500,SG_002,strain_gauge,SPAN_2,9.195835980936518,-1.3093216518531998,9.179643991458102,-0.6984602241814138,0.5963269017596079,-1.1956702727169477,0.0,0.0,0
2025-10-10 12:07:38.500,SG_002,strain_gauge,SPAN_2,9.26702730934491,-0.3901747665683279,9.252802211102805,-0.5496783139454201,0.09038781807529486,-0.37930894685607425,0.0,0.0,0
2025-10-10 12:07:41.500,SG_002,strain_gauge,SPAN_2,9.322713601978881,-0.030007944052250476,9.30929518421305,-0.613658027596597,0.5411971708255132,-0.029865470558895085,0.0,0.0,0
2025-10-10 12:07:44.500,SG_002,strain_gauge,SPAN_2,9.673787091703455,-1.5453891283635546,9.656561817339062,-0.43859011932561537,0.36361499817201404,-1.3878477574776196,0.0,0.0,1
2025-10-10 12:07:47.500,SG_002,strain_gauge,SPAN_2,9.985859807936244,0.07715036619897615,9.971865750240381,0.04836967050445421,1.0818757330332607,0.07731432210914578,0.0,0.0,1
2025-10-10 12:07:50.500,SG_002,strain_gauge,SPAN_2,10.184247719060425,-0.4312757439039883,10.16879810666718,0.04836967050445421,-0.3360012036929665,-0.4181284016728466,0.0,0.0,1
2025-10-10 12:07:53.500,SG_002,strain_gauge,SPAN_2,10.327020663818248,-0.5349693114549762,10.311162448845264,-0.4164778291889723,1.193656519170891,-0.5151029216928835,0.0,0.0,1
2025-10-10 12:07:56.500,SG_002,strain_gauge,SPAN_2,10.703948821957068,0.06450756510852867,10.689021618904412,0.6875944536725219,0.4539046982204918,0.06459234420702221,0.0,0.0,1
2025-10-10 12:07:59.500,SG_002,strain_gauge,SPAN_2,10.867945031605675,0.41436455045308873,10.853667969738986,1.3317826134928046,1.3669182125485013,0.42420724975599416,0.0,0.0,1
2025-10-10 12:08:02.500,SG_002,strain_gauge,SPAN_2,11.091230451701213,0.6880038655260494,11.077358843783808,-0.15796147413628206,0.6140241275799404,0.7164216325742329,0.0,0.0,1
2025-10-10 12:08:05.500,SG_002,strain_gauge,SPAN_2,11.172569095431356,0.8522762557958392,11.159016018360267,0.38530894169072105,-0.19664340165441327,0.8964590434163168,0.0,0.0,1
2025-10-10 12:08:08.500,SG_002,strain_gauge,SPAN_2,11.413013493310844,0.6028762600094392,11.398513074062466,1.0006730741176328,1.1444443707803449,0.6244861578484369,0.0,0.0,1
2025-10-10 12:08:11.500,SG_002,strain_gauge,SPAN_2,11.534504452644823,-0.2554729556434314,11.517815167539062,1.1041292946203314,-1.1053107309750796,-0.2505655854299643,0.0,0.0,1
2025-10-10 12:08:14.500,SG_002,strain_gauge,SPAN_2,11.730451147605542,1.0951261555210614,11.716804028180196,1.2609442734650598,1.6261815961395465,1.1689563454231888,0.0,0.0,1
2025-10-10 12:08:17.500,SG_002,strain_gauge,SPAN_2,11.975727371925428,0.22778177836731298,11.959609382470898,-0.10105904372500087,-0.17794791053331613,0.2304665267467838,0.0,0.0,1
2025-10-10 12:08:20.500,SG_002,strain_gauge,SPAN_2,5.093494218249776,52.726795684543056,5.756861205226787,16.954797165017617,-29.482365975163667,230.89163138100014,0.0,0.0,1
2025-10-10 12:08:23.500,SG_002,strain_gauge,SPAN_2,0.41438610716448876,0.8873069771163707,0.4172248877794661,1.2619490218738436,1.1851519317853865,0.9352994212974272,0.0,0.0,0
2025-10-10 12:08:26.500,SG_002,strain_gauge,SPAN_2,0.5915378289790614,0.4080614202311353,0.5921753144269651,0.1728831282419121,0.5880313942024744,0.4175894272049392,0.0,0.0,0
2025-10-10 12:08:29.500,SG_002,strain_gauge,SPAN_2,0.4493682745832638,0.9357647168337564,0.4523398880364283,0.7785358105948665,-0.5988258365617737,0.9892865155514728,0.0,0.0,0
2025-10-10 12:08:32.500,SG_002,strain_gauge,SPAN_2,0.3361023652331916,0.9278873199512553,0.3392514513426267,0.8691605845739847,-0.19637481330611217,0.9804897514787396,0.0,0.0,0
2025-10-10 12:08:35.500,SG_002,strain_gauge,SPAN_2,0.31526891320778805,0.2212629754100345,0.3156740837100178,-0.027352676864172226,-0.6469084042974089,0.22377837785272434,0.0,0.0,0
2025-10-10 12:08:38.500,SG_002,strain_gauge,SPAN_2,0.27181113617573666,0.6731820438600027,0.27404731051622605,-0.39210541407137506,0.3830549954961345,0.7003476358306813,0.0,0.0,0
2025-10-10 12:08:41.500,SG_002,strain_gauge,SPAN_2,0.4060575113400785,0.2422658309425976,0.4063863891858877,-0.07428274456395925,-0.34802570657756776,0.2453463585793512,0.0,0.0,0
2025-10-10 12:08:44.500,SG_002,strain_gauge,SPAN_2,0.13703715554639362,1.3250361721130384,0.14224027165838485,0.6948065529539164,-0.9126431860957229,1.4339054557303401,0.0,0.0,0
2025-10-10 12:08:47.500,SG_002,strain_gauge,SPAN_2,0.0365872504038451,-0.6993048116677927,0.0341528449842133,0.6330028998863434,0.28863066787112984,-0.6659648409338867,0.0,0.0,0
2025-10-10 12:08:50.500,SG_002,strain_gauge,SPAN_2,-0.03451098973034476,-0.7886443003307436,-0.037135971512580655,0.24697359785448358,-1.024315578338201,-0.7465259470173471,0.0,0.0,0
2025-10-10 12:08:53.500,SG_002,strain_gauge,SPAN_2,-0.12800798835312135,0.5619036995671839,-0.12549214649466833,1.0869861940995513,0.4778187922331369,0.5805683018235008,0.0,0.0,0
2025-10-10 12:08:56.500,SG_002,strain_gauge,SPAN_2,-0.21563970866132365,-0.20350488731760508,-0.21591670851045916,1.9607779220957768,-0.9356247524856154,-0.20027408782966122,0.0,0.0,0
2025-10-10 12:08:59.500,SG_002,strain_gauge,SPAN_2,-0.3780338834811654,-0.6246620145369529,-0.37955504712392135,0.49179975279253996,0.09010836415537002,-0.5978712813825757,0.0,0.0,0
2025-10-10 12:09:02.500,SG_002,strain_gauge,SPAN_2,-0.45341444094668015,-0.36521887532905867,-0.45388649639886164,0.07868271089348702,0.10434133568236557,-0.3556326279555838,0.0,0.0,0
2025-10-10 12:09:05.500,SG_002,strain_gauge,SPAN_2,-0.5349751338644627,0.21789398717934033,-0.5330955941476304,-0.39723133013016365,-0.8364731969600107,0.22032400638870495,0.0,0.0,0
2025-10-10 12:09:08.500,SG_002,strain_gauge,SPAN_2,-0.7477982929771377,0.19660088827862182,-0.7456212016466164,0.41756082903145825,-0.09014802276450558,0.19852493918425507,0.0,0.0,0
2025-10-10 12:09:11.500,SG_002,strain_gauge,SPAN_2,-0.6056755674687535,-0.015545179764246601,-0.6045801863111077,0.36615701507893694,-0.17861883048906424,-0.01548579373233238,0.0,0.0,0
2025-10-10 12:09:14.500,SG_002,strain_gauge,SPAN_2,-0.642703741207983,-0.491417889800786,-0.6433203563966049,0.17676574080688115,-0.4174428399281104,-0.474541505635098,0.0,0.0,0
2025-10-10 12:09:17.500,SG_002,strain_gauge,SPAN_2,-0.836836243168732,1.0322665246014708,-0.8309817515620188,0.5350710070277608,-0.29200210783120495,1.0976970605467884,0.0,0.0,0
2025-10-10 12:09:20.500,SG_002,strain_gauge,SPAN_2,-0.7830079390197553,0.4575005459710292,-0.779710126462867,0.5350710070277608,0.17078630852617666,0.46963365151428,0.0,0.0,0
2025-10-10 12:09:23.500,SG_002,strain_gauge,SPAN_2,-0.7180425775872225,-0.1746420339267675,-0.7173596594368754,-0.49411174729526747,-0.34578888732671026,-0.1721927580778966,0.0,0.0,0
2025-10-10 12:09:26.500,SG_002,strain_gauge,SPAN_2,-0.7695042642559673,1.1474830425709448,-0.7632741214793208,1.4138375140279698,-0.14843508347303433,1.2286963617895479,0.0,0.0,0
2025-10-10 12:09:29.500,SG_002,strain_gauge,SPAN_2,-0.7745335569311864,2.36024892579016,-0.76251804577049,2.0691425196715705,1.059452775086052,2.71088922265981,0.0,0.0,0
2025-10-10 12:09:32.500,SG_002,strain_gauge,SPAN_2,-0.6702071936673432,0.21190761268890826,-0.6681089437084481,1.05253544147167,0.28982231343710985,0.2141895060254728,0.0,0.0,0
2025-10-10 12:09:35.500,SG_002,strain_gauge,SPAN_2,-0.8112659385259068,-0.11330327475901135,-0.8101877665277579,0.46280223079186944,-0.4536408165895766,-0.11216000574369714,0.0,0.0,0
2025-10-10 12:09:38.500,SG_002,strain_gauge,SPAN_2,-0.7240762628497001,-0.09638079120043133,-0.7230848808567619,1.0341821266347446,-0.0048864193126555745,-0.09551288671797897,0.0,0.0,0
2025-10-10 12:09:41.500,SG_002,strain_gauge,SPAN_2,-0.8491743183019127,1.49263332912113,-0.8412070596833093,0.1431855912728642,-1.1053772116913316,1.6313180144010613,0.0,0.0,0
2025-10-10 12:09:44.500,SG_002,strain_gauge,SPAN_2,-0.8248841153783931,0.9952103586443031,-0.8192168127329476,1.1600043954948196,0.8635389418980355,1.0559267176024008,0.0,0.0,0
2025-10-10 12:09:47.500,SG_002,strain_gauge,SPAN_2,-0.7204315029684548,-0.6273546440599642,-0.7214085909998098,-0.2642993595790887,0.016714532202548305,-0.600340082728765,0.0,0.0,0
2025-10-10 12:09:50.500,SG_002,strain_gauge,SPAN_2,-0.5182142429345481,-0.013287434531627815,-0.517262399017407,0.5471858939941235,0.15505119354244762,-0.013238597783720782,0.0,0.0,0
2025-10-10 12:09:53.500,SG_002,strain_gauge,SPAN_2,-0.4373337787044769,0.5583426310781008,-0.434264262477747,0.0034613962761033982,0.7541544046077816,0.5767614190222943,0.0,0.0,0
2025-10-10 12:09:56.500,SG_002,strain_gauge,SPAN_2,-0.2287200614957421,0.32673116506206745,-0.2269583512146502,0.43084412169081243,0.36304359928852664,0.3326557828343214,0.0,0.0,0
2025-10-10 12:09:59.500,SG_002,strain_gauge,SPAN_2,-0.1728543407485006,0.658638582961708,-0.16986419372761508,0.10761874962481031,0.5903198334034168,0.6846029082998052,0.0,0.0,0
2025-10-10 12:10:02.500,SG_002,strain_gauge,SPAN_2,-0.05302218631040157,-0.6538867453397825,-0.0551613174910859,-0.4661882821160946,0.057733416561773325,-0.6246169371660003,0.0,0.0,0
2025-10-10 12:10:05.500,SG_002,strain_gauge,SPAN_2,-0.11103831789574438,0.11643339486634885,-0.11029675834319566,0.03388756588071975,-0.4517709903835748,0.1169741955945253,0.0,0.0,0
2025-10-10 12:10:08.500,SG_002,strain_gauge,SPAN_2,-0.13477107706127756,0.714820314378908,-0.13162164790332898,0.8038076700490275,0.5052625097282534,0.745575201891837,0.0,0.0,0
2025-10-10 12:10:11.500,SG_002,strain_gauge,SPAN_2,0.06971476371965822,-0.9160371335126059,0.06650712025695864,-0.6902802664528358,0.317106375878807,-0.8596304391627786,0.0,0.0,0
2025-10-10 12:10:14.500,SG_002,strain_gauge,SPAN_2,0.042630543407813574,-0.42679609666590135,0.04112707661678425,0.30729606306976126,-0.328816550528392,-0.41390794248301993,0.0,0.0,0
2025-10-10 12:10:17.500,SG_002,strain_gauge,SPAN_2,0.2601581850752042,0.6096782091421966,0.2621626462987501,1.614529860355845,-0.37744954358822247,0.631797904868633,0.0,0.0,0
2025-10-10 12:10:20.500,SG_002,strain_gauge,SPAN_2,0.20297760831526704,1.000291215959106,0.2066747566929644,1.8270898191195766,-0.373558307724885,1.0616435265724642,0.0,0.0,0
2025-10-10 12:10:23.500,SG_002,strain_gauge,SPAN_2,0.36531782221108117,0.2868729802456553,0.3658851511572678,0.7643123828534099,0.25838068741423365,0.291341469256908,0.0,0.0,0
2025-10-10 12:10:26.500,SG_002,strain_gauge,SPAN_2,0.34328984700405274,-0.09583103657450796,0.34247649944028397,-0.12535544316413577,-0.9812762140286471,-0.09497146167721018,0.0,0.0,0
2025-10-10 12:10:29.500,SG_002,strain_gauge,SPAN_2,0.31682584830653193,0.5194750989651202,0.31837390479430006,0.1069205232606306,0.3081167517524028,0.5353167005803153,0.0,0.0,0
2025-10-10 12:10:32.500,SG_002,strain_gauge,SPAN_2,0.30772090211779657,2.0338109500324513,0.3157514048568976,2.8823788167555966,0.054257164563387,2.2933726837537067,0.0,0.0,0
2025-10-10 12:10:35.500,SG_002,strain_gauge,SPAN_2,0.2809575083726997,-0.054260702894735065,0.2803984434246534,0.32798149420665934,0.5756326097096301,-0.053918675370238686,0.0,0.0,0
2025-10-10 12:10:38.500,SG_002,strain_gauge,SPAN_2,0.2257105456526211,-0.3265757817568402,0.22426470991099845,-0.4590754503677415,-0.2832059209404167,-0.3188132636808332,0.0,0.0,0
2025-10-10 12:10:41.500,SG_002,strain_gauge,SPAN_2,0.18075455110411698,0.21918986332100904,0.1813830854818235,-0.1967156084669381,-0.049461085011953995,0.22165255275065818,0.0,0.0,0
2025-10-10 12:10:44.500,SG_002,strain_gauge,SPAN_2,0.21145366939797167,-0.2683734604384487,0.2102372842163644,-0.8447005278506357,0.2314579015921688,-0.26299622599275346,0.0,0.0,0
2025-10-10 12:10:47.500,SG_002,strain_gauge,SPAN_2,0.2093855027155383,0.1101538711339101,0.20955412911875368,0.19889345765474292,-0.5622214797643964,0.11062113939308003,0.0,0.0,0
2025-10-10 12:10:50.500,SG_002,strain_gauge,SPAN_2,0.0953972452361089,-1.2921406508732949,0.09095327351034274,-0.23920568981824425,-0.5464752919341203,-1.1814045145742855,0.0,0.0,0
2025-10-10 12:10:53.500,SG_002,strain_gauge,SPAN_2,0.027145378189646928,0.35274873161577835,0.028555239397178234,-0.11563795655099977,-0.67853588929244,0.35973377190545275,0.0,0.0,0
2025-10-10 12:10:56.500,SG_002,strain_gauge,SPAN_2,-0.10400071807244719,0.6712764154712025,-0.10108611072866924,0.33734774367021503,-1.0516551177412332,0.698283060922335,0.0,0.0,0
2025-10-10 12:10:59.500,SG_002,strain_gauge,SPAN_2,-0.2655824928419132,-1.4622436217848924,-0.27002610197889826,-0.9843500486220864,-0.268865543407748,-1.3209762909531784,0.0,0.0,0
2025-10-10 12:11:02.500,SG_002,strain_gauge,SPAN_2,-0.39002167440530405,-1.631786640261526,-0.3948015542875398,-1.313803564084511,-0.024129375726013827,-1.456395201863009,0.0,0.0,0
2025-10-10 12:11:05.500,SG_002,strain_gauge,SPAN_2,-0.4984271701529417,0.5089081743172081,-0.4954466095828564,0.24596974374779712,-0.9786533809219181,0.5240826199906886,0.0,0.0,0
2025-10-10 12:11:08.500,SG_002,strain_gauge,SPAN_2,-0.6937464524471252,1.9999219953529443,-0.6837042231069319,2.139091476261364,-0.1035986513171239,2.250811672386602,0.0,0.0,0
2025-10-10 12:11:11.500,SG_002,strain_gauge,SPAN_2,-0.7318784394229,0.20936821669553862,-0.729679226125073,1.5392088310543712,0.48983434471826653,0.21158866426061118,0.0,0.0,0
2025-10-10 12:11:14.500,SG_002,strain_gauge,SPAN_2,-0.5669777889768074,-1.2165750278704588,-0.5702002785579635,-0.6445268767404619,0.29341655822191387,-1.118211222004456,0.0,0.0,0
2025-10-10 12:11:17.500,SG_002,strain_gauge,SPAN_2,-0.6643781686426724,-0.27357377492858553,-0.6641586850502093,-0.26538794880969824,-0.4417105825994292,-0.26800109640592046,0.0,0.0,0
2025-10-10 12:11:20.500,SG_002,strain_gauge,SPAN_2,-0.5966670409854742,0.12625906181340377,-0.595037626634444,0.09076383795558997,0.44256355178922596,0.1269250695434176,0.0,0.0,0
2025-10-10 12:11:23.500,SG_002,strain_gauge,SPAN_2,-0.7871998975488965,-0.5579839076955402,-0.7878187296597171,0.005049453229288796,-0.6940453800271096,-0.536439199695698,0.0,0.0,0
2025-10-10 12:11:26.500,SG_002,strain_gauge,SPAN_2,-0.9236257192320134,0.17938055549624732,-0.9211993672496345,-0.11765416063432188,0.30910479391265805,0.1809379533550954,0.0,0.0,0
2025-10-10 12:11:29.500,SG_002,strain_gauge,SPAN_2,-0.7588053300170465,-0.49232410744109195,-0.7592331331005739,-0.3709965308903698,-0.1920427799663782,-0.475387985966274,0.0,0.0,0
2025-10-10 12:11:32.500,SG_002,strain_gauge,SPAN_2,-0.6883959850130571,-1.5414501294915683,-0.6924689170067128,-0.7842376572057292,0.2338297138126038,-1.3846997484299395,0.0,0.0,0
2025-10-10 12:11:35.500,SG_002,strain_gauge,SPAN_2,-0.722457922007583,-1.0523909282205817,-0.7249013738979571,-0.7836293082025476,-0.35089899329178126,-0.9783842139887216,0.0,0.0,0
2025-10-10 12:11:38.500,SG_002,strain_gauge,SPAN_2,-0.7572851468901324,-0.9127275713806097,-0.759200711265749,-0.37093258829025516,0.3348200721796417,-0.8567184158926958,0.0,0.0,0
2025-10-10 12:11:41.500,SG_002,strain_gauge,SPAN_2,-0.7382511841251843,-0.33330836281144477,-0.7381289137415716,-0.0594793619109814,0.718265468851644,-0.3252418856834002,0.0,0.0,0
2025-10-10 12:11:44.500,SG_002,strain_gauge,SPAN_2,-0.7830528764568445,-0.17245568980666487,-0.7822496151881226,-0.5687736759494109,-1.2138873941067998,-0.1700612598883052,0.0,0.0,0
2025-10-10 12:11:47.500,SG_002,strain_gauge,SPAN_2,-0.756072255099551,0.41720687420302693,-0.7529898578907298,-0.06399648181553981,0.9962423425455313,0.4271931476260142,0.0,0.0,0
2025-10-10 12:11:50.500,SG_002,strain_gauge,SPAN_2,-0.42297243006424257,-1.255764666480626,-0.42653731628414304,-1.0409998386902621,0.2061793892430271,-1.1510757901847,0.0,0.0,0
2025-10-10 12:11:53.500,SG_002,strain_gauge,SPAN_2,-0.4537983758571849,-1.448833918018572,-0.4579265202557748,-0.09039247900877409,-0.02523292094887943,-1.3101082180350343,0.0,0.0,0
2025-10-10 12:11:56.500,SG_002,strain_gauge,SPAN_2,-0.3840069567602414,-0.09534282866497647,-0.3835974558029924,0.1412988374184479,-0.49114621703412364,-0.09449061832835075,0.0,0.0,0
2025-10-10 12:11:59.500,SG_002,strain_gauge,SPAN_2,-0.30408659390128095,1.3758032337012658,-0.297780932218503,2.593372125922654,0.5524236311726514,1.4933235214872491,0.0,0.0,0
2025-10-10 12:12:02.500,SG_002,strain_gauge,SPAN_2,-0.12667942301395896,0.35587601084409304,-0.1249848616131661,2.4655052588875996,0.1002453739769623,0.3629943584912797,0.0,0.0,0
2025-10-10 12:12:05.500,SG_002,strain_gauge,SPAN_2,-0.16342920241084127,-0.11872297270177337,-0.16348120439528652,0.04612832586758658,-0.2612724131149626,-0.11748374730849886,0.0,0.0,0
2025-10-10 12:12:08.500,SG_002,strain_gauge,SPAN_2,-0.2555574844234268,1.195945288015907,-0.25014187661452886,0.8204984772829914,0.3056425820655519,1.2843059099063108,0.0,0.0,0
2025-10-10 12:12:11.500,SG_002,strain_gauge,SPAN_2,-0.05682182381070127,0.43384706790655003,-0.05494493372155999,0.1250775387867165,1.2001577480025807,0.44469467977752297,0.0,0.0,0
2025-10-10 12:12:14.500,SG_002,strain_gauge,SPAN_2,0.2237085030116663,-1.512343789134624,0.21841279517386464,-1.304086748197951,0.03819312846012836,-1.3613765575877745,0.0,0.0,0
2025-10-10 12:12:17.500,SG_002,strain_gauge,SPAN_2,0.23320701545864092,-0.03564511659295892,0.23279561913362223,0.18231041382376323,-0.5823173883977051,-0.035462990598183336,0.0,0.0,0
2025-10-10 12:12:20.500,SG_002,strain_gauge,SPAN_2,0.36970340800953355,0.7156800835121291,0.3719322623709903,0.6212016893813785,0.5883775858111037,0.7465114282481948,0.0,0.0,0
2025-10-10 12:12:23.500,SG_002,strain_gauge,SPAN_2,0.31494488209335236,0.2768611997010367,0.31556102753506315,0.32405707301853637,-0.8490823376586389,0.28099595468234034,0.0,0.0,0
2025-10-10 12:12:26.500,SG_002,strain_gauge,SPAN_2,0.33643695424045544,-0.3048448324831711,0.33488895575312777,0.409577170613723,0.7743825655750475,-0.2980237394670996,0.0,0.0,0
2025-10-10 12:12:29.500,SG_002,strain_gauge,SPAN_2,0.4026633376452227,0.30068757002901014,0.4032187391278439,0.5892945554999975,-0.2604835512824851,0.3056376678594378,0.0,0.0,0
2025-10-10 12:12:32.500,SG_002,strain_gauge,SPAN_2,0.24043725994131998,0.5030329390069158,0.2420564892174427,-0.43207065702027386,-0.3285817249680715,0.517842640309243,0.0,0.0,0
2025-10-10 12:12:35.500,SG_002,strain_gauge,SPAN_2,0.22803497287246138,0.4322879722742663,0.22939996408485785,-0.8039646200674901,0.07335872430182681,0.4430533733267133,0.0,0.0,0
2025-10-10 12:12:38.500,SG_002,strain_gauge,SPAN_2,0.24382885465396992,-1.1637887150371276,0.2395670804394287,-1.1001805037000079,-0.6411896905631238,-1.0736330359611106,0.0,0.0,0
2025-10-10 12:12:41.500,SG_002,strain_gauge,SPAN_2,0.14020558272558328,-0.5844271350288605,0.13799978130156135,0.41239712870896594,-0.5238580846213499,-0.5608701965199394,0.0,0.0,0
2025-10-10 12:12:44.500,SG_002,strain_gauge,SPAN_2,0.21900099000531867,1.2795848680741457,0.22384801612299476,0.49799346555813606,-0.06777228956848037,1.3809894794290745,0.0,0.0,0
2025-10-10 12:12:47.500,SG_002,strain_gauge,SPAN_2,0.20212814351032804,1.7040664238124474,0.20887378875575763,2.3883730442591236,-1.1070737075450339,1.8855049563723758,0.0,0.0,0
2025-10-10 12:12:50.500,SG_002,strain_gauge,SPAN_2,0.13377294012879185,1.1436404122026889,0.13820448362007431,1.8620223770035589,0.062455509861558275,1.2242999042833116,0.0,0.0,0
2025-10-10 12:12:53.500,SG_002,strain_gauge,SPAN_2,0.10166567984573166,0.08264803109878882,0.10191467643133338,0.5104066022746778,-0.20051151242010853,0.08285281327944702,0.0,0.0,0
2025-10-10 12:12:56.500,SG_002,strain_gauge,SPAN_2,-0.07631530573009554,0.4034550006012106,-0.0745234181667815,0.38618446344612956,-1.3363056669732538,0.41275624906170355,0.0,0.0,0
2025-10-10 12:12:59.500,SG_002,strain_gauge,SPAN_2,-0.29898608118655623,0.38058991606327575,-0.29688567196330434,-0.2881503965726737,-0.5321908531859562,0.3888058816117285,0.0,0.0,0
2025-10-10 12:13:02.500,SG_002,strain_gauge,SPAN_2,-0.21432857948446427,-0.7104046222898351,-0.2164070237977356,-1.1241252188385138,-0.11042980006700168,-0.6760296997250794,0.0,0.0,0
2025-10-10 12:13:05.500,SG_002,strain_gauge,SPAN_2,-0.3924395971070584,-0.9066397962953452,-0.3949055522942217,-1.3634733262661072,-1.9998506729366208,-0.8513582244717146,0.0,0.0,0
2025-10-10 12:13:08.500,SG_002,strain_gauge,SPAN_2,-0.5863163077045189,-1.0730454764015618,-0.5890386271279137,-0.7192753291227357,0.6594430120717694,-0.9961647544829378,0.0,0.0,0
2025-10-10 12:13:11.500,SG_002,strain_gauge,SPAN_2,-0.39059272421243424,0.8561265028060273,-0.3863731304727346,0.8371953210561276,-0.18590184350127364,0.9007203119561448,0.0,0.0,0
2025-10-10 12:13:14.500,SG_002,strain_gauge,SPAN_2,-0.6324532606964249,-0.4810808652502789,-0.6330494071734238,-0.07217286233571622,-0.1500830491069037,-0.4648784370436868,0.0,0.0,0
2025-10-10 12:13:17.500,SG_002,strain_gauge,SPAN_2,-0.8507170808016441,0.04284361076722706,-0.8489633934442143,-0.4785761547983258,-0.24933503116900751,0.04284038653514167,0.0,0.0,0
2025-10-10 12:13:20.500,SG_002,strain_gauge,SPAN_2,-0.9379564771302206,0.12753608193554644,-0.9357114525373035,-0.4785761547983258,0.6548021911627474,0.12821927192663715,0.0,0.0,0
2025-10-10 12:13:23.500,SG_002,strain_gauge,SPAN_2,-0.9094383102532166,-0.2914129809563902,-0.9088680999354738,0.31226391123246566,-0.9331228055297681,-0.28514348775096166,0.0,0.0,0
2025-10-10 12:13:26.500,SG_002,strain_gauge,SPAN_2,-0.965851719477919,-0.9551672198176476,-0.9675834471049697,-0.1865435928117333,0.6301915066147808,-0.893953773916178,0.0,0.0,0
2025-10-10 12:13:29.500,SG_002,strain_gauge,SPAN_2,-0.8266707038262595,-1.6607547396390916,-0.8309105470761052,-0.48912265945769956,0.1895636332561743,-1.4791640299449216,0.0,0.0,0
2025-10-10 12:13:32.500,SG_002,strain_gauge,SPAN_2,-0.7525420150116879,-0.9362355731868347,-0.7545454870495575,-0.7523823928461153,0.6364118802993824,-0.8773722225227344,0.0,0.0,0
2025-10-10 12:13:35.500,SG_002,strain_gauge,SPAN_2,-0.708810021942556,0.1400149041868006,-0.7069270203741531,0.05847170702037214,-0.23945036952075308,0.14087700617839358,0.0,0.0,0
2025-10-10 12:13:38.500,SG_002,strain_gauge,SPAN_2,-0.829208106583519,0.8496398510597937,-0.8241669326228921,1.0989761023475102,-0.2602725356756847,0.8935422940973222,0.0,0.0,0
2025-10-10 12:13:41.500,SG_002,strain_gauge,SPAN_2,-0.7692349494653897,0.8923378786375686,-0.7641266392750007,1.5578735865974516,0.09386145913644983,0.9408903697392074,0.0,0.0,0
2025-10-10 12:13:44.500,SG_002,strain_gauge,SPAN_2,-0.7548122511466134,-0.4417691685962186,-0.7550621591402374,0.6464341995431688,-0.32394391136419404,-0.4280046095437236,0.0,0.0,0
2025-10-10 12:13:47.500,SG_002,strain_gauge,SPAN_2,-0.6867293605486989,-0.26680577189860066,-0.6864466866236292,-0.018743230552308407,-0.5577363865938028,-0.26148677556735334,0.0,0.0,0
2025-10-10 12:13:50.500,SG_002,strain_gauge,SPAN_2,-0.7074467023100015,0.8102910104703018,-0.7028119584854194,1.505858293584402,0.08563788811196023,0.8501152195536051,0.0,0.0,0
2025-10-10 12:13:53.500,SG_002,strain_gauge,SPAN_2,-0.49551635496864443,-0.34511004354433245,-0.4958449790769415,0.06196507459653286,-0.1458851711519486,-0.3364967208358778,0.0,0.0,0
2025-10-10 12:13:56.500,SG_002,strain_gauge,SPAN_2,-0.37237497095555727,0.23030092354128115,-0.37073620189870865,0.06196507459653286,0.7364455010858585,0.23305257476681118,0.0,0.0,0
2025-10-10 12:13:59.500,SG_002,strain_gauge,SPAN_2,-0.21551717159716735,-0.3924225378219581,-0.21647953810641268,-0.17816755934784306,0.3449750955286436,-0.38143754538577684,0.0,0.0,0
2025-10-10 12:14:02.500,SG_002,strain_gauge,SPAN_2,-0.13811199801943824,-1.1106408291810224,-0.14163772018946588,-0.35928586847297916,0.18274182884937298,-1.0283883866813357,0.0,0.0,0
2025-10-10 12:14:05.500,SG_002,strain_gauge,SPAN_2,-0.013726712462901879,-0.44731775837149473,-0.015211540510083615,-0.9982338651412522,-0.4123758895795256,-0.43322112561770554,0.0,0.0,0
2025-10-10 12:14:08.500,SG_002,strain_gauge,SPAN_2,0.1389215092556481,1.013277373513086,0.14279384836094325,0.5992306989764582,0.6436001153207289,1.0762701606083516,0.0,0.0,0
2025-10-10 12:14:11.500,SG_002,strain_gauge,SPAN_2,0.22447330402088997,-0.24073829976799863,0.2233342223927389,-0.4721023019000706,-0.05503831964621006,-0.2363414804898959,0.0,0.0,0
2025-10-10 12:14:14.500,SG_002,strain_gauge,SPAN_2,0.2532200413105592,-1.2397198326845962,0.24870824327631313,-0.7516481708224295,-0.29710622100443196,-1.1376443546702104,0.0,0.0,0
2025-10-10 12:14:17.500,SG_002,strain_gauge,SPAN_2,0.219371953284497,1.1168691322184319,0.22352628481009312,3.354651259630091,-0.8145446564608411,1.1937227241831487,0.0,0.0,0
2025-10-10 12:14:20.500,SG_002,strain_gauge,SPAN_2,0.20337705547915444,-0.7464382260185751,0.2005253443672069,0.6072955153097245,0.06350614421132814,-0.70859457965738,0.0,0.0,0
2025-10-10 12:14:23.500,SG_002,strain_gauge,SPAN_2,0.2970932823433538,-1.3716319132015171,0.2921146332316544,-1.5983309192766018,0.3773820386184916,-1.2470901475087592,0.0,0.0,0
2025-10-10 12:14:26.500,SG_002,strain_gauge,SPAN_2,0.2612899835145387,-0.25684128757304475,0.2600335263088397,-0.5638498721651067,-0.24705188899481584,-0.2518850918595641,0.0,0.0,0
2025-10-10 12:14:29.500,SG_002,strain_gauge,SPAN_2,0.23445128584965064,0.009561766576968918,0.2342040160975132,-0.5207934740092909,-0.1913211697675332,0.00954063557665248,0.0,0.0,0
2025-10-10 12:14:32.500,SG_002,strain_gauge,SPAN_2,0.10559902311458749,0.8632029664965293,0.10891106832387867,0.06970525926768151,-1.0314247228104991,0.9085571616096871,0.0,0.0,0
2025-10-10 12:14:35.500,SG_002,strain_gauge,SPAN_2,0.15054258307383034,0.8990863574909681,0.15391868275941553,0.5622866320951864,0.33980792955488975,0.9483951971912703,0.0,0.0,0
2025-10-10 12:14:38.500,SG_002,strain_gauge,SPAN_2,0.3156620220950392,0.3400002879627286,0.3165176466266983,0.4746401076829133,0.26418472812841426,0.3464548781117005,0.0,0.0,0
2025-10-10 12:14:41.500,SG_002,strain_gauge,SPAN_2,0.3134153125334906,-0.13143514538590878,0.3125226339557918,-0.011788913851097675,-0.9374038334714927,-0.1299560657666364,0.0,0.0,0
2025-10-10 12:14:44.500,SG_002,strain_gauge,SPAN_2,0.20654355579864592,-0.40688429620685884,0.20484648426738672,-0.5858271226847235,-0.19443314875037043,-0.3951170686428813,0.0,0.0,0
2025-10-10 12:14:47.500,SG_002,strain_gauge,SPAN_2,0.09507479869083442,0.15623424536220662,0.09561219248869726,-0.14044500248895458,-0.9802145153172489,0.15735874257325222,0.0,0.0,0
2025-10-10 12:14:50.500,SG_002,strain_gauge,SPAN_2,0.006571586000838472,0.5999119109193619,0.008995278754769504,0.16735969489989347,0.11596669123628135,0.6213014912367132,0.0,0.0,0
2025-10-10 12:14:53.500,SG_002,strain_gauge,SPAN_2,-0.12620298998536253,-0.6077716784317692,-0.12806754299822035,-0.9444952519824699,-0.18758809560824014,-0.5823637606779919,0.0,0.0,0
2025-10-10 12:14:56.500,SG_002,strain_gauge,SPAN_2,-0.18441363112340067,-1.2499885921042222,-0.1883148485423243,-1.2106435811522727,-0.21051390018522184,-1.1462443327556064,0.0,0.0,0
2025-10-10 12:14:59.500,SG_002,strain_gauge,SPAN_2,-0.07588991235277967,-0.671322288660701,-0.0780526933771947,-0.6784634056611343,0.15773238970222184,-0.64052127840747,0.0,0.0,0
2025-10-10 12:15:02.500,SG_002,strain_gauge,SPAN_2,-0.205215158653971,-0.053874685456424334,-0.2049549545405754,-0.6206876892496971,-1.6455036443141173,-0.05353642503140074,0.0,0.0,0
2025-10-10 12:15:05.500,SG_002,strain_gauge,SPAN_2,-0.4284372815557887,1.1613037829330446,-0.422830362717642,0.16391730254340248,-0.6763379347027171,1.244524702918871,0.0,0.0,0
2025-10-10 12:15:08.500,SG_002,strain_gauge,SPAN_2,-0.5305700965205816,0.7476145272482586,-0.5265406942553013,-0.16898017030418638,-0.07448402854702968,0.7813528965638866,0.0,0.0,0
2025-10-10 12:15:11.500,SG_002,strain_gauge,SPAN_2,-0.607759166733503,-0.6205047183919437,-0.6088950912812666,-0.8519074848949552,-0.8305059181234826,-0.59405773915221,0.0,0.0,0
2025-10-10 12:15:14.500,SG_002,strain_gauge,SPAN_2,-0.7610041956226605,-0.3963238986921608,-0.7610767536059311,-0.05534947481549981,-0.08692944020890675,-0.38513052453994073,0.0,0.0,0
2025-10-10 12:15:17.500,SG_002,strain_gauge,SPAN_2,-0.7845757831542147,0.6237874726623484,-0.7805834350365501,0.31089093393421596,-0.25740961998230905,0.6469835643561492,0.0,0.0,0
2025-10-10 12:15:20.500,SG_002,strain_gauge,SPAN_2,-0.8858928253264566,0.06279230732944709,-0.8839979705440195,0.10041291045811561,-0.4080728795827868,0.06286792405359971,0.0,0.0,0
2025-10-10 12:15:23.500,SG_002,strain_gauge,SPAN_2,-0.8329133486138237,-0.41920811126004676,-0.8329495503830436,-0.6189827022970023,-0.8176097779691089,-0.40675311741766057,0.0,0.0,0
2025-10-10 12:15:26.500,SG_002,strain_gauge,SPAN_2,-1.0517597678812702,-0.6477997656132173,-1.0522667918967095,-0.02008893163652877,-1.2099038020969333,-0.6190553369318474,0.0,0.0,0
2025-10-10 12:15:29.500,SG_002,strain_gauge,SPAN_2,-0.9399656193491955,-0.30176146140235444,-0.9393821316539163,-0.20683418957170263,0.6262442798451769,-0.29506903836007375,0.0,0.0,0
2025-10-10 12:15:32.500,SG_002,strain_gauge,SPAN_2,-0.7348627231414827,0.2049747305761603,-0.7326756209858951,-0.5250355960182556,0.6119083775122632,0.20709082258824232,0.0,0.0,0
2025-10-10 12:15:35.500,SG_002,strain_gauge,SPAN_2,-0.6400026586532781,-0.7298117559285903,-0.6414714197563633,-1.0093907309835328,-0.25364353213399615,-0.693589329003512,0.0,0.0,0
2025-10-10 12:15:38.500,SG_002,strain_gauge,SPAN_2,-0.8318254105766768,0.23887739087295287,-0.8293270837580847,0.11396628235152234,-0.4503091988767614,0.24186291737417062,0.0,0.0,0
2025-10-10 12:15:41.500,SG_002,strain_gauge,SPAN_2,-0.706986690375204,0.6825308865728512,-0.7028950233441672,0.5684412191439234,1.392830109903544,0.7104830044384928,0.0,0.0,0
2025-10-10 12:15:44.500,SG_002,strain_gauge,SPAN_2,-0.655787478587705,-0.03666065247081124,-0.6546858726070426,0.2060020414681182,-0.25090258745170546,-0.03647094975626935,0.0,0.0,0
2025-10-10 12:15:47.500,SG_002,strain_gauge,SPAN_2,-0.6506800905542918,0.5594460315193521,-0.6472087325882934,0.33846137335961085,0.4918264825450771,0.5779408113292452,0.0,0.0,0
2025-10-10 12:15:50.500,SG_002,strain_gauge,SPAN_2,-0.5522285897402701,-0.1534265316976038,-0.5517500121661026,-0.6600439124688414,-0.2950084929490886,-0.15148356742090183,0.0,0.0,0
2025-10-10 12:15:53.500,SG_002,strain_gauge,SPAN_2,-0.45522833001625534,-0.45766390488673614,-0.45603184696582627,-1.293341261321446,0.6600591047701131,-0.4429375251798463,0.0,0.0,0
2025-10-10 12:15:56.500,SG_002,strain_gauge,SPAN_2,-0.22088415159922467,-0.3432220060263585,-0.2216609096051957,-0.7811838391114736,0.6304959426220381,-0.3346973683987629,0.0,0.0,0
2025-10-10 12:15:59.500,SG_002,strain_gauge,SPAN_2,-0.1671056920354087,0.17819677668035575,-0.16603039901198413,0.05839054910484752,-0.18829708142862953,0.17973036703425943,0.0,0.0,0
2025-10-10 12:16:02.500,SG_002,strain_gauge,SPAN_2,-0.16882378696500552,-0.8746061634634402,-0.17152871110565468,-0.8502867859151411,-0.2431243969833015,-0.8230747838398433,0.0,0.0,0
2025-10-10 12:16:05.500,SG_002,strain_gauge,SPAN_2,-0.17827021223359926,-0.6576271387408198,-0.18022429159926578,-0.6645726583006893,-0.21027269879865065,-0.6280321320359131,0.0,0.0,0
2025-10-10 12:16:08.500,SG_002,strain_gauge,SPAN_2,-0.1583012857970934,-0.6079585031925927,-0.16011542742774887,-1.21685942789482,0.40030640317994426,-0.5825354902099497,0.0,0.0,0
2025-10-10 12:16:11.500,SG_002,strain_gauge,SPAN_2,0.01363797363923845,0.9348594446650182,0.017419663136317067,0.1946692216877643,0.14990412111850404,0.9882751846806073,0.0,0.0,0
2025-10-10 12:16:14.500,SG_002,strain_gauge,SPAN_2,0.22199138183965259,1.2980693541693529,0.2269119835839585,0.1946692216877643,1.4856126598401378,1.4024777846778074,0.0,0.0,0
2025-10-10 12:16:17.500,SG_002,strain_gauge,SPAN_2,0.4406306268042531,2.205935886603933,0.4491797040042385,0.9677640983092874,-0.7085164026036996,2.511818123345248,0.0,0.0,0
2025-10-10 12:16:20.500,SG_002,strain_gauge,SPAN_2,0.4105920938519393,1.350665422048641,0.4153717155353501,0.6750867445089556,-0.927328260675457,1.4638607573512978,0.0,0.0,0
2025-10-10 12:16:23.500,SG_002,strain_gauge,SPAN_2,0.2407486823704342,-0.024435744263179134,0.24036579892246418,0.13927234886098847,-0.07458969635216871,-0.024328460070692292,0.0,0.0,0
2025-10-10 12:16:26.500,SG_002,strain_gauge,SPAN_2,0.4012360509917771,-1.0182673362621313,0.3972004039925359,-1.0853236864965832,0.5673383651964214,-0.9488889094788969,0.0,0.0,0
2025-10-10 12:16:29.500,SG_002,strain_gauge,SPAN_2,0.33566343662546916,1.0974204729961399,0.33951516552162153,0.22903814567354153,-0.3519282722599471,1.1715668301153555,0.0,0.0,0
2025-10-10 12:16:32.500,SG_002,strain_gauge,SPAN_2,0.22945769761916524,1.4147468395282328,0.23486841070792394,0.6415743383589793,0.5694870501644176,1.5391274250110238,0.0,0.0,0
2025-10-10 12:16:35.500,SG_002,strain_gauge,SPAN_2,0.31260951928077507,-0.17571072060448856,0.31155897796615756,0.5405913103124359,-0.029921519342340816,-0.17323441290852903,0.0,0.0,0
2025-10-10 12:16:38.500,SG_002,strain_gauge,SPAN_2,0.20834983480515934,0.5749471445036177,0.21030966008723206,0.08394165438957676,-0.69586337658381,0.594526004107649,0.0,0.0,0
2025-10-10 12:16:41.500,SG_002,strain_gauge,SPAN_2,0.11663743580415759,1.5104839882915324,0.12269287636160801,0.4781451011863667,0.4506211852683495,1.6525566151469055,0.0,0.0,0
2025-10-10 12:16:44.500,SG_002,strain_gauge,SPAN_2,0.22338523024783893,1.2685328919189083,0.22817634623144717,0.41595689821601506,-0.02520197758519572,1.3681624405240642,0.0,0.0,0
2025-10-10 12:16:47.500,SG_002,strain_gauge,SPAN_2,0.19166205241431156,0.051776184968423296,0.19164311914869048,0.41595689821601506,0.15512042701564588,0.051801952506198824,0.0,0.0,0
2025-10-10 12:16:50.500,SG_002,strain_gauge,SPAN_2,0.17668728665971956,-0.5953982674672681,0.17438659926424788,-0.5401367812703639,-0.19741607422156057,-0.5709801392652032,0.0,0.0,0
2025-10-10 12:16:53.500,SG_002,strain_gauge,SPAN_2,-0.04728909411239966,-0.30205000529140763,-0.04820298931484039,-0.21466917026539376,-0.7098611989106353,-0.29534559295215024,0.0,0.0,0
2025-10-10 12:16:56.500,SG_002,strain_gauge,SPAN_2,0.012275896285301699,-0.04856209177140075,0.01218757509841578,-0.37649581807569943,0.10847229897701809,-0.04827373456388713,0.0,0.0,0
2025-10-10 12:16:59.500,SG_002,strain_gauge,SPAN_2,-0.0840272739909112,1.4443373784650362,-0.07786127585846685,0.6203427122148165,-1.2741857249694912,1.5740606986786825,0.0,0.0,0
2025-10-10 12:17:02.500,SG_002,strain_gauge,SPAN_2,-0.32477506227483727,1.7036748750599486,-0.3169379689132363,0.9517212129464129,-0.05931328691655622,1.8850289326200436,0.0,0.0,0
2025-10-10 12:17:05.500,SG_002,strain_gauge,SPAN_2,-0.4487228237951881,0.3549964083066887,-0.44645425294286245,0.6448696180200995,-1.0686305769974376,0.3620771340975144,0.0,0.0,0
2025-10-10 12:17:08.500,SG_002,strain_gauge,SPAN_2,-0.7493335014786429,0.028244137872892688,-0.7478165787734105,-0.2220295001197805,-1.0949294651885477,0.028215564545855523,0.0,0.0,0
2025-10-10 12:17:11.500,SG_002,strain_gauge,SPAN_2,-0.8074672393738268,-0.5375477631875416,-0.8079786684473027,-0.9437619242608813,0.08185330551890156,-0.5174967219209036,0.0,0.0,0
2025-10-10 12:17:14.500,SG_002,strain_gauge,SPAN_2,-0.7453292539038034,-0.24671473188551918,-0.7448714888682734,-1.1024182711284738,0.12982288294628627,-0.24211418843950133,0.0,0.0,0
2025-10-10 12:17:17.500,SG_002,strain_gauge,SPAN_2,-0.8721377676655319,-0.49810941224681027,-0.8723981936449342,-0.3708089510249973,-0.5536366975755039,-0.48078944406025487,0.0,0.0,0
2025-10-10 12:17:20.500,SG_002,strain_gauge,SPAN_2,-0.8583648430283374,-0.26976388144667307,-0.8578005007421126,0.4629008275983379,0.5653137567167428,-0.2643347303993503,0.0,0.0,0
2025-10-10 12:17:23.500,SG_002,strain_gauge,SPAN_2,-0.6720248715391521,1.2461782538154795,-0.6655514521852978,0.31833957612092434,-0.07717218356964951,1.3422653126800483,0.0,0.0,0
2025-10-10 12:17:26.500,SG_002,strain_gauge,SPAN_2,-0.8009609128357644,-0.36936090428519164,-0.8008665365305013,0.01251911151533312,-0.6138644591930295,-0.35956781070332594,0.0,0.0,0
2025-10-10 12:17:29.500,SG_002,strain_gauge,SPAN_2,-0.9555224324700481,-0.8357888858687395,-0.9568557454920241,-0.43893688496469047,-0.8646166868429463,-0.7886254653642687,0.0,0.0,0
2025-10-10 12:17:32.500,SG_002,strain_gauge,SPAN_2,-0.9557325929628165,-0.5704209903824774,-0.9561177947598342,-0.09101804332737519,-0.12169800753060642,-0.5479410397196719,0.0,0.0,0
2025-10-10 12:17:35.500,SG_002,strain_gauge,SPAN_2,-0.9934700694305724,-0.733089947536483,-0.9943790193165539,-0.7316953966805534,-0.3276289425816796,-0.6965506762083494,0.0,0.0,0
2025-10-10 12:17:38.500,SG_002,strain_gauge,SPAN_2,-0.8580595995337074,-0.5892772614197817,-0.858674631295854,-0.8780088095464024,1.1422906869706213,-0.56534151166588,0.0,0.0,0
2025-10-10 12:17:41.500,SG_002,strain_gauge,SPAN_2,-0.7391168693708449,-0.11435487753547559,-0.7381681333638109,0.2915572404207136,-0.38972234611767936,-0.1131932843939559,0.0,0.0,0
2025-10-10 12:17:44.500,SG_002,strain_gauge,SPAN_2,-0.7287077017825327,-0.2929896846821948,-0.7284515134718482,-0.17523558991463814,0.04368993919760258,-0.28665664058247814,0.0,0.0,0
2025-10-10 12:17:47.500,SG_002,strain_gauge,SPAN_2,-0.6685384446409851,0.12405698909447961,-0.6667900177650687,0.38013272113882923,0.5026955729813214,0.12469385939550143,0.0,0.0,0
2025-10-10 12:17:50.500,SG_002,strain_gauge,SPAN_2,-0.625458745220034,-1.2531387998635872,-0.6287114692356418,0.21459382531351073,0.39772927723231566,-1.148879887327651,0.0,0.0,0
2025-10-10 12:17:53.500,SG_002,strain_gauge,SPAN_2,-0.3214577239548868,-0.2354524658850329,-0.321674992114831,-0.30673488850232655,0.983875409304927,-0.23123201149176684,0.0,0.0,0
2025-10-10 12:17:56.500,SG_002,strain_gauge,SPAN_2,-0.28830697914375303,-0.9036459053727531,-0.2909243047729439,-0.30673488850232655,-0.7838301861510317,-0.8487204061012694,0.0,0.0,0
2025-10-10 12:17:59.500,SG_002,strain_gauge,SPAN_2,-0.24052543516590327,-1.8247679381204778,-0.24608518809644694,-1.4513192800465666,0.5438237857911651,-1.606047755809675,0.0,0.0,0
2025-10-10 12:18:02.500,SG_002,strain_gauge,SPAN_2,-0.11010715778031796,-0.08661837345478669,-0.11013011380843199,-0.19109827340447108,0.05188040441086313,-0.08589261533153665,0.0,0.0,0
2025-10-10 12:18:05.500,SG_002,strain_gauge,SPAN_2,-0.17079813653044085,0.4601336082732204,-0.16861223688798113,-0.05588113741365568,-0.5517456553833495,0.4724142519624355,0.0,0.0,0
2025-10-10 12:18:08.500,SG_002,strain_gauge,SPAN_2,-0.20188380117559596,0.13857392932867582,-0.20090010381891601,-0.05588113741365568,0.18776600419166747,0.13941435155584236,0.0,0.0,0
2025-10-10 12:18:11.500,SG_002,strain_gauge,SPAN_2,0.026914954686798654,0.17380779686279438,0.027636505749468687,-0.19277218335920748,0.8734184859153958,0.17525468723889032,0.0,0.0,0
2025-10-10 12:18:14.500,SG_002,strain_gauge,SPAN_2,0.3124745446765776,-0.7355854841504892,0.3094909209560261,-0.5859234837359425,-0.4249649427889676,-0.6988040895901703,0.0,0.0,0
2025-10-10 12:18:17.500,SG_002,strain_gauge,SPAN_2,0.4053337822454152,-0.6472770582786712,0.4025013514745693,-0.29179020611762907,0.8037104100363288,-0.618577523925447,0.0,0.0,0
2025-10-10 12:18:20.500,SG_002,strain_gauge,SPAN_2,0.3130197928585275,1.2815917860399257,0.31769305171180606,0.6328088363307564,-1.1975215450548864,1.3833204103340104,0.0,0.0,0
2025-10-10 12:18:23.500,SG_002,strain_gauge,SPAN_2,0.2924614450551464,2.382029509553863,0.3021650161239319,1.9866999391762765,0.35879808688093834,2.7392332030652597,0.0,0.0,0
2025-10-10 12:18:26.500,SG_002,strain_gauge,SPAN_2,0.3685755931239504,0.6198012373684357,0.37042577348932876,1.6104511720555605,0.4750387125837443,0.6426906309150692,0.0,0.0,0
2025-10-10 12:18:29.500,SG_002,strain_gauge,SPAN_2,0.3254809745565045,0.145957248890382,0.32558612083530736,-0.2652408361143338,-1.064529915847466,0.14691156873328307,0.0,0.0,0
2025-10-10 12:18:32.500,SG_002,strain_gauge,SPAN_2,0.2892703706351885,-0.3058246325096507,0.28779504956920854,-0.9867818796061457,1.0233993090724383,-0.2989623968096153,0.0,0.0,0
2025-10-10 12:18:35.500,SG_002,strain_gauge,SPAN_2,0.32523757942233195,-1.289184659526522,0.32046913611601585,-1.6805318146295065,-0.4488924587644021,-1.1789462729220308,0.0,0.0,0
2025-10-10 12:18:38.500,SG_002,strain_gauge,SPAN_2,0.15531375326911545,-1.6701509025594776,0.14965074794993957,-1.213873576760126,-1.0810887730394891,-1.4865262615913553,0.0,0.0,0
2025-10-10 12:18:41.500,SG_002,strain_gauge,SPAN_2,0.06037398229652989,-1.293225074773337,0.055977724286574576,-0.679886911028005,0.4072781885965634,-1.1823060548617017,0.0,0.0,0
2025-10-10 12:18:44.500,SG_002,strain_gauge,SPAN_2,0.24574493220498675,0.3947751487176699,0.2469333157821309,1.1927760959308893,0.3101831049242568,0.403656514013024,0.0,0.0,0
2025-10-10 12:18:47.500,SG_002,strain_gauge,SPAN_2,-0.0542650167205068,1.4126790598273,-0.048299031415568724,1.1927760959308893,-1.0472700886790172,1.5366904949921978,0.0,0.0,0
2025-10-10 12:18:50.500,SG_002,strain_gauge,SPAN_2,-0.37353640408401756,0.35493961727918044,-0.3714037386484809,0.25974356110872615,-0.812136492333601,0.3620179174475071,0.0,0.0,0
2025-10-10 12:18:53.500,SG_002,strain_gauge,SPAN_2,-0.39990599845921226,-1.0287864499497659,-0.4027677222090028,-0.9624506023851231,0.22647537275918778,-0.957997209099154,0.0,0.0,0
2025-10-10 12:18:56.500,SG_002,strain_gauge,SPAN_2,-0.23528589052371898,-0.8026220086731086,-0.23764556739960746,-0.6964370892568222,0.6031341326760581,-0.7590375983287665,0.0,0.0,0
2025-10-10 12:18:59.500,SG_002,strain_gauge,SPAN_2,-0.2358441870572796,-0.23085317452628182,-0.2361877340377879,-0.23667257912141837,-0.06262678443415516,-0.22678326208156446,0.0,0.0,0
2025-10-10 12:19:02.500,SG_002,strain_gauge,SPAN_2,-0.3890659313370672,-0.08115405744120299,-0.388594392095744,-0.28074378658464044,-0.9373331842254758,-0.08050252627130562,0.0,0.0,0
2025-10-10 12:19:05.500,SG_002,strain_gauge,SPAN_2,-0.4675519050137798,-1.2222998074884037,-0.4709425961838335,-0.9200975728305653,0.6416794000816266,-1.123024329915013,0.0,0.0,0
2025-10-10 12:19:08.500,SG_002,strain_gauge,SPAN_2,-0.5285855992208168,-0.8482889563745288,-0.5306408944207918,-0.584998998940583,-1.4671671083816453,-0.7997400505577792,0.0,0.0,0
2025-10-10 12:19:11.500,SG_002,strain_gauge,SPAN_2,-0.6030625214519414,0.045711187164238984,-0.6017353587482193,-0.23142749730786763,-0.6426974122617827,0.045716154509687565,0.0,0.0,0
2025-10-10 12:19:14.500,SG_002,strain_gauge,SPAN_2,-0.7255872660983123,0.9136855675308306,-0.7204721889100536,0.06478592699387305,-0.36626924010200546,0.9646506309649642,0.0,0.0,0
2025-10-10 12:19:17.500,SG_002,strain_gauge,SPAN_2,-0.6674509197131147,-1.2320204818028662,-0.6705717498075748,-0.4607395229993797,-0.5118351829660934,-1.131187356066946,0.0,0.0,0
2025-10-10 12:19:20.500,SG_002,strain_gauge,SPAN_2,-0.6138323334398244,-1.6415218593599266,-0.6183207197099053,-1.1096165087273229,0.5908336886366332,-1.4640590602725407,0.0,0.0,0
2025-10-10 12:19:23.500,SG_002,strain_gauge,SPAN_2,-0.6584953243314443,-0.19483621754778624,-0.6579908476850685,-0.39281392490969846,-0.6235159352986657,-0.19185136883584053,0.0,0.0,0
2025-10-10 12:19:26.500,SG_002,strain_gauge,SPAN_2,-0.843060776065244,-0.40450650066358973,-0.8430255998995484,-0.39281392490969846,-0.5415857592545698,-0.3928697307503335,0.0,0.0,0
2025-10-10 12:19:29.500,SG_002,strain_gauge,SPAN_2,-0.9407526102282037,-1.7576378941869732,-0.9451234750077394,-1.0170656316014146,0.21355005532079735,-1.5545318237451944,0.0,0.0,0
2025-10-10 12:19:32.500,SG_002,strain_gauge,SPAN_2,-1.158168792061641,-0.5990519446524225,-1.1583215685185568,-0.7537864471423298,-1.3559691139775776,-0.5743435902894286,0.0,0.0,0
2025-10-10 12:19:35.500,SG_002,strain_gauge,SPAN_2,-0.910597373904888,1.4079736998135801,-0.9028928357913036,0.43589938788375077,2.1387002343479153,1.5311471548157887,0.0,0.0,0
2025-10-10 12:19:38.500,SG_002,strain_gauge,SPAN_2,-0.6457357213434723,0.9201902908223797,-0.6407490017087891,0.2987159051516614,-0.4976201037530911,0.9719020945675441,0.0,0.0,0
2025-10-10 12:19:41.500,SG_002,strain_gauge,SPAN_2,-0.690633384861951,0.4510830547981931,-0.6875335805349354,0.3222572900432958,-0.04264966495945627,0.4628602949383859,0.0,0.0,0
2025-10-10 12:19:44.500,SG_002,strain_gauge,SPAN_2,-0.8344365179306645,-0.5392524440123528,-0.8349095002084423,-0.0024537413854973152,-0.47620184996382653,-0.5190788565794942,0.0,0.0,0
2025-10-10 12:19:47.500,SG_002,strain_gauge,SPAN_2,-0.6653976692263853,0.49300432752646095,-0.6621727974589372,0.1308755228732834,0.31973142597913135,0.5072016657109955,0.0,0.0,0
2025-10-10 12:19:50.500,SG_002,strain_gauge,SPAN_2,-0.5604250997746508,-0.7525080531137626,-0.562100131062651,-0.4589269962192249,0.05897685541305674,-0.7140637120608584,0.0,0.0,0
2025-10-10 12:19:53.500,SG_002,strain_gauge,SPAN_2,-0.5373601347075593,-0.3134645132672041,-0.537502632828891,-0.38976972056300724,0.36284256075890436,-0.3062772483412539,0.0,0.0,0
2025-10-10 12:19:56.500,SG_002,strain_gauge,SPAN_2,-0.5021029751964223,-0.012886487336975073,-0.5011775649330291,-0.011170280373769242,0.027790097590634555,-0.012839455637571023,0.0,0.0,0
2025-10-10 12:19:59.500,SG_002,strain_gauge,SPAN_2,-0.30892299995310274,-0.4994127867516992,-0.3101144501841438,-0.9431479858695794,0.8019052960426717,-0.48200574893516085,0.0,0.0,0
2025-10-10 12:20:02.500,SG_002,strain_gauge,SPAN_2,-0.29651223529170206,-0.28175252211049384,-0.2969408008153904,0.14311829503987855,-0.2170351910512741,-0.27586544235886395,0.0,0.0,0
2025-10-10 12:20:05.500,SG_002,strain_gauge,SPAN_2,-0.1413569300861031,-1.1748256655067415,-0.145083477199827,-0.014104261986696136,0.8125925796716887,-1.0829833252338348,0.0,0.0,0
2025-10-10 12:20:08.500,SG_002,strain_gauge,SPAN_2,0.03423567010133255,-0.843839264551558,0.03132036794316225,-0.4769688703500053,0.03559533683532551,-0.7957858521331252,0.0,0.0,0
2025-10-10 12:20:11.500,SG_002,strain_gauge,SPAN_2,0.06428424160909954,0.4058130490545599,0.06583541485184649,0.1416089366714472,0.34377716625857946,0.415230036243137,0.0,0.0,0
2025-10-10 12:20:14.500,SG_002,strain_gauge,SPAN_2,0.06272013906438878,0.061767546355384846,0.06295723844330241,0.1416089366714472,-0.516777946522169,0.061837869218181005,0.0,0.0,0
2025-10-10 12:20:17.500,SG_002,strain_gauge,SPAN_2,0.16245798840014705,0.0752734629516034,0.16257602524384035,-0.20452934948577214,1.1703808465819883,0.0754243685395842,0.0,0.0,0
2025-10-10 12:20:20.500,SG_002,strain_gauge,SPAN_2,0.16691149231466268,-0.2606758645823741,0.16579518307618085,-0.7172202228980916,-0.8792726592909593,-0.2555815619525762,0.0,0.0,0
2025-10-10 12:20:23.500,SG_002,strain_gauge,SPAN_2,0.05547552723117758,0.20282364710269746,0.056258232129628855,0.29668941659419884,0.5053836928520473,0.2048895488029684,0.0,0.0,0
2025-10-10 12:20:26.500,SG_002,strain_gauge,SPAN_2,0.21910994757735247,1.0739135705983323,0.22308419129921842,1.2806933703037846,0.5881839788767174,1.144852553745311,0.0,0.0,0
2025-10-10 12:20:29.500,SG_002,strain_gauge,SPAN_2,0.33506685371418476,0.838455592477539,0.33785306956022537,0.6903857941005801,-0.07671189254989134,0.8811786610432741,0.0,0.0,0
2025-10-10 12:20:32.500,SG_002,strain_gauge,SPAN_2,0.4021146842625184,-0.459491971988631,0.39992406326664304,-0.7749266308968211,0.45219379857523334,-0.44465289446797834,0.0,0.0,0
2025-10-10 12:20:35.500,SG_002,strain_gauge,SPAN_2,0.5214076809297371,-0.4447366226462966,0.5190794651252284,0.6130443127808193,-0.22243502983488272,-0.43079495776048904,0.0,0.0,0
2025-10-10 12:20:38.500,SG_002,strain_gauge,SPAN_2,0.29444410992018755,0.046067553261382496,0.29423075615587513,0.6130443127808193,-0.44101395812432964,0.04607361229902929,0.0,0.0,0
2025-10-10 12:20:41.500,SG_002,strain_gauge,SPAN_2,0.23400743238917932,-0.006706622988089877,0.23370098372728465,-0.6826807107868402,-0.12982086474274146,-0.006684804358064356,0.0,0.0,0
2025-10-10 12:20:44.500,SG_002,strain_gauge,SPAN_2,0.2566708522874093,0.6076579551729154,0.2586735660946428,1.1227301075633003,-0.5314023695393668,0.6296256157021707,0.0,0.0,0
2025-10-10 12:20:47.500,SG_002,strain_gauge,SPAN_2,0.006846291867494791,1.0129416858949944,0.010968210148378834,1.1227301075633003,-1.1094273607819447,1.075891794875657,0.0,0.0,0
2025-10-10 12:20:50.500,SG_002,strain_gauge,SPAN_2,-0.027088678941261404,-0.63328047804639,-0.02919808689933468,-0.6551710839042038,0.15284880254130753,-0.605770048719067,0.0,0.0,0
2025-10-10 12:20:53.500,SG_002,strain_gauge,SPAN_2,-0.07378073867295486,-0.550955498957085,-0.07553170010323003,0.07326569950130357,-0.7977582174229326,-0.5299305376833813,0.0,0.0,0
2025-10-10 12:20:56.500,SG_002,strain_gauge,SPAN_2,-0.19435597342460723,-0.49649961948312427,-0.1957226118686405,-0.254730103538945,0.0026014856039904117,-0.479286889870912,0.0,0.0,0
2025-10-10 12:20:59.500,SG_002,strain_gauge,SPAN_2,-0.27711993268679447,1.2397182183540734,-0.27147016146326924,0.8755168367461544,-0.33215079736044056,1.334793508849843,0.0,0.0,0
2025-10-10 12:21:02.500,SG_002,strain_gauge,SPAN_2,-0.4598328135687046,-0.20248365506889215,-0.459695086944432,-0.285372917827164,-1.4474198532016747,-0.1992823312815035,0.0,0.0,0
2025-10-10 12:21:05.500,SG_002,strain_gauge,SPAN_2,-0.5393997142279694,0.11726840305747063,-0.537906719835236,-0.611873671332572,0.466896457586857,0.11781936266117397,0.0,0.0,0
2025-10-10 12:21:08.500,SG_002,strain_gauge,SPAN_2,-0.5714649081834181,0.30132805039778704,-0.5691886857181477,-0.20621399106569452,-0.06372792357048576,0.3063010706782675,0.0,0.0,0
2025-10-10 12:21:11.500,SG_002,strain_gauge,SPAN_2,-0.5954937958824482,-0.5648253360229641,-0.5964516102663471,-0.661388719250955,-0.178850199042428,-0.542768622275364,0.0,0.0,0
2025-10-10 12:21:14.500,SG_002,strain_gauge,SPAN_2,-0.6661069483486681,-0.6794590688653827,-0.667356872853016,-0.6880420518733212,0.4098083225227534,-0.6479301348610126,0.0,0.0,0
2025-10-10 12:21:17.500,SG_002,strain_gauge,SPAN_2,-0.7412710690111715,-0.3067270292137752,-0.741044801655937,-0.6526102498422935,-1.352567942788094,-0.29982679212559643,0.0,0.0,0
2025-10-10 12:21:20.500,SG_002,strain_gauge,SPAN_2,-0.9040529321343885,-0.49921158943289556,-0.9042641494380735,-0.8720892003743059,0.008612200060031881,-0.4818180064707496,0.0,0.0,0
2025-10-10 12:21:23.500,SG_002,strain_gauge,SPAN_2,-0.8997381296599131,-0.5735360813278298,-0.9002274112368661,-0.9251257863849859,-0.8403217402421781,-0.5508187750227066,0.0,0.0,0
2025-10-10 12:21:26.500,SG_002,strain_gauge,SPAN_2,-0.9360095167099046,-2.096080548891315,-0.9413858803660426,-1.3667690530782823,0.8235262865616804,-1.8083649318941946,0.0,0.0,0
2025-10-10 12:21:29.500,SG_002,strain_gauge,SPAN_2,-0.7307168262968218,-1.0113572865412253,-0.7330094607215695,-0.4397178342730745,1.0318359429984927,-0.9428979047470193,0.0,0.0,0
2025-10-10 12:21:32.500,SG_002,strain_gauge,SPAN_2,-0.6867222108074116,0.8834602452927209,-0.6818137662110343,0.8921079292960283,-1.391456193282891,0.9310266563005004,0.0,0.0,0
2025-10-10 12:21:35.500,SG_002,strain_gauge,SPAN_2,-0.9233189029713398,1.1545501219459187,-0.9167440777948898,0.8921079292960283,-1.1653942583113626,1.2367869438592198,0.0,0.0,0
2025-10-10 12:21:38.500,SG_002,strain_gauge,SPAN_2,-0.9042162666905149,-0.8572152232370129,-0.9057066709664618,-0.4028866730318619,-0.081655578540139,-0.8076646790313412,0.0,0.0,0
2025-10-10 12:21:41.500,SG_002,strain_gauge,SPAN_2,-0.8565412842508845,0.6027482009178166,-0.8525004010067211,0.7365333474633066,-0.1958786843244904,0.6243485578024377,0.0,0.0,0
2025-10-10 12:21:44.500,SG_002,strain_gauge,SPAN_2,-0.9488365833937318,1.8731575308505641,-0.9388412517865544,0.976921081081565,-1.0591636253041123,2.09291485505048,0.0,0.0,0
2025-10-10 12:21:47.500,SG_002,strain_gauge,SPAN_2,-0.8365016630138121,2.0180517126736324,-0.826050294466084,2.310258885925391,1.2673970663743168,2.2735623913504246,0.0,0.0,0
2025-10-10 12:21:50.500,SG_002,strain_gauge,SPAN_2,-0.5148808287621285,1.2914529971189705,-0.5085243094733888,1.2593065827453538,0.5555825052061811,1.3947812008998584,0.0,0.0,0
2025-10-10 12:21:53.500,SG_002,strain_gauge,SPAN_2,-0.4239963096062931,-0.5806773314785335,-0.42528890420687243,-0.546413887706734,0.6345848618273248,-0.5574111969297292,0.0,0.0,0
2025-10-10 12:21:56.500,SG_002,strain_gauge,SPAN_2,-0.21472308114013477,0.26388148041194914,-0.21323229164279078,-0.45911234032934795,0.4979073529084891,0.2676027082524078,0.0,0.0,0
2025-10-10 12:21:59.500,SG_002,strain_gauge,SPAN_2,-0.19103565186550997,1.5141299406446727,-0.18434054691849877,0.1939868691858455,-0.022885402323523138,1.6568995729985334,0.0,0.0,0
2025-10-10 12:22:02.500,SG_002,strain_gauge,SPAN_2,-0.15785743823818194,0.5295533049008374,-0.15541731052914795,0.23136646118957854,0.9207560432000982,0.5460445517232209,0.0,0.0,0
2025-10-10 12:22:05.500,SG_002,strain_gauge,SPAN_2,-0.017159984000132578,-0.9587603887703204,-0.02037541421948494,-0.5991271835084454,-0.1898265124520812,-0.8970957108232362,0.0,0.0,0
2025-10-10 12:22:08.500,SG_002,strain_gauge,SPAN_2,0.057151623701122485,-0.27277532091885903,0.05617154860909346,-0.5427510498827176,0.11257731168897561,-0.2672328762223262,0.0,0.0,0
2025-10-10 12:22:11.500,SG_002,strain_gauge,SPAN_2,0.0655200609646057,0.4232794658562321,0.06713739446142383,-0.329476990892539,0.5010533261969524,0.43357595598593685,0.0,0.0,0
2025-10-10 12:22:14.500,SG_002,strain_gauge,SPAN_2,0.2184475357026456,1.2427200567898895,0.22313775977170547,-0.21238355767460157,0.20916466867897562,1.338264828289847,0.0,0.0,0
2025-10-10 12:22:17.500,SG_002,strain_gauge,SPAN_2,0.20778264461900028,1.6132199040404174,0.21411036961737337,0.6163988399560341,0.29016110375391757,1.7755857444571899,0.0,0.0,0
2025-10-10 12:22:20.500,SG_002,strain_gauge,SPAN_2,0.1372435655970757,0.1874457070708533,0.13782663146544744,-0.4541786992219487,-0.27287027503933897,0.1891700911818152,0.0,0.0,0
2025-10-10 12:22:23.500,SG_002,strain_gauge,SPAN_2,0.22944562597591106,0.8535287761316659,0.2324879587987438,1.0636873886523999,0.26327952686068634,0.8978450641009874,0.0,0.0,0
2025-10-10 12:22:26.500,SG_002,strain_gauge,SPAN_2,0.43994031234860326,0.24472498060840614,0.4402205274867616,0.5120570367993014,0.2147128508789858,0.24787537734347106,0.0,0.0,0
2025-10-10 12:22:29.500,SG_002,strain_gauge,SPAN_2,0.5674631333626818,-0.9283642851088126,0.5634661973900139,0.006208915901282505,-0.2578195201561341,-0.870464511515139,0.0,0.0,0
2025-10-10 12:22:32.500,SG_002,strain_gauge,SPAN_2,0.542779532375417,-0.4819425721338811,0.5402908501518795,-0.4548617224504372,-0.07744858048693662,-0.4656844858336507,0.0,0.0,0
2025-10-10 12:22:35.500,SG_002,strain_gauge,SPAN_2,0.41306808791503696,0.6542549989930845,0.41497477084426154,0.4794796234943462,-0.29779734481418974,0.6798625687996451,0.0,0.0,0
2025-10-10 12:22:38.500,SG_002,strain_gauge,SPAN_2,0.20877489474426944,0.015904838931328127,0.20859418898802615,0.2521109162650374,-0.727073254655318,0.015876161002067873,0.0,0.0,0
2025-10-10 12:22:41.500,SG_002,strain_gauge,SPAN_2,0.1765964439295157,-0.21785917524538495,0.17561762101859746,-0.5800434474317474,0.504230456184728,-0.21419991394665053,0.0,0.0,0
2025-10-10 12:22:44.500,SG_002,strain_gauge,SPAN_2,0.21845187630084206,-0.0007868842069611354,0.21819331416226825,-0.26449252883257846,-0.46869060055322564,-0.0007846233178857377,0.0,0.0,0
2025-10-10 12:22:47.500,SG_002,strain_gauge,SPAN_2,0.02572787337374592,-0.7238570944613024,0.023227376957963022,-1.142372558876656,-0.1913993730343566,-0.6882066723517375,0.0,0.0,0
2025-10-10 12:22:50.500,SG_002,strain_gauge,SPAN_2,-0.037974787092425216,-0.13076090958874298,-0.03828186168489914,0.7210520838189121,-0.6408680228550806,-0.12929507207896632,0.0,0.0,0
2025-10-10 12:22:53.500,SG_002,strain_gauge,SPAN_2,-0.13436413491477522,0.4561643824112916,-0.13225969954935096,0.846785816771138,0.34295942169067284,0.4682229589837881,0.0,0.0,0
2025-10-10 12:22:56.500,SG_002,strain_gauge,SPAN_2,-0.16904809349976502,-0.06651254228307998,-0.1688965557985158,-0.8079941217523025,-0.2984813267288267,-0.06604101939273789,0.0,0.0,0
2025-10-10 12:22:59.500,SG_002,strain_gauge,SPAN_2,-0.34017710695551806,0.7379540535148728,-0.3365483785339885,2.0238803253873443,-1.348250082934393,0.7707992189396368,0.0,0.0,0
2025-10-10 12:23:02.500,SG_002,strain_gauge,SPAN_2,-0.51347790965451,-0.22024856815652807,-0.5133154739811391,0.13087306354250966,0.4091849655037008,-0.2165154197347756,0.0,0.0,0
2025-10-10 12:23:05.500,SG_002,strain_gauge,SPAN_2,-0.541257242391189,0.19485056138273635,-0.5394572559437373,-1.0779872792233611,0.21179288729825219,0.1967356078326202,0.0,0.0,0
2025-10-10 12:23:08.500,SG_002,strain_gauge,SPAN_2,-0.6582868457835915,0.07919320384488845,-0.6567321927571733,-0.3618214385005788,-0.8070927470835038,0.0793718774240017,0.0,0.0,0
2025-10-10 12:23:11.500,SG_002,strain_gauge,SPAN_2,-0.7097582434711501,-0.8364458691935023,-0.7114864343718783,-0.4816335501009831,0.8518249805410038,-0.789210128886739,0.0,0.0,0
2025-10-10 12:23:14.500,SG_002,strain_gauge,SPAN_2,-0.7424767431925167,-0.2816594166004082,-0.7421548403735749,0.7449666162615662,-0.8874449291566924,-0.27577596422550843,0.0,0.0,0
2025-10-10 12:23:17.500,SG_002,strain_gauge,SPAN_2,-0.7577972814126698,-0.6339086133667573,-0.7587368218511986,-1.1384812268662197,-0.022742841999730402,-0.6063453582437828,0.0,0.0,0
2025-10-10 12:23:20.500,SG_002,strain_gauge,SPAN_2,-0.829595768329862,0.4999075235627311,-0.826035514543309,-0.0023625225713469764,-0.5758828693756269,0.5145249981592851,0.0,0.0,0
2025-10-10 12:23:23.500,SG_002,strain_gauge,SPAN_2,-0.803947474556937,0.7660927589480494,-0.7993147865791203,-0.0023625225713469764,0.8999629209944484,0.801572968131613,0.0,0.0,0
2025-10-10 12:23:26.500,SG_002,strain_gauge,SPAN_2,-0.8563625230140124,0.34879314481512286,-0.8533741472087193,0.028130719690730707,-1.0816758423948292,0.3556113662360345,0.0,0.0,0
2025-10-10 12:23:29.500,SG_002,strain_gauge,SPAN_2,-0.9010047522136414,0.1640992461519069,-0.8986805773184324,0.24972804832092899,0.8397821817017105,0.16536313214255915,0.0,0.0,0
2025-10-10 12:23:32.500,SG_002,strain_gauge,SPAN_2,-0.9588633416250848,1.3741159891760322,-0.9512136082465026,0.8090236870443449,-0.6760512479776019,1.491343449303005,0.0,0.0,0
2025-10-10 12:23:35.500,SG_002,strain_gauge,SPAN_2,-1.0198891601988138,0.8142307991505038,-1.0146266041906642,0.5680794739446751,0.4203828049364338,0.8544543923055086,0.0,0.0,0
2025-10-10 12:23:38.500,SG_002,strain_gauge,SPAN_2,-0.8238594981412002,0.15450622765946714,-0.8217128141528073,-0.511984821904765,0.28025810251410394,0.15560116301602345,0.0,0.0,0
2025-10-10 12:23:41.500,SG_002,strain_gauge,SPAN_2,-0.9302856604550446,-0.005338241991571272,-0.9285795157261705,-0.6228961682844054,-1.2882753313155069,-0.005321343700557734,0.0,0.0,0
2025-10-10 12:23:44.500,SG_002,strain_gauge,SPAN_2,-0.7687093062694587,0.29647627083141415,-0.7660941269104986,-0.2081175130844817,1.8046610960365417,0.3012769590208081,0.0,0.0,0
2025-10-10 12:23:47.500,SG_002,strain_gauge,SPAN_2,-0.606437683267677,-0.29892189688155774,-0.6064103362380944,-0.7898261510254936,-0.5727179104280644,-0.29234689096939925,0.0,0.0,0
2025-10-10 12:23:50.500,SG_002,strain_gauge,SPAN_2,-0.636677052246207,-1.5035168590272308,-0.6407077221732304,-1.0962247819384083,-0.7284751449107187,-1.354281977556585,0.0,0.0,0
2025-10-10 12:23:53.500,SG_002,strain_gauge,SPAN_2,-0.661511373202719,-0.018954875532833846,-0.6603316310824431,-0.004643663651640252,0.3744157339324104,-0.018878318306298974,0.0,0.0,0
2025-10-10 12:23:56.500,SG_002,strain_gauge,SPAN_2,-0.3419935514010555,-0.17242398242135198,-0.34194336919158785,0.6112548142797256,1.2884902996921446,-0.1700303433935313,0.0,0.0,0
2025-10-10 12:23:59.500,SG_002,strain_gauge,SPAN_2,-0.2579871984442895,0.2473545925079214,-0.25648438161475196,0.5288187174746526,-0.6878962592314112,0.25058055976960625,0.0,0.0,0
2025-10-10 12:24:02.500,SG_002,strain_gauge,SPAN_2,-0.1271674083484346,-0.01011508151913309,-0.1268761982068751,0.6058552417784827,1.2842584468256808,-0.010079962677815982,0.0,0.0,0
2025-10-10 12:24:05.500,SG_002,strain_gauge,SPAN_2,0.009149910182848152,0.6976158324446329,0.011963339076762622,0.624067927610268,-0.9788785142565899,0.7268606998154589,0.0,0.0,0
2025-10-10 12:24:08.500,SG_002,strain_gauge,SPAN_2,-0.0024779150212488497,0.6038188727471947,-2.207645246443663e-05,0.6638983545176743,0.27180445385926294,0.6254990640295678,0.0,0.0,0
2025-10-10 12:24:11.500,SG_002,strain_gauge,SPAN_2,0.047927226964689804,0.4222011277720924,0.049571579174533434,0.515211687455278,0.7662957826909693,0.43244218587162236,0.0,0.0,0
2025-10-10 12:24:14.500,SG_002,strain_gauge,SPAN_2,0.24969181070425342,-0.1669052941319398,0.24877616307789985,0.515211687455278,0.5827277261519946,-0.16464734541400775,0.0,0.0,0
2025-10-10 12:24:17.500,SG_002,strain_gauge,SPAN_2,0.24262785155825345,-1.40029073692534,0.23764066286128552,-1.3253085370190218,-1.0624846453269938,-1.2705728598600685,0.0,0.0,0
2025-10-10 12:24:20.500,SG_002,strain_gauge,SPAN_2,0.07213614178544707,-1.4139961405809047,0.06735218561478516,-1.0655647523347698,-0.6389129496699967,-1.2817656705586198,0.0,0.0,0
2025-10-10 12:24:23.500,SG_002,strain_gauge,SPAN_2,0.24919779102354386,0.5984573963907709,0.25117745140701747,1.9571195557822592,0.9254099127345481,0.6197392859463942,0.0,0.0,0
2025-10-10 12:24:26.500,SG_002,strain_gauge,SPAN_2,0.33097668236033057,-0.13938270314649429,0.3300264902705419,-0.0014856593627862083,0.3311684243521554,-0.13774313715363593,0.0,0.0,0
2025-10-10 12:24:29.500,SG_002,strain_gauge,SPAN_2,0.40907002222546385,-0.022086791371167917,0.4084153485635588,0.6313875667191319,0.3077453077504945,-0.02199314778224598,0.0,0.0,0
2025-10-10 12:24:32.500,SG_002,strain_gauge,SPAN_2,0.34990304786307874,0.4113846921738166,0.3509731732616106,1.2634713476227135,0.22232665654602643,0.4210779828483135,0.0,0.0,0
2025-10-10 12:24:35.500,SG_002,strain_gauge,SPAN_2,0.3847385231280609,0.5619949568967874,0.3863325446406119,1.2634713476227135,-0.9107224526745817,0.5806658798641252,0.0,0.0,0
2025-10-10 12:24:38.500,SG_002,strain_gauge,SPAN_2,0.5068441182487688,0.16427765650010634,0.5067104454361341,-0.7413174165445676,1.0649032810821768,0.16554479643891093,0.0,0.0,0
2025-10-10 12:24:41.500,SG_002,strain_gauge,SPAN_2,0.5026490053352113,0.6882063866099679,0.5045294748215521,-0.43967513134782965,-0.060217623932588143,0.7166414581747947,0.0,0.0,0
2025-10-10 12:24:44.500,SG_002,strain_gauge,SPAN_2,0.17958211451496228,-0.4638186647438381,0.17772977460317704,0.3360816354728523,-1.4165786687993966,-0.44871114458158123,0.0,0.0,0
2025-10-10 12:24:47.500,SG_002,strain_gauge,SPAN_2,0.024887697625995846,-0.8585756288917037,0.021937893434524992,-0.4719943149215557,-0.14394088717403358,-0.8088715326533098,0.0,0.0,0
2025-10-10 12:24:50.500,SG_002,strain_gauge,SPAN_2,0.014687226943295434,0.3381259377984938,0.01606218192824802,0.63368391093511,-0.33822751010330837,0.34450429602546184,0.0,0.0,0
2025-10-10 12:24:53.500,SG_002,strain_gauge,SPAN_2,-0.14926011187773588,-7.392090780995841e-05,-0.1488935265556404,0.7338240592528765,-0.7298217472977214,-7.371221486110581e-05,0.0,0.0,0
2025-10-10 12:24:56.500,SG_002,strain_gauge,SPAN_2,-0.2147793820331499,-0.3060800624664265,-0.21543196871062584,-0.3978877478711958,0.4167627162368357,-0.29920708079608027,0.0,0.0,0
2025-10-10 12:24:59.500,SG_002,strain_gauge,SPAN_2,-0.1433069711213182,1.255648592890584,-0.13785298258154574,0.7572315224051157,-0.38969684160046514,1.3532285691564514,0.0,0.0,0
2025-10-10 12:25:02.500,SG_002,strain_gauge,SPAN_2,-0.4168574626005604,0.7354766670988231,-0.4130944992505161,0.10015110351848477,-0.6393735340262616,0.7680947029453462,0.0,0.0,0
2025-10-10 12:25:05.500,SG_002,strain_gauge,SPAN_2,-0.49213648960870526,1.6125448524332866,-0.4843680092231429,1.142246909431676,0.17950355153613073,1.7747729323577859,0.0,0.0,0
2025-10-10 12:25:08.500,SG_002,strain_gauge,SPAN_2,-0.6587758491373576,1.9847459466686896,-0.6488852172952669,1.3578340808022038,-0.5788502637704015,2.2317998883322625,0.0,0.0,0
2025-10-10 12:25:11.500,SG_002,strain_gauge,SPAN_2,-0.7383912517766223,-0.015549059604345664,-0.737063673492219,0.5451310113450036,-0.02458234666690287,-0.015489654881128134,0.0,0.0,0
2025-10-10 12:25:14.500,SG_002,strain_gauge,SPAN_2,-0.6916771172555891,-0.47837675316122086,-0.6921655099620093,-0.5171270589768759,0.4036117163669485,-0.462348366502244,0.0,0.0,0
2025-10-10 12:25:17.500,SG_002,strain_gauge,SPAN_2,-0.8012861744256918,0.9783463894041524,-0.7957398661744437,0.8127705892657116,-0.19277316116878326,1.0369756855890664,0.0,0.0,0
2025-10-10 12:25:20.500,SG_002,strain_gauge,SPAN_2,-0.8032616452877382,1.4896020046333727,-0.7954057107595587,0.6044496224536012,0.5019560825898546,1.6277154238063674,0.0,0.0,0
2025-10-10 12:25:23.500,SG_002,strain_gauge,SPAN_2,-0.8700343804663764,0.6053696009614999,-0.8659567478178799,0.7266356589771225,-0.07414017272112373,0.6271656826650852,0.0,0.0,0
2025-10-10 12:25:26.500,SG_002,strain_gauge,SPAN_2,-0.9676814099773732,0.46301799769943947,-0.9640146809623479,0.160966999917166,-0.3932590363429805,0.4754612828632369,0.0,0.0,0
2025-10-10 12:25:29.500,SG_002,strain_gauge,SPAN_2,-0.9231415374536712,-0.03715117233392092,-0.9215724110644314,-0.5859123049596985,0.7891530168322233,-0.036957762561427986,0.0,0.0,0
2025-10-10 12:25:32.500,SG_002,strain_gauge,SPAN_2,-0.8493909616595654,-0.08272272597658026,-0.8481284737514119,-0.853515663645376,-0.3485362429871592,-0.08205027805573319,0.0,0.0,0
2025-10-10 12:25:35.500,SG_002,strain_gauge,SPAN_2,-0.966059277382238,-0.43195834023533414,-0.9659184206731454,-1.0663016572647568,-0.23481962023540442,-0.4187712776336279,0.0,0.0,0
2025-10-10 12:25:38.500,SG_002,strain_gauge,SPAN_2,-0.8427862590485431,0.6111015093465199,-0.8387364348404954,0.09736825896037894,0.43650177011634195,0.6333286305822032,0.0,0.0,0
2025-10-10 12:25:41.500,SG_002,strain_gauge,SPAN_2,-0.5691501890316158,1.812185745987681,-0.5602831644977075,0.28887411054669465,1.0045262439169902,2.0177030546123045,0.0,0.0,0
2025-10-10 12:25:44.500,SG_002,strain_gauge,SPAN_2,-0.4476946243104005,0.1987373384404527,-0.4460457872769793,0.28887411054669465,-0.3098102499980964,0.20070953081435183,0.0,0.0,0
2025-10-10 12:25:47.500,SG_002,strain_gauge,SPAN_2,-0.6502187065065258,-1.0133832375877476,-0.6526432667294112,-0.70712511722344,-1.0052136985963234,-0.944655036500064,0.0,0.0,0
2025-10-10 12:25:50.500,SG_002,strain_gauge,SPAN_2,-0.7500055565042082,-0.28583325839287327,-0.749686460487217,-0.7470214989106829,0.26751407672589694,-0.2797861013296161,0.0,0.0,0
2025-10-10 12:25:53.500,SG_002,strain_gauge,SPAN_2,-0.636437605256416,0.769028675500497,-0.6321154454382696,0.18791589938341008,0.6988746029659281,0.8047896695932323,0.0,0.0,0
2025-10-10 12:25:56.500,SG_002,strain_gauge,SPAN_2,-0.3660508787230809,0.01801541301010415,-0.36524323081931775,1.0738090998145111,0.21587695433007362,0.01798536830968827,0.0,0.0,0
2025-10-10 12:25:59.500,SG_002,strain_gauge,SPAN_2,-0.21988197504816065,-0.944471054225983,-0.22274070366239518,-0.8639959899493856,0.8024360120636225,-0.8845910353523152,0.0,0.0,0
2025-10-10 12:26:02.500,SG_002,strain_gauge,SPAN_2,-0.14675287199932766,0.27336898158763867,-0.14534512293386934,0.2599859169776912,-0.8268956974089853,0.2773903512274224,0.0,0.0,0
2025-10-10 12:26:05.500,SG_002,strain_gauge,SPAN_2,-0.09958263532772885,0.08978008461374297,-0.09896208400353983,0.2599859169776912,1.1309986089468427,0.09004360758659556,0.0,0.0,0
2025-10-10 12:26:08.500,SG_002,strain_gauge,SPAN_2,0.13450808579342385,-1.028155092068563,0.130838751957799,-0.6498631773681631,-0.5770093833308142,-0.9574509287702772,0.0,0.0,0
2025-10-10 12:26:11.500,SG_002,strain_gauge,SPAN_2,0.14100994484972548,-0.21909364581974697,0.14008509628131632,1.197498905318337,-0.4390995690139777,-0.2153963024697123,0.0,0.0,0
2025-10-10 12:26:14.500,SG_002,strain_gauge,SPAN_2,0.10931996624823254,-0.3073464924374355,0.10813112757006364,0.936263424732128,-0.35430737061945944,-0.30042010828253163,0.0,0.0,0
2025-10-10 12:26:17.500,SG_002,strain_gauge,SPAN_2,0.08456811665748501,1.031805847588224,0.08862133444595456,0.5848471911591986,0.85428995982581,1.0971766962525187,0.0,0.0,0
2025-10-10 12:26:20.500,SG_002,strain_gauge,SPAN_2,0.22288956993314116,1.4756445937615044,0.2285792907893393,0.267254580866879,0.14047412376271914,1.6111428875168152,0.0,0.0,0
2025-10-10 12:26:23.500,SG_002,strain_gauge,SPAN_2,0.3241507066169627,0.3113930051373467,0.32488234118829357,-0.13810975613164173,-0.5403941633860991,0.31673315572345073,0.0,0.0,0
2025-10-10 12:26:26.500,SG_002,strain_gauge,SPAN_2,0.27792455447962094,-0.13730359772665066,0.2770691566421091,-0.4651763792905139,-1.0655148573682676,-0.13570679802791255,0.0,0.0,0
2025-10-10 12:26:29.500,SG_002,strain_gauge,SPAN_2,0.3894268295037666,0.029552455712396335,0.3889935087289666,-0.004223118089352311,1.6252013770938523,0.029525038704346775,0.0,0.0,0
2025-10-10 12:26:32.500,SG_002,strain_gauge,SPAN_2,0.3788282336068758,-0.7287905637928795,0.3757652182653961,-0.9125910245829113,-1.7552990369399954,-0.6926665557237414,0.0,0.0,0
2025-10-10 12:26:35.500,SG_002,strain_gauge,SPAN_2,0.29539023344381177,0.021197629245514892,0.29508359576528875,0.8630444525155212,0.3097102319507517,0.021166604077020847,0.0,0.0,0
2025-10-10 12:26:38.500,SG_002,strain_gauge,SPAN_2,0.2433219371114533,0.2192323434447566,0.2438429167440088,0.12935163209574332,-0.6166445933884532,0.22169610748362428,0.0,0.0,0
2025-10-10 12:26:41.500,SG_002,strain_gauge,SPAN_2,0.2573348310265957,0.2415706458135223,0.25791632933185954,0.06390861663426683,0.19021155053983346,0.2446315625713643,0.0,0.0,0
2025-10-10 12:26:44.500,SG_002,strain_gauge,SPAN_2,0.062487124776208554,0.2745358919910489,0.06353234368902297,0.01022813311195115,-0.769017132010649,0.2785949748427698,0.0,0.0,0
2025-10-10 12:26:47.500,SG_002,strain_gauge,SPAN_2,-0.1306652695212563,1.2502775410483458,-0.12525968696391596,0.09742504714369343,-0.5542830221147221,1.3470094050655148,0.0,0.0,0
2025-10-10 12:26:50.500,SG_002,strain_gauge,SPAN_2,-0.08866482103949078,0.8026411900421199,-0.08523984406071483,0.378484969520507,0.045305442663524875,0.8416956083505972,0.0,0.0,0
2025-10-10 12:26:53.500,SG_002,strain_gauge,SPAN_2,-0.11773369799325438,0.08016372027109883,-0.11711835151061427,-0.2160289566076806,-0.551992668953757,0.08034957353225752,0.0,0.0,0
2025-10-10 12:26:56.500,SG_002,strain_gauge,SPAN_2,-0.16123309873582448,-0.038648820823734824,-0.16099074867058177,0.07399880364736774,0.5742364492129196,-0.03844390173424504,0.0,0.0,0
2025-10-10 12:26:59.500,SG_002,strain_gauge,SPAN_2,-0.30634887178104137,-0.7597434052557365,-0.3084512286051546,-0.7566833152181228,-0.5425098334529221,-0.7205768499206096,0.0,0.0,0
2025-10-10 12:27:02.500,SG_002,strain_gauge,SPAN_2,-0.3749324095127893,-1.3747478407135625,-0.37894504348403807,-1.1440008594243187,-0.37421096687780625,-1.249648407679359,0.0,0.0,0
2025-10-10 12:27:05.500,SG_002,strain_gauge,SPAN_2,-0.3906344895604276,-0.7745660302020586,-0.3926547807676637,-0.9613588830971669,0.4918428512062877,-0.7338989477942287,0.0,0.0,0
2025-10-10 12:27:08.500,SG_002,strain_gauge,SPAN_2,-0.4600125131537943,-0.007324809990760417,-0.45913883869184713,-0.8804281203010719,-0.9008871200426486,-0.007300689755308202,0.0,0.0,0
2025-10-10 12:27:11.500,SG_002,strain_gauge,SPAN_2,-0.5759382649495085,-0.38980363176042115,-0.5762962757786123,0.1395095624928785,-0.03605302297855396,-0.37895742659644294,0.0,0.0,0
2025-10-10 12:27:14.500,SG_002,strain_gauge,SPAN_2,-0.6410964097281243,0.42579982420878987,-0.6381913233832209,1.2425272396035407,0.44292954361119147,0.4362264552427778,0.0,0.0,0
2025-10-10 12:27:17.500,SG_002,strain_gauge,SPAN_2,-0.8310113875969923,-0.35016042729740454,-0.8307948608185312,0.5380655776079282,-0.8931245976218221,-0.3413076299372691,0.0,0.0,0
2025-10-10 12:27:20.500,SG_002,strain_gauge,SPAN_2,-0.7955266874956088,0.5886571193204433,-0.7916608562695769,-0.0757241359728225,0.5196572417859131,0.6092204809604358,0.0,0.0,0
2025-10-10 12:27:23.500,SG_002,strain_gauge,SPAN_2,-0.6261397647169307,0.5295674960656486,-0.6228375984262137,-0.0757241359728225,-0.35826263020290716,0.5460596668423893,0.0,0.0,0
2025-10-10 12:27:26.500,SG_002,strain_gauge,SPAN_2,-0.7230248112141303,-0.9486529697712948,-0.7251169750487885,-1.3220389685432576,-0.8826257160226365,-0.8882533637605005,0.0,0.0,0
2025-10-10 12:27:29.500,SG_002,strain_gauge,SPAN_2,-0.8025348444305113,0.30527990477461864,-0.7998222376379144,-0.2074461157832827,0.413883460973491,0.3103955238201116,0.0,0.0,0
2025-10-10 12:27:32.500,SG_002,strain_gauge,SPAN_2,-0.8391877969142252,-0.10518717221325874,-0.8380297482522807,-0.26520707621007406,0.2920744637622421,-0.1041805535560737,0.0,0.0,0
2025-10-10 12:27:35.500,SG_002,strain_gauge,SPAN_2,-0.7754434419188002,-0.2936741187275323,-0.7751104133305736,-0.5486760248674134,0.5273426967097472,-0.2873133884488414,0.0,0.0,0
2025-10-10 12:27:38.500,SG_002,strain_gauge,SPAN_2,-0.7873566725198434,0.4376115732692516,-0.7841325633694302,-0.0642837763650055,0.3378913755727011,0.4486589721890242,0.0,0.0,0
2025-10-10 12:27:41.500,SG_002,strain_gauge,SPAN_2,-0.7669066921323925,-0.20559324869468665,-0.7662569234647273,-0.9670086366107383,0.10075257580516493,-0.20230175657408955,0.0,0.0,0
2025-10-10 12:27:44.500,SG_002,strain_gauge,SPAN_2,-0.8917061433462208,-0.40226939514360754,-0.8915806645278223,-0.5998441902167149,-0.9431996231877182,-0.39075470175698185,0.0,0.0,0
2025-10-10 12:27:47.500,SG_002,strain_gauge,SPAN_2,-0.8577257895325134,0.11851336302797744,-0.8556610917612091,0.03287633378171517,0.22395950686551663,0.11907963514836617,0.0,0.0,0
2025-10-10 12:27:50.500,SG_002,strain_gauge,SPAN_2,-0.5606295682117245,-0.289278780778742,-0.560643700352955,0.6210928081007696,0.06837544273345403,-0.28309480104792306,0.0,0.0,0
2025-10-10 12:27:53.500,SG_002,strain_gauge,SPAN_2,-0.4682669647151699,-1.4465183349807853,-0.47236673870051643,-1.3680271125567476,0.4246290688672418,-1.3082291874332328,0.0,0.0,0
2025-10-10 12:27:56.500,SG_002,strain_gauge,SPAN_2,-0.44568382080197577,-0.050938316281979916,-0.44500085763881375,-0.6142484905577925,-0.8871050624646782,-0.05062808581973087,0.0,0.0,0
2025-10-10 12:27:59.500,SG_002,strain_gauge,SPAN_2,-0.43902986671268707,0.541232574395905,-0.43602712305497315,-0.19985527956274793,0.813301286701175,0.5584929700693664,0.0,0.0,0
2025-10-10 12:28:02.500,SG_002,strain_gauge,SPAN_2,-0.2627010497272712,-1.091763484112272,-0.26597800293490004,-0.7542617687082103,-0.5467165490788392,-1.0122309484334835,0.0,0.0,0
2025-10-10 12:28:05.500,SG_002,strain_gauge,SPAN_2,-0.1723699996280149,-1.805820762377093,-0.17796974738410193,-1.162415433955064,0.7164193483556025,-1.591566152548108,0.0,0.0,0
2025-10-10 12:28:08.500,SG_002,strain_gauge,SPAN_2,-0.18256207829081234,-0.5297549722357213,-0.18406469782489196,-0.42747595640858294,-0.6562726615510039,-0.510259392409073,0.0,0.0,0
2025-10-10 12:28:11.500,SG_002,strain_gauge,SPAN_2,-0.16052192816320904,-0.499628892912136,-0.16195418484244883,0.2907054176709391,0.24203700587383514,-0.4822073974442787,0.0,0.0,0
2025-10-10 12:28:14.500,SG_002,strain_gauge,SPAN_2,0.07875068524962092,0.5244438770180009,0.08074300195704603,0.2907054176709391,0.4246877785906757,0.5406041397292993,0.0,0.0,0
2025-10-10 12:28:17.500,SG_002,strain_gauge,SPAN_2,0.14200455855022573,-0.3337654016633599,0.14066879815555983,-0.44448491161444353,-0.5067232103142624,-0.32567807962750195,0.0,0.0,0
2025-10-10 12:28:20.500,SG_002,strain_gauge,SPAN_2,0.20860252784886915,-0.5190779474689216,0.20651302979994285,-0.6717038232420834,0.14353393854714916,-0.5003307656734389,0.0,0.0,0
2025-10-10 12:28:23.500,SG_002,strain_gauge,SPAN_2,0.27240718794651786,-0.1689237135152484,0.2714469503260316,0.004137265087798116,-0.31084313021718574,-0.1666165902135396,0.0,0.0,0
2025-10-10 12:28:26.500,SG_002,strain_gauge,SPAN_2,0.4171327556725469,0.2732442285004893,0.41755944682037915,0.3863487914569103,-0.03540738208305617,0.27726157659821943,0.0,0.0,0
2025-10-10 12:28:29.500,SG_002,strain_gauge,SPAN_2,0.4632634559604537,0.3721539214954435,0.4639859838250513,0.669177419811006,0.03026867338556739,0.37998641189447296,0.0,0.0,0
2025-10-10 12:28:32.500,SG_002,strain_gauge,SPAN_2,0.5375595602606638,-0.10715844025476062,0.5363864070434066,0.32053016911364657,-0.42069702892794036,-0.10611940839209028,0.0,0.0,0
2025-10-10 12:28:35.500,SG_002,strain_gauge,SPAN_2,0.40228994587364864,-0.1811118737093536,0.4010735360596064,-1.1644007846159488,-0.4924490165249529,-0.17849670547907193,0.0,0.0,0
2025-10-10 12:28:38.500,SG_002,strain_gauge,SPAN_2,0.39906451551567546,0.6590774280015418,0.401015392011082,-0.1516767661320663,-0.5973940926514002,0.6850776042351888,0.0,0.0,0
2025-10-10 12:28:41.500,SG_002,strain_gauge,SPAN_2,0.39890021605430576,0.22874666548288167,0.3991904795659779,-0.1516767661320663,1.002560507586745,0.23145694291201055,0.0,0.0,0
2025-10-10 12:28:44.500,SG_002,strain_gauge,SPAN_2,0.19349669432353167,0.30136606865857773,0.19441668231469167,0.0836011488651919,-1.4497141251927455,0.30634045124677745,0.0,0.0,0
2025-10-10 12:28:47.500,SG_002,strain_gauge,SPAN_2,-0.14016629603325928,-0.2726290160279719,-0.14082102878934932,-0.4133435239057586,-0.15734462188810427,-0.26709210236755243,0.0,0.0,0
2025-10-10 12:28:50.500,SG_002,strain_gauge,SPAN_2,-0.024372408719035663,0.08244180902726683,-0.023908809730468703,0.19239948295923942,0.622831866110346,0.08264498979067827,0.0,0.0,0
2025-10-10 12:28:53.500,SG_002,strain_gauge,SPAN_2,-0.10286559410342465,-0.3023483345736214,-0.10368924776227394,-0.5811405325323061,-0.9675576431953019,-0.29563151511463975,0.0,0.0,0
2025-10-10 12:28:56.500,SG_002,strain_gauge,SPAN_2,-0.1391645591484995,-1.0533232837373105,-0.14250335347163545,-0.5983008483685089,-0.2770523273692321,-0.9791880149100396,0.0,0.0,0
2025-10-10 12:28:59.500,SG_002,strain_gauge,SPAN_2,-0.2750336069008109,0.01299984140371055,-0.27440205872810836,0.5466269551819383,-0.6740904523066528,0.012973979219455813,0.0,0.0,0
2025-10-10 12:29:02.500,SG_002,strain_gauge,SPAN_2,-0.36525256864986283,0.3378044445504931,-0.3632028558284617,0.47751417105517263,-0.9040141767636674,0.34416977256555387,0.0,0.0,0
2025-10-10 12:29:05.500,SG_002,strain_gauge,SPAN_2,-0.3849723990441594,0.1764080956049358,-0.3835217149178801,0.38505026480844007,-0.03407496166702135,0.17790605400708429,0.0,0.0,0
2025-10-10 12:29:08.500,SG_002,strain_gauge,SPAN_2,-0.47287341053669557,-0.617031831238109,-0.4742152388021702,0.03270865213805707,-0.6521350424270879,-0.5908703146544771,0.0,0.0,0
2025-10-10 12:29:11.500,SG_002,strain_gauge,SPAN_2,-0.6082530211704986,-0.5968523708981216,-0.6093041635941682,-0.5519006546626738,-0.7544564321042441,-0.5723189425996613,0.0,0.0,0
2025-10-10 12:29:14.500,SG_002,strain_gauge,SPAN_2,-0.7487731069401038,0.3584475230967159,-0.7459436588551275,-0.12294149822207205,-1.1800678321611142,0.36567642720099647,0.0,0.0,0
2025-10-10 12:29:17.500,SG_002,strain_gauge,SPAN_2,-0.7667068446176655,-0.7806575309541504,-0.768150218619997,-0.7273329910392018,0.2330761566029244,-0.7393656212643778,0.0,0.0,0
2025-10-10 12:29:20.500,SG_002,strain_gauge,SPAN_2,-0.6867150935247076,-0.7915679604934953,-0.6883244169109105,-0.4666492948483811,-0.48890201224915125,-0.7491450308799721,0.0,0.0,0
2025-10-10 12:29:23.500,SG_002,strain_gauge,SPAN_2,-1.0947476390113147,-0.4610176272221223,-1.0944971883277816,-0.7493748548855061,-0.5602587992246468,-0.4460841669870482,0.0,0.0,0
2025-10-10 12:29:26.500,SG_002,strain_gauge,SPAN_2,-0.9527005803687374,1.5571084160380864,-0.9442103538897405,1.0900889752337546,1.224520938974997,1.7082228717738785,0.0,0.0,0
2025-10-10 12:29:29.500,SG_002,strain_gauge,SPAN_2,-0.8570472634451878,0.018986235586389223,-0.855375842303681,-0.2688493450858032,-0.21420131324654948,0.018955754069147956,0.0,0.0,0
2025-10-10 12:29:32.500,SG_002,strain_gauge,SPAN_2,-0.9344435433703184,-0.6632683482386058,-0.9351993031135134,-0.7121287374701293,0.4634381657819808,-0.6331794871512074,0.0,0.0,0
2025-10-10 12:29:35.500,SG_002,strain_gauge,SPAN_2,-0.8277845231596702,0.14656431049315563,-0.8256623316727428,0.11657607945337711,0.7156974569416263,0.14752830619210455,0.0,0.0,0
2025-10-10 12:29:38.500,SG_002,strain_gauge,SPAN_2,-0.7118431204238765,0.24471030732717342,-0.709539126724603,0.11657607945337711,0.007427521841837731,0.24786028486596753,0.0,0.0,0
2025-10-10 12:29:41.500,SG_002,strain_gauge,SPAN_2,-0.6190357428233167,0.13057643971240251,-0.6173497339775008,-0.9377669701369051,1.1366865259856656,0.13130137952302537,0.0,0.0,0
2025-10-10 12:29:44.500,SG_002,strain_gauge,SPAN_2,-0.5013272681022566,0.3846368244299421,-0.4988445517359471,-0.08272607426083514,-0.5974801929729737,0.393039990479829,0.0,0.0,0
2025-10-10 12:29:47.500,SG_002,strain_gauge,SPAN_2,-0.7105083672978901,-0.5251916522218921,-0.7111351960334265,-0.5094061018008655,-0.24795105019747712,-0.5060177242835091,0.0,0.0,0
2025-10-10 12:29:50.500,SG_002,strain_gauge,SPAN_2,-0.5959210275960497,0.20431596894372067,-0.5939860999207532,0.13085361247184704,-0.023591527507046583,0.20641662729802202,0.0,0.0,0
2025-10-10 12:29:53.500,SG_002,strain_gauge,SPAN_2,-0.4699299007038393,0.8900614427176341,-0.46541389853373694,0.986082535364335,1.0704087585796982,0.938360115647188,0.0,0.0,0
2025-10-10 12:29:56.500,SG_002,strain_gauge,SPAN_2,-0.1878567907262702,0.22139573849398933,-0.18657841742682293,-0.08320855024351258,0.48219441876978714,0.2239145354867598,0.0,0.0,0
